-- MySQL dump 10.13  Distrib 5.1.69, for redhat-linux-gnu (i386)
--
-- Host: localhost    Database: cms
-- ------------------------------------------------------
-- Server version	5.1.69

/*!40101 SET @OLD_CHARACTER_SET_CLIENT=@@CHARACTER_SET_CLIENT */;
/*!40101 SET @OLD_CHARACTER_SET_RESULTS=@@CHARACTER_SET_RESULTS */;
/*!40101 SET @OLD_COLLATION_CONNECTION=@@COLLATION_CONNECTION */;
/*!40101 SET NAMES utf8 */;
/*!40103 SET @OLD_TIME_ZONE=@@TIME_ZONE */;
/*!40103 SET TIME_ZONE='+00:00' */;
/*!40014 SET @OLD_UNIQUE_CHECKS=@@UNIQUE_CHECKS, UNIQUE_CHECKS=0 */;
/*!40014 SET @OLD_FOREIGN_KEY_CHECKS=@@FOREIGN_KEY_CHECKS, FOREIGN_KEY_CHECKS=0 */;
/*!40101 SET @OLD_SQL_MODE=@@SQL_MODE, SQL_MODE='NO_AUTO_VALUE_ON_ZERO' */;
/*!40111 SET @OLD_SQL_NOTES=@@SQL_NOTES, SQL_NOTES=0 */;

--
-- Table structure for table `cms_additional_htmlblob_users`
--

DROP TABLE IF EXISTS `cms_additional_htmlblob_users`;
/*!40101 SET @saved_cs_client     = @@character_set_client */;
/*!40101 SET character_set_client = utf8 */;
CREATE TABLE `cms_additional_htmlblob_users` (
  `additional_htmlblob_users_id` int(11) NOT NULL,
  `user_id` int(11) DEFAULT NULL,
  `htmlblob_id` int(11) DEFAULT NULL,
  PRIMARY KEY (`additional_htmlblob_users_id`)
) ENGINE=MyISAM DEFAULT CHARSET=utf8;
/*!40101 SET character_set_client = @saved_cs_client */;

--
-- Dumping data for table `cms_additional_htmlblob_users`
--

LOCK TABLES `cms_additional_htmlblob_users` WRITE;
/*!40000 ALTER TABLE `cms_additional_htmlblob_users` DISABLE KEYS */;
/*!40000 ALTER TABLE `cms_additional_htmlblob_users` ENABLE KEYS */;
UNLOCK TABLES;

--
-- Table structure for table `cms_additional_htmlblob_users_seq`
--

DROP TABLE IF EXISTS `cms_additional_htmlblob_users_seq`;
/*!40101 SET @saved_cs_client     = @@character_set_client */;
/*!40101 SET character_set_client = utf8 */;
CREATE TABLE `cms_additional_htmlblob_users_seq` (
  `id` int(11) NOT NULL
) ENGINE=MyISAM DEFAULT CHARSET=utf8;
/*!40101 SET character_set_client = @saved_cs_client */;

--
-- Dumping data for table `cms_additional_htmlblob_users_seq`
--

LOCK TABLES `cms_additional_htmlblob_users_seq` WRITE;
/*!40000 ALTER TABLE `cms_additional_htmlblob_users_seq` DISABLE KEYS */;
INSERT INTO `cms_additional_htmlblob_users_seq` VALUES (0);
/*!40000 ALTER TABLE `cms_additional_htmlblob_users_seq` ENABLE KEYS */;
UNLOCK TABLES;

--
-- Table structure for table `cms_additional_users`
--

DROP TABLE IF EXISTS `cms_additional_users`;
/*!40101 SET @saved_cs_client     = @@character_set_client */;
/*!40101 SET character_set_client = utf8 */;
CREATE TABLE `cms_additional_users` (
  `additional_users_id` int(11) NOT NULL,
  `user_id` int(11) DEFAULT NULL,
  `page_id` int(11) DEFAULT NULL,
  `content_id` int(11) DEFAULT NULL,
  PRIMARY KEY (`additional_users_id`)
) ENGINE=MyISAM DEFAULT CHARSET=utf8;
/*!40101 SET character_set_client = @saved_cs_client */;

--
-- Dumping data for table `cms_additional_users`
--

LOCK TABLES `cms_additional_users` WRITE;
/*!40000 ALTER TABLE `cms_additional_users` DISABLE KEYS */;
/*!40000 ALTER TABLE `cms_additional_users` ENABLE KEYS */;
UNLOCK TABLES;

--
-- Table structure for table `cms_additional_users_seq`
--

DROP TABLE IF EXISTS `cms_additional_users_seq`;
/*!40101 SET @saved_cs_client     = @@character_set_client */;
/*!40101 SET character_set_client = utf8 */;
CREATE TABLE `cms_additional_users_seq` (
  `id` int(11) NOT NULL
) ENGINE=MyISAM DEFAULT CHARSET=utf8;
/*!40101 SET character_set_client = @saved_cs_client */;

--
-- Dumping data for table `cms_additional_users_seq`
--

LOCK TABLES `cms_additional_users_seq` WRITE;
/*!40000 ALTER TABLE `cms_additional_users_seq` DISABLE KEYS */;
INSERT INTO `cms_additional_users_seq` VALUES (0);
/*!40000 ALTER TABLE `cms_additional_users_seq` ENABLE KEYS */;
UNLOCK TABLES;

--
-- Table structure for table `cms_admin_bookmarks`
--

DROP TABLE IF EXISTS `cms_admin_bookmarks`;
/*!40101 SET @saved_cs_client     = @@character_set_client */;
/*!40101 SET character_set_client = utf8 */;
CREATE TABLE `cms_admin_bookmarks` (
  `bookmark_id` int(11) NOT NULL,
  `user_id` int(11) DEFAULT NULL,
  `title` varchar(255) DEFAULT NULL,
  `url` varchar(255) DEFAULT NULL,
  PRIMARY KEY (`bookmark_id`),
  KEY `cms_index_admin_bookmarks_by_user_id` (`user_id`)
) ENGINE=MyISAM DEFAULT CHARSET=utf8;
/*!40101 SET character_set_client = @saved_cs_client */;

--
-- Dumping data for table `cms_admin_bookmarks`
--

LOCK TABLES `cms_admin_bookmarks` WRITE;
/*!40000 ALTER TABLE `cms_admin_bookmarks` DISABLE KEYS */;
/*!40000 ALTER TABLE `cms_admin_bookmarks` ENABLE KEYS */;
UNLOCK TABLES;

--
-- Table structure for table `cms_admin_bookmarks_seq`
--

DROP TABLE IF EXISTS `cms_admin_bookmarks_seq`;
/*!40101 SET @saved_cs_client     = @@character_set_client */;
/*!40101 SET character_set_client = utf8 */;
CREATE TABLE `cms_admin_bookmarks_seq` (
  `id` int(11) NOT NULL
) ENGINE=MyISAM DEFAULT CHARSET=utf8;
/*!40101 SET character_set_client = @saved_cs_client */;

--
-- Dumping data for table `cms_admin_bookmarks_seq`
--

LOCK TABLES `cms_admin_bookmarks_seq` WRITE;
/*!40000 ALTER TABLE `cms_admin_bookmarks_seq` DISABLE KEYS */;
INSERT INTO `cms_admin_bookmarks_seq` VALUES (0);
/*!40000 ALTER TABLE `cms_admin_bookmarks_seq` ENABLE KEYS */;
UNLOCK TABLES;

--
-- Table structure for table `cms_admin_recent_pages`
--

DROP TABLE IF EXISTS `cms_admin_recent_pages`;
/*!40101 SET @saved_cs_client     = @@character_set_client */;
/*!40101 SET character_set_client = utf8 */;
CREATE TABLE `cms_admin_recent_pages` (
  `id` int(11) NOT NULL,
  `user_id` int(11) DEFAULT NULL,
  `title` varchar(255) DEFAULT NULL,
  `url` varchar(255) DEFAULT NULL,
  `access_time` datetime DEFAULT NULL,
  PRIMARY KEY (`id`)
) ENGINE=MyISAM DEFAULT CHARSET=utf8;
/*!40101 SET character_set_client = @saved_cs_client */;

--
-- Dumping data for table `cms_admin_recent_pages`
--

LOCK TABLES `cms_admin_recent_pages` WRITE;
/*!40000 ALTER TABLE `cms_admin_recent_pages` DISABLE KEYS */;
/*!40000 ALTER TABLE `cms_admin_recent_pages` ENABLE KEYS */;
UNLOCK TABLES;

--
-- Table structure for table `cms_admin_recent_pages_seq`
--

DROP TABLE IF EXISTS `cms_admin_recent_pages_seq`;
/*!40101 SET @saved_cs_client     = @@character_set_client */;
/*!40101 SET character_set_client = utf8 */;
CREATE TABLE `cms_admin_recent_pages_seq` (
  `id` int(11) NOT NULL
) ENGINE=MyISAM DEFAULT CHARSET=utf8;
/*!40101 SET character_set_client = @saved_cs_client */;

--
-- Dumping data for table `cms_admin_recent_pages_seq`
--

LOCK TABLES `cms_admin_recent_pages_seq` WRITE;
/*!40000 ALTER TABLE `cms_admin_recent_pages_seq` DISABLE KEYS */;
INSERT INTO `cms_admin_recent_pages_seq` VALUES (0);
/*!40000 ALTER TABLE `cms_admin_recent_pages_seq` ENABLE KEYS */;
UNLOCK TABLES;

--
-- Table structure for table `cms_adminlog`
--

DROP TABLE IF EXISTS `cms_adminlog`;
/*!40101 SET @saved_cs_client     = @@character_set_client */;
/*!40101 SET character_set_client = utf8 */;
CREATE TABLE `cms_adminlog` (
  `timestamp` int(11) DEFAULT NULL,
  `user_id` int(11) DEFAULT NULL,
  `username` varchar(25) DEFAULT NULL,
  `item_id` int(11) DEFAULT NULL,
  `item_name` varchar(50) DEFAULT NULL,
  `action` varchar(255) DEFAULT NULL,
  `ip_addr` varchar(40) DEFAULT NULL,
  KEY `cms_index_adminlog1` (`timestamp`)
) ENGINE=MyISAM DEFAULT CHARSET=utf8;
/*!40101 SET character_set_client = @saved_cs_client */;

--
-- Dumping data for table `cms_adminlog`
--

LOCK TABLES `cms_adminlog` WRITE;
/*!40000 ALTER TABLE `cms_adminlog` DISABLE KEYS */;
INSERT INTO `cms_adminlog` VALUES (1380750911,0,'',-1,'CMSMailer','Installed version 5.2.2',''),(1380750911,0,'',-1,'CMSPrinting','Installed version 1.0.5',''),(1380750911,0,'',-1,'FileManager','Installed version 1.4.3',''),(1380750911,0,'',-1,'MenuManager','Installed version 1.8.6',''),(1380750911,0,'',-1,'MicroTiny','Installed version 1.2.5',''),(1380750911,0,'',-1,'ModuleManager','Installed version 1.5.5',''),(1380750911,0,'',-1,'News','Installed version 2.13',''),(1380750911,0,'',-1,'Search','Reindex Operation Started',''),(1380750913,0,'',-1,'Search','Reindex Operation Completed',''),(1380750913,0,'',-1,'Search','Installed version 1.7.11',''),(1380750913,0,'',-1,'ThemeManager','Installed version 1.1.8',''),(1380750919,0,'',-1,'Automated Task Succeeded','PruneAdminlogTask',''),(1380750921,1,'admin',1,'Admin Username: admin','Logged In','192.168.0.77'),(1380750921,1,'admin',-1,'Core','Tested for newer CMSMS Version. None Available.','192.168.0.77'),(1380751642,1,'admin',24,'HTML-template: IAState_Crop_Bio_Engeering','Added','192.168.0.77'),(1380751808,0,'',-1,'(IP: 192.168.0.77) Admin Username: admin','Login Failed',''),(1380751824,0,'',-1,'(IP: 192.168.0.77) Admin Username: admin','Login Failed',''),(1380751853,0,'',-1,'(IP: 192.168.0.77) Admin Username: admin','Login Failed',''),(1380751895,0,'',-1,'(IP: 192.168.0.77) Admin Username: admin','Login Failed',''),(1380751914,0,'',-1,'(IP: 192.168.0.77) Admin Username: admin','Login Failed',''),(1380751939,0,'',-1,'Core','Sent Lost Password Email for admin',''),(1380752099,0,'',-1,'Core','Sent Lost Password Email for admin',''),(1380752549,1,'admin',1,'Admin Username: admin','Logged In','192.168.0.77'),(1380752624,1,'admin',1,'Admin Username: admin','Edited','192.168.0.77'),(1380752749,1,'admin',57,'Content Item: Crop Bio Engineering','Added','192.168.0.77'),(1380752862,1,'admin',24,'Content Item: Default Extensions','Edited','192.168.0.77'),(1380753015,1,'admin',24,'Content Item: Default Extensions','Edited','192.168.0.77'),(1380753156,1,'admin',24,'Stylesheet Association: IAState_Crop_Bio_Engeering','Added','192.168.0.77'),(1380753177,1,'admin',24,'Stylesheet Association: IAState_Crop_Bio_Engeering','Deleted','192.168.0.77'),(1380753200,1,'admin',24,'Stylesheet Association: IAState_Crop_Bio_Engeering','Added','192.168.0.77'),(1380753263,1,'admin',24,'Stylesheet Association: IAState_Crop_Bio_Engeering','Added','192.168.0.77'),(1380753294,1,'admin',24,'Stylesheet Association: IAState_Crop_Bio_Engeering','Added','192.168.0.77'),(1380753300,1,'admin',24,'Stylesheet Association: IAState_Crop_Bio_Engeering','Deleted','192.168.0.77'),(1380753326,1,'admin',24,'Stylesheet Association: IAState_Crop_Bio_Engeering','Added','192.168.0.77'),(1380753357,1,'admin',24,'Stylesheet Association: IAState_Crop_Bio_Engeering','Added','192.168.0.77'),(1380753404,1,'admin',24,'Stylesheet Association: IAState_Crop_Bio_Engeering','Deleted','192.168.0.77'),(1380753411,1,'admin',24,'Stylesheet Association: IAState_Crop_Bio_Engeering','Deleted','192.168.0.77'),(1380753434,1,'admin',24,'HTML-template: IAState_Crop_Bio_Engeering','Edited','192.168.0.77'),(1380753517,1,'admin',24,'Stylesheet Association: IAState_Crop_Bio_Engeering','Deleted','192.168.0.77'),(1380753520,1,'admin',24,'Stylesheet Association: IAState_Crop_Bio_Engeering','Deleted','192.168.0.77'),(1380753766,1,'admin',24,'Stylesheet Association: IAState_Crop_Bio_Engeering','Added','192.168.0.77'),(1380753773,1,'admin',24,'Stylesheet Association: IAState_Crop_Bio_Engeering','Added','192.168.0.77'),(1380753778,1,'admin',24,'Stylesheet Association: IAState_Crop_Bio_Engeering','Added','192.168.0.77'),(1380753872,1,'admin',24,'HTML-template: IAState_Crop_Bio_Engeering','Edited','192.168.0.77'),(1380754521,1,'admin',-1,'Automated Task Succeeded','GatherNotificationsTask','192.168.0.77'),(1380780623,1,'admin',1,'Admin Username: admin','Logged In','192.168.1.200'),(1380818495,1,'admin',1,'Admin Username: admin','Logged In','192.168.0.77'),(1380823400,1,'admin',-1,'Automated Task Succeeded','GatherNotificationsTask','192.168.0.77'),(1380824283,1,'admin',24,'Stylesheet Association: IAState_Crop_Bio_Engeering','Deleted','192.168.0.77'),(1380824287,1,'admin',24,'Stylesheet Association: IAState_Crop_Bio_Engeering','Deleted','192.168.0.77'),(1380824291,1,'admin',24,'Stylesheet Association: IAState_Crop_Bio_Engeering','Deleted','192.168.0.77'),(1380824305,1,'admin',-1,'FileManager','base.css uploaded to /var/www/html/uploads/images','192.168.0.77'),(1380824313,1,'admin',-1,'FileManager','iastate.css uploaded to /var/www/html/uploads/images','192.168.0.77'),(1380824343,1,'admin',24,'Stylesheet Association: IAState_Crop_Bio_Engeering','Added','192.168.0.77'),(1380824352,1,'admin',24,'Stylesheet Association: IAState_Crop_Bio_Engeering','Deleted','192.168.0.77'),(1380824417,1,'admin',54,'Stylesheet: IAState','Added','192.168.0.77'),(1380824469,1,'admin',55,'Stylesheet: IAState Base','Added','192.168.0.77'),(1380824514,1,'admin',24,'HTML-template: IAState_Crop_Bio_Engeering','Edited','192.168.0.77'),(1380824529,1,'admin',24,'Stylesheet Association: IAState_Crop_Bio_Engeering','Added','192.168.0.77'),(1380824535,1,'admin',24,'Stylesheet Association: IAState_Crop_Bio_Engeering','Added','192.168.0.77'),(1380825618,1,'admin',-1,'MenuManager','Edited template IAStateMenu','192.168.0.77'),(1380825774,1,'admin',24,'HTML-template: IAState_Crop_Bio_Engeering','Edited','192.168.0.77'),(1380825965,1,'admin',-1,'MenuManager','Edited template IAStateMenu','192.168.0.77'),(1380826948,1,'admin',-1,'MenuManager','Edited template IAStateMenu','192.168.0.77'),(1380827161,1,'admin',-1,'MenuManager','Edited template IAStateMenu','192.168.0.77'),(1380828289,1,'admin',54,'Stylesheet: IAState','Changed','192.168.0.77'),(1380828437,1,'admin',-1,'Image: sprite.png','Uploaded','192.168.0.77'),(1380828526,1,'admin',24,'HTML-template: IAState_Crop_Bio_Engeering','Edited','192.168.0.77'),(1380828605,1,'admin',-1,'Image: phplogo.png','Uploaded','192.168.0.77'),(1380828640,1,'admin',24,'HTML-template: IAState_Crop_Bio_Engeering','Edited','192.168.0.77'),(1380828682,1,'admin',24,'HTML-template: IAState_Crop_Bio_Engeering','Edited','192.168.0.77'),(1380828714,1,'admin',24,'HTML-template: IAState_Crop_Bio_Engeering','Edited','192.168.0.77'),(1380830640,1,'admin',-1,'Automated Task Succeeded','GatherNotificationsTask','192.168.0.77'),(1380830861,1,'admin',55,'Stylesheet: IAState Base','Changed','192.168.0.77'),(1380830887,1,'admin',55,'Stylesheet: IAState Base','Changed','192.168.0.77'),(1380831034,1,'admin',55,'Stylesheet: IAState Base','Changed','192.168.0.77'),(1380831200,1,'admin',24,'HTML-template: IAState_Crop_Bio_Engeering','Edited','192.168.0.77'),(1380831405,1,'admin',54,'Stylesheet: IAState','Changed','192.168.0.77'),(1380832115,1,'admin',1,'Admin Username: admin','Logged In','192.168.0.77'),(1380832255,1,'admin',54,'Stylesheet: IAState','Changed','192.168.0.77'),(1380832283,1,'admin',54,'Stylesheet: IAState','Changed','192.168.0.77'),(1380833191,1,'admin',54,'Stylesheet: IAState','Changed','192.168.0.77'),(1380833269,1,'admin',54,'Stylesheet: IAState','Changed','192.168.0.77'),(1380833328,1,'admin',24,'HTML-template: IAState_Crop_Bio_Engeering','Edited','192.168.0.77'),(1380833526,1,'admin',54,'Stylesheet: IAState','Changed','192.168.0.77'),(1380833568,1,'admin',54,'Stylesheet: IAState','Changed','192.168.0.77'),(1380833918,1,'admin',54,'Stylesheet: IAState','Changed','192.168.0.77'),(1380833923,1,'admin',54,'Stylesheet: IAState','Changed','192.168.0.77'),(1380834097,1,'admin',54,'Stylesheet: IAState','Changed','192.168.0.77'),(1380834221,1,'admin',54,'Stylesheet: IAState','Changed','192.168.0.77'),(1380834384,1,'admin',-1,'Automated Task Succeeded','GatherNotificationsTask','192.168.0.77'),(1380834384,1,'admin',54,'Stylesheet: IAState','Changed','192.168.0.77'),(1380834453,1,'admin',54,'Stylesheet: IAState','Changed','192.168.0.77'),(1380834506,1,'admin',24,'HTML-template: IAState_Crop_Bio_Engeering','Edited','192.168.0.77'),(1380834732,1,'admin',24,'HTML-template: IAState_Crop_Bio_Engeering','Edited','192.168.0.77'),(1380834781,1,'admin',54,'Stylesheet: IAState','Changed','192.168.0.77'),(1380834958,1,'admin',54,'Stylesheet: IAState','Changed','192.168.0.77'),(1380834988,1,'admin',54,'Stylesheet: IAState','Changed','192.168.0.77'),(1380835006,1,'admin',54,'Stylesheet: IAState','Changed','192.168.0.77'),(1380835047,1,'admin',54,'Stylesheet: IAState','Changed','192.168.0.77'),(1380835072,1,'admin',54,'Stylesheet: IAState','Changed','192.168.0.77'),(1380835337,1,'admin',54,'Stylesheet: IAState','Changed','192.168.0.77'),(1380835403,1,'admin',54,'Stylesheet: IAState','Changed','192.168.0.77'),(1380835442,1,'admin',24,'HTML-template: IAState_Crop_Bio_Engeering','Edited','192.168.0.77'),(1380835589,1,'admin',24,'HTML-template: IAState_Crop_Bio_Engeering','Edited','192.168.0.77'),(1380835707,1,'admin',54,'Stylesheet: IAState','Changed','192.168.0.77'),(1380835740,1,'admin',54,'Stylesheet: IAState','Changed','192.168.0.77'),(1380835776,1,'admin',54,'Stylesheet: IAState','Changed','192.168.0.77'),(1380835807,1,'admin',24,'HTML-template: IAState_Crop_Bio_Engeering','Edited','192.168.0.77'),(1380835850,1,'admin',54,'Stylesheet: IAState','Changed','192.168.0.77'),(1380835937,1,'admin',54,'Stylesheet: IAState','Changed','192.168.0.77'),(1380835945,1,'admin',54,'Stylesheet: IAState','Changed','192.168.0.77'),(1380835956,1,'admin',24,'HTML-template: IAState_Crop_Bio_Engeering','Edited','192.168.0.77'),(1380836054,1,'admin',24,'HTML-template: IAState_Crop_Bio_Engeering','Edited','192.168.0.77'),(1380836338,1,'admin',24,'HTML-template: IAState_Crop_Bio_Engeering','Edited','192.168.0.77'),(1380836454,1,'admin',24,'HTML-template: IAState_Crop_Bio_Engeering','Edited','192.168.0.77'),(1380836521,1,'admin',24,'HTML-template: IAState_Crop_Bio_Engeering','Edited','192.168.0.77'),(1380836969,1,'admin',1,'Admin Username: admin','Logged In','192.168.0.22'),(1380837032,1,'admin',15,'Content Item: Home','Edited','192.168.0.22'),(1380837527,1,'admin',1,'Admin Username: admin','Logged In','192.168.0.236'),(1380837556,1,'admin',28,'Content Item: User Defined Tags (Parent ID: 4.2.2)','Deleted','192.168.0.236'),(1380837556,1,'admin',26,'Content Item: Tags in the core (Parent ID: 4.2.1)','Deleted','192.168.0.236'),(1380837556,1,'admin',25,'Content Item: Tags (Parent ID: 4.2)','Deleted','192.168.0.236'),(1380837556,1,'admin',50,'Content Item: Module Manager (Parent ID: 4.1.6)','Deleted','192.168.0.236'),(1380837556,1,'admin',43,'Content Item: Search (Parent ID: 4.1.5)','Deleted','192.168.0.236'),(1380837556,1,'admin',42,'Content Item: MicroTiny (Parent ID: 4.1.4)','Deleted','192.168.0.236'),(1380837556,1,'admin',41,'Content Item: Theme Manager (Parent ID: 4.1.3)','Deleted','192.168.0.236'),(1380837556,1,'admin',40,'Content Item: Menu Manager (Parent ID: 4.1.2)','Deleted','192.168.0.236'),(1380837556,1,'admin',39,'Content Item: News (Parent ID: 4.1.1)','Deleted','192.168.0.236'),(1380837556,1,'admin',20,'Content Item: Modules (Parent ID: 4.1)','Deleted','192.168.0.236'),(1380837556,1,'admin',24,'Content Item: Default Extensions (Parent ID: 4)','Deleted','192.168.0.236'),(1380837556,1,'admin',56,'Content Item: Welcome to Simplex Theme example (Pa','Deleted','192.168.0.236'),(1380837556,1,'admin',52,'Content Item: ShadowMenu left + 1 column (Parent I','Deleted','192.168.0.236'),(1380837556,1,'admin',51,'Content Item: ShadowMenu Tab + 2 columns (Parent I','Deleted','192.168.0.236'),(1380837556,1,'admin',54,'Content Item: NCleanBlue (Parent ID: 3.7.1)','Deleted','192.168.0.236'),(1380837556,1,'admin',55,'Content Item: Higher End (Parent ID: 3.7)','Deleted','192.168.0.236'),(1380837557,1,'admin',44,'Content Item: Minimal template (Parent ID: 3.6)','Deleted','192.168.0.236'),(1380837557,1,'admin',18,'Content Item: CSSMenu left + 1 column (Parent ID: ','Deleted','192.168.0.236'),(1380837557,1,'admin',16,'Content Item: CSSMenu top + 2 columns (Parent ID: ','Deleted','192.168.0.236'),(1380837557,1,'admin',22,'Content Item: Top simple navigation + left subnavi','Deleted','192.168.0.236'),(1380837557,1,'admin',13,'Content Item: Left simple navigation + 1 column (P','Deleted','192.168.0.236'),(1380837557,1,'admin',49,'Content Item: CMSMS tags in the templates (Parent ','Deleted','192.168.0.236'),(1380837557,1,'admin',19,'Content Item: Default Templates Explained (Parent ','Deleted','192.168.0.236'),(1380837557,1,'admin',47,'Content Item: Where do I get help? (Parent ID: 2.8','Deleted','192.168.0.236'),(1380837557,1,'admin',38,'Content Item: Workflow (Parent ID: 2.7)','Deleted','192.168.0.236'),(1380837557,1,'admin',45,'Content Item: Event Manager (Parent ID: 2.6)','Deleted','192.168.0.236'),(1380837557,1,'admin',46,'Content Item: Extensions (Parent ID: 2.5)','Deleted','192.168.0.236'),(1380837557,1,'admin',30,'Content Item: Menu Manager (Parent ID: 2.4)','Deleted','192.168.0.236'),(1380837557,1,'admin',29,'Content Item: Content (Parent ID: 2.3)','Deleted','192.168.0.236'),(1380837557,1,'admin',37,'Content Item: Pages and navigation (Parent ID: 2.2','Deleted','192.168.0.236'),(1380837557,1,'admin',36,'Content Item: Templates and stylesheets (Parent ID','Deleted','192.168.0.236'),(1380837557,1,'admin',34,'Content Item: How CMSMS Works (Parent ID: 2)','Deleted','192.168.0.236'),(1380837743,1,'admin',55,'Stylesheet: IAState Base','Changed','192.168.0.77'),(1380837755,1,'admin',55,'Stylesheet: IAState Base','Changed','192.168.0.77'),(1380838085,1,'admin',-1,'Automated Task Succeeded','PruneAdminlogTask','192.168.0.77'),(1380838085,1,'admin',-1,'Automated Task Succeeded','GatherNotificationsTask','192.168.0.77'),(1380838086,1,'admin',24,'HTML-template: IAState_Crop_Bio_Engeering','Edited','192.168.0.77'),(1380838829,1,'admin',55,'Stylesheet: IAState Base','Changed','192.168.0.77'),(1380838839,1,'admin',55,'Stylesheet: IAState Base','Changed','192.168.0.77'),(1380839494,1,'admin',55,'Stylesheet: IAState Base','Changed','192.168.0.77'),(1380839552,1,'admin',55,'Stylesheet: IAState Base','Changed','192.168.0.77'),(1380839581,1,'admin',55,'Stylesheet: IAState Base','Changed','192.168.0.77'),(1380839697,1,'admin',55,'Stylesheet: IAState Base','Changed','192.168.0.77'),(1380839731,1,'admin',55,'Stylesheet: IAState Base','Changed','192.168.0.77'),(1380839782,1,'admin',55,'Stylesheet: IAState Base','Changed','192.168.0.77'),(1380839854,1,'admin',58,'Content Item: Leadership','Added','192.168.0.22'),(1380839878,1,'admin',57,'Content Item: Investigators','Edited','192.168.0.22'),(1380839880,1,'admin',57,'Content Item: Investigators','Edited','192.168.0.22'),(1380839910,1,'admin',59,'Content Item: Genome Editing','Added','192.168.0.22'),(1380839920,1,'admin',59,'Content Item: Genome Editing','Edited','192.168.0.22'),(1380839937,1,'admin',60,'Content Item: Upcoming Events','Added','192.168.0.22'),(1380839953,1,'admin',61,'Content Item: Links','Added','192.168.0.22'),(1380839968,1,'admin',62,'Content Item: Contact','Added','192.168.0.22'),(1380840005,1,'admin',63,'Content Item: About','Added','192.168.0.22'),(1380840099,1,'admin',54,'Stylesheet: IAState','Changed','192.168.0.77'),(1380840125,1,'admin',15,'Content Item: Home','Edited','192.168.0.22'),(1380840177,1,'admin',-1,'Image: Home.JPG','Uploaded','192.168.0.22'),(1380840301,1,'admin',15,'Content Item: Home','Edited','192.168.0.22'),(1380840351,1,'admin',54,'Stylesheet: IAState','Changed','192.168.0.77'),(1380840373,1,'admin',54,'Stylesheet: IAState','Changed','192.168.0.77'),(1380840396,1,'admin',54,'Stylesheet: IAState','Changed','192.168.0.77'),(1380840438,1,'admin',-1,'Image: Home.JPG','Uploaded','192.168.0.22'),(1380840490,1,'admin',15,'Content Item: Home','Edited','192.168.0.22'),(1380840507,1,'admin',15,'Content Item: Home','Edited','192.168.0.22'),(1380841032,1,'admin',55,'Stylesheet: IAState Base','Changed','192.168.0.77'),(1380841173,1,'admin',24,'HTML-template: IAState_Crop_Bio_Engeering','Edited','192.168.0.77'),(1380841194,1,'admin',-1,'Image: favicon.ico','Uploaded','192.168.0.22'),(1380841385,1,'admin',55,'Stylesheet: IAState Base','Changed','192.168.0.77'),(1380841438,1,'admin',55,'Stylesheet: IAState Base','Changed','192.168.0.77'),(1380841478,1,'admin',55,'Stylesheet: IAState Base','Changed','192.168.0.77'),(1380841506,1,'admin',55,'Stylesheet: IAState Base','Changed','192.168.0.77'),(1380841546,1,'admin',55,'Stylesheet: IAState Base','Changed','192.168.0.77'),(1380841672,1,'admin',55,'Stylesheet: IAState Base','Changed','192.168.0.77'),(1380841738,1,'admin',-1,'Automated Task Succeeded','GatherNotificationsTask','192.168.0.77'),(1380841738,1,'admin',55,'Stylesheet: IAState Base','Changed','192.168.0.77'),(1380865566,0,'',-1,'(IP: 63.153.244.73) Admin Username: admin','Login Failed',''),(1380865575,1,'admin',1,'Admin Username: admin','Logged In','63.153.244.73'),(1380865576,1,'admin',-1,'Core','Tested for newer CMSMS Version. None Available.','63.153.244.73'),(1380865746,1,'admin',-1,'Global Settings','Edited','63.153.244.73'),(1380903818,0,'',-1,'(IP: 192.168.0.77) Admin Username: admin','Login Failed',''),(1380903829,1,'admin',1,'Admin Username: admin','Logged In','192.168.0.77'),(1380904103,1,'admin',-1,'MenuManager','Edited template FooterMenu','192.168.0.77'),(1380904505,1,'admin',-1,'MenuManager','Edited template FooterMenu','192.168.0.77'),(1380904543,1,'admin',24,'HTML-template: IAState_Crop_Bio_Engeering','Edited','192.168.0.77'),(1380904547,1,'admin',-1,'Error: Unable to load template module_db_tpl \'Menu','has occured','63.153.244.73'),(1380904559,1,'admin',-1,'Error: Unable to load template module_db_tpl \'Menu','has occured','63.153.244.73'),(1380904565,1,'admin',-1,'MenuManager','Edited template IAStateFooterMenu','192.168.0.77'),(1380904698,1,'admin',55,'Stylesheet: IAState Base','Changed','192.168.0.77'),(1380904769,1,'admin',55,'Stylesheet: IAState Base','Changed','192.168.0.77'),(1380904846,1,'admin',55,'Stylesheet: IAState Base','Changed','192.168.0.77'),(1380904903,1,'admin',55,'Stylesheet: IAState Base','Changed','192.168.0.77'),(1380905102,1,'admin',55,'Stylesheet: IAState Base','Changed','192.168.0.77'),(1380905129,1,'admin',55,'Stylesheet: IAState Base','Changed','192.168.0.77'),(1380905251,1,'admin',24,'HTML-template: IAState_Crop_Bio_Engeering','Edited','192.168.0.77'),(1380905379,1,'admin',24,'HTML-template: IAState_Crop_Bio_Engeering','Edited','192.168.0.77'),(1380906295,1,'admin',24,'HTML-template: IAState_Crop_Bio_Engeering','Edited','192.168.0.77'),(1380906318,1,'admin',-1,'MenuManager','Edited template IAStateFooterMenu','192.168.0.77'),(1380906535,1,'admin',24,'HTML-template: IAState_Crop_Bio_Engeering','Edited','192.168.0.77'),(1380906586,1,'admin',24,'HTML-template: IAState_Crop_Bio_Engeering','Edited','192.168.0.77'),(1380906654,1,'admin',54,'Stylesheet: IAState','Changed','192.168.0.77'),(1380906695,1,'admin',54,'Stylesheet: IAState','Changed','192.168.0.77'),(1380907379,1,'admin',54,'Stylesheet: IAState','Changed','192.168.0.77'),(1380907737,1,'admin',54,'Stylesheet: IAState','Changed','192.168.0.77'),(1380907845,1,'admin',1,'Admin Username: admin','Logged In','192.168.0.240'),(1380908136,1,'admin',54,'Stylesheet: IAState','Changed','192.168.0.77'),(1380908235,1,'admin',54,'Stylesheet: IAState','Changed','192.168.0.77'),(1380908404,1,'admin',54,'Stylesheet: IAState','Changed','192.168.0.77'),(1380908453,1,'admin',54,'Stylesheet: IAState','Changed','192.168.0.77'),(1380908616,1,'admin',54,'Stylesheet: IAState','Changed','192.168.0.77'),(1380908677,1,'admin',54,'Stylesheet: IAState','Changed','192.168.0.77'),(1380908926,1,'admin',54,'Stylesheet: IAState','Changed','192.168.0.77'),(1380909009,1,'admin',54,'Stylesheet: IAState','Changed','192.168.0.77'),(1380909092,1,'admin',54,'Stylesheet: IAState','Changed','192.168.0.77'),(1380909365,1,'admin',54,'Stylesheet: IAState','Changed','192.168.0.77'),(1380909375,1,'admin',54,'Stylesheet: IAState','Changed','192.168.0.77'),(1380909382,1,'admin',54,'Stylesheet: IAState','Changed','192.168.0.77'),(1380909420,1,'admin',54,'Stylesheet: IAState','Changed','192.168.0.77'),(1380909538,1,'admin',54,'Stylesheet: IAState','Changed','192.168.0.77'),(1380909560,1,'admin',54,'Stylesheet: IAState','Changed','192.168.0.77'),(1380909611,1,'admin',54,'Stylesheet: IAState','Changed','192.168.0.77'),(1380909674,1,'admin',1,'Admin Username: admin','Logged In','192.168.0.236'),(1380909685,1,'admin',-1,'Automated Task Succeeded','GatherNotificationsTask','192.168.0.236'),(1380910136,1,'admin',-1,'Image: backgroundphoto.jpg','Uploaded','192.168.0.77'),(1380910293,1,'admin',-1,'Image: CBClogo.png','Uploaded','192.168.0.236'),(1380910459,1,'admin',15,'Content Item: Home','Edited','192.168.0.236'),(1380910608,1,'admin',24,'HTML-template: IAState_Crop_Bio_Engeering','Edited','192.168.0.77'),(1380910656,1,'admin',15,'Content Item: Home','Edited','192.168.0.236'),(1380910915,1,'admin',54,'Stylesheet: IAState','Changed','192.168.0.77'),(1380911010,1,'admin',54,'Stylesheet: IAState','Changed','192.168.0.77'),(1380911012,1,'admin',54,'Stylesheet: IAState','Changed','192.168.0.77'),(1380911077,1,'admin',15,'Content Item: Home','Edited','192.168.0.236'),(1380911090,1,'admin',55,'Stylesheet: IAState Base','Changed','192.168.0.77'),(1380911262,1,'admin',15,'Content Item: Home','Edited','192.168.0.236'),(1380911313,1,'admin',15,'Content Item: Home','Edited','192.168.0.236'),(1380911315,1,'admin',15,'Content Item: Home','Edited','192.168.0.236'),(1380911857,1,'admin',15,'Content Item: Home','Edited','192.168.0.236'),(1380911959,1,'admin',15,'Content Item: Home','Edited','192.168.0.236'),(1380911963,1,'admin',15,'Content Item: Home','Edited','192.168.0.236'),(1380911991,1,'admin',15,'Content Item: Home','Edited','192.168.0.236'),(1380911993,1,'admin',15,'Content Item: Home','Edited','192.168.0.236'),(1380912195,1,'admin',54,'Stylesheet: IAState','Changed','192.168.0.77'),(1380912416,1,'admin',15,'Content Item: Home','Edited','192.168.0.236'),(1380912467,1,'admin',15,'Content Item: Home','Edited','192.168.0.236'),(1380912664,1,'admin',15,'Content Item: Home','Edited','192.168.0.236'),(1380912671,1,'admin',15,'Content Item: Home','Edited','192.168.0.236'),(1380912705,1,'admin',15,'Content Item: Home','Edited','192.168.0.236'),(1380912734,1,'admin',15,'Content Item: Home','Edited','192.168.0.236'),(1380912890,1,'admin',15,'Content Item: Home','Edited','192.168.0.236'),(1380912900,1,'admin',-1,'Showtime Slideshow','Module version 3.3 installed.','192.168.0.240'),(1380912900,1,'admin',-1,'Showtime','Installed version 3.3','192.168.0.240'),(1380912940,1,'admin',15,'Content Item: Home','Edited','192.168.0.236'),(1380913134,1,'admin',15,'Content Item: Home','Edited','192.168.0.240'),(1380913164,1,'admin',-1,'Module','Expanded module: TinyMCE version 2.9.12','192.168.0.77'),(1380913164,1,'admin',-1,'Core','Expanded XML Package TinyMCE-2.9.12.xml','192.168.0.77'),(1380913205,1,'admin',-1,'TinyMCE WYSIWYG','Module version 2.9.12 installed.','192.168.0.77'),(1380913205,1,'admin',-1,'TinyMCE','Installed version 2.9.12','192.168.0.77'),(1380913239,1,'admin',15,'Content Item: Home','Edited','192.168.0.240'),(1380913304,1,'admin',-1,'Automated Task Succeeded','GatherNotificationsTask','192.168.0.77'),(1380913385,1,'admin',-1,'Module','Uninstalled module MicroTiny','192.168.0.77'),(1380913465,1,'admin',15,'Content Item: Home','Edited','192.168.0.240'),(1380913526,1,'admin',1,'Admin Username: admin','Edited','192.168.0.77'),(1380913606,1,'admin',15,'Content Item: Home','Edited','192.168.0.240'),(1380913667,1,'admin',15,'Content Item: Home','Edited','192.168.0.240'),(1380913745,1,'admin',15,'Content Item: Home','Edited','192.168.0.240'),(1380913781,1,'admin',15,'Content Item: Home','Edited','192.168.0.240'),(1380913897,1,'admin',15,'Content Item: Home','Edited','192.168.0.236'),(1380914100,1,'admin',15,'Content Item: Home','Edited','192.168.0.236'),(1380914124,1,'admin',54,'Stylesheet: IAState','Changed','192.168.0.77'),(1380914181,1,'admin',54,'Stylesheet: IAState','Changed','192.168.0.77'),(1380914209,1,'admin',15,'Content Item: Home','Edited','192.168.0.236'),(1380914244,1,'admin',54,'Stylesheet: IAState','Changed','192.168.0.77'),(1380914314,1,'admin',24,'HTML-template: IAState_Crop_Bio_Engeering','Edited','192.168.0.77'),(1380914415,1,'admin',54,'Stylesheet: IAState','Changed','192.168.0.77'),(1380914508,1,'admin',54,'Stylesheet: IAState','Changed','192.168.0.77'),(1380914534,1,'admin',15,'Content Item: Home','Edited','192.168.0.240'),(1380914540,1,'admin',54,'Stylesheet: IAState','Changed','192.168.0.77'),(1380914614,1,'admin',15,'Content Item: Home','Edited','192.168.0.240'),(1380914639,1,'admin',54,'Stylesheet: IAState','Changed','192.168.0.77'),(1380914685,1,'admin',54,'Stylesheet: IAState','Changed','192.168.0.77'),(1380914690,1,'admin',54,'Stylesheet: IAState','Changed','192.168.0.77'),(1380914718,1,'admin',54,'Stylesheet: IAState','Changed','192.168.0.77'),(1380914774,1,'admin',55,'Stylesheet: IAState Base','Changed','192.168.0.77'),(1380914801,1,'admin',55,'Stylesheet: IAState Base','Changed','192.168.0.77'),(1380914858,1,'admin',-1,'Image: slide1.png','Uploaded','192.168.0.240'),(1380914859,1,'admin',55,'Stylesheet: IAState Base','Changed','192.168.0.77'),(1380915045,1,'admin',55,'Stylesheet: IAState Base','Changed','192.168.0.77'),(1380915099,1,'admin',-1,'Image: slide1.jpg','Uploaded','192.168.0.240'),(1380915137,1,'admin',55,'Stylesheet: IAState Base','Changed','192.168.0.77'),(1380915232,1,'admin',15,'Content Item: Home','Edited','192.168.0.240'),(1380915247,1,'admin',55,'Stylesheet: IAState Base','Changed','192.168.0.77'),(1380915394,1,'admin',-1,'Image: activity1image.jpg','Uploaded','192.168.0.236'),(1380915438,1,'admin',15,'Content Item: Home','Edited','192.168.0.236'),(1380915442,1,'admin',15,'Content Item: Home','Edited','192.168.0.240'),(1380915446,1,'admin',15,'Content Item: Home','Edited','192.168.0.236'),(1380915593,1,'admin',55,'Stylesheet: IAState Base','Changed','192.168.0.77'),(1380915622,1,'admin',15,'Content Item: Home','Edited','192.168.0.240'),(1380915693,1,'admin',15,'Content Item: Home','Edited','192.168.0.236'),(1380915695,1,'admin',15,'Content Item: Home','Edited','192.168.0.236'),(1380915732,1,'admin',15,'Content Item: Home','Edited','192.168.0.236'),(1380915733,1,'admin',15,'Content Item: Home','Edited','192.168.0.236'),(1380915823,1,'admin',15,'Content Item: Home','Edited','192.168.0.236'),(1380915888,1,'admin',15,'Content Item: Home','Edited','192.168.0.236'),(1380915918,1,'admin',15,'Content Item: Home','Edited','192.168.0.236'),(1380915928,1,'admin',15,'Content Item: Home','Edited','192.168.0.236'),(1380916047,1,'admin',24,'HTML-template: IAState_Crop_Bio_Engeering','Edited','192.168.0.77'),(1380916105,1,'admin',55,'Stylesheet: IAState Base','Changed','192.168.0.77'),(1380916172,1,'admin',15,'Content Item: Home','Edited','192.168.0.236'),(1380916173,1,'admin',15,'Content Item: Home','Edited','192.168.0.236'),(1380916509,1,'admin',15,'Content Item: Home','Edited','192.168.0.236'),(1380916511,1,'admin',15,'Content Item: Home','Edited','192.168.0.236'),(1380916585,1,'admin',55,'Stylesheet: IAState Base','Changed','192.168.0.77'),(1380916692,1,'admin',54,'Stylesheet: IAState','Changed','192.168.0.77'),(1380916756,1,'admin',54,'Stylesheet: IAState','Changed','192.168.0.77'),(1380916782,1,'admin',54,'Stylesheet: IAState','Changed','192.168.0.77'),(1380916829,1,'admin',15,'Content Item: Home','Edited','192.168.0.236'),(1380916907,1,'admin',-1,'Automated Task Succeeded','GatherNotificationsTask','192.168.0.236'),(1380916913,1,'admin',15,'Content Item: Home','Edited','192.168.0.236'),(1380916915,1,'admin',15,'Content Item: Home','Edited','192.168.0.236'),(1380917017,1,'admin',15,'Content Item: Home','Edited','192.168.0.236'),(1380917066,1,'admin',15,'Content Item: Home','Edited','192.168.0.236'),(1380917112,1,'admin',54,'Stylesheet: IAState','Changed','192.168.0.77'),(1380917157,1,'admin',54,'Stylesheet: IAState','Changed','192.168.0.77'),(1380917176,1,'admin',-1,'Image: activity2image.jpg','Uploaded','192.168.0.236'),(1380917254,1,'admin',-1,'Image: activity2image.jpg','Uploaded','192.168.0.236'),(1380917320,1,'admin',15,'Content Item: Home','Edited','192.168.0.236'),(1380917322,1,'admin',15,'Content Item: Home','Edited','192.168.0.236'),(1380917383,1,'admin',54,'Stylesheet: IAState','Changed','192.168.0.77'),(1380917419,1,'admin',24,'HTML-template: IAState_Crop_Bio_Engeering','Edited','192.168.0.77'),(1380917515,1,'admin',54,'Stylesheet: IAState','Changed','192.168.0.77'),(1380917579,1,'admin',55,'Stylesheet: IAState Base','Changed','192.168.0.77'),(1380917614,1,'admin',15,'Content Item: Home','Edited','192.168.0.236'),(1380917632,1,'admin',54,'Stylesheet: IAState','Changed','192.168.0.77'),(1380917689,1,'admin',54,'Stylesheet: IAState','Changed','192.168.0.77'),(1380917746,1,'admin',15,'Content Item: Home','Edited','192.168.0.236'),(1380917767,1,'admin',15,'Content Item: Home','Edited','192.168.0.236'),(1380917799,1,'admin',54,'Stylesheet: IAState','Changed','192.168.0.77'),(1380917814,1,'admin',54,'Stylesheet: IAState','Changed','192.168.0.77'),(1380917831,1,'admin',54,'Stylesheet: IAState','Changed','192.168.0.77'),(1380917887,1,'admin',15,'Content Item: Home','Edited','192.168.0.236'),(1380917927,1,'admin',24,'HTML-template: IAState_Crop_Bio_Engeering','Edited','192.168.0.77'),(1380917958,1,'admin',54,'Stylesheet: IAState','Changed','192.168.0.77'),(1380918036,1,'admin',54,'Stylesheet: IAState','Changed','192.168.0.77'),(1380918102,1,'admin',15,'Content Item: Home','Edited','192.168.0.236'),(1380918145,1,'admin',54,'Stylesheet: IAState','Changed','192.168.0.77'),(1380918227,1,'admin',54,'Stylesheet: IAState','Changed','192.168.0.77'),(1380918285,1,'admin',54,'Stylesheet: IAState','Changed','192.168.0.77'),(1380918396,1,'admin',55,'Stylesheet: IAState Base','Changed','192.168.0.77'),(1380918417,1,'admin',55,'Stylesheet: IAState Base','Changed','192.168.0.77'),(1380918436,1,'admin',15,'Content Item: Home','Edited','192.168.0.236'),(1380918492,1,'admin',54,'Stylesheet: IAState','Changed','192.168.0.77'),(1380918500,1,'admin',15,'Content Item: Home','Edited','192.168.0.236'),(1380918530,1,'admin',54,'Stylesheet: IAState','Changed','192.168.0.77'),(1380918604,1,'admin',54,'Stylesheet: IAState','Changed','192.168.0.77'),(1380918738,1,'admin',54,'Stylesheet: IAState','Changed','192.168.0.77'),(1380918780,1,'admin',54,'Stylesheet: IAState','Changed','192.168.0.77'),(1380918815,1,'admin',54,'Stylesheet: IAState','Changed','192.168.0.77'),(1380918831,1,'admin',54,'Stylesheet: IAState','Changed','192.168.0.77'),(1380919175,1,'admin',54,'Stylesheet: IAState','Changed','192.168.0.77'),(1380919252,1,'admin',54,'Stylesheet: IAState','Changed','192.168.0.77'),(1380919362,1,'admin',54,'Stylesheet: IAState','Changed','192.168.0.77'),(1380919428,1,'admin',54,'Stylesheet: IAState','Changed','192.168.0.77'),(1380919441,1,'admin',54,'Stylesheet: IAState','Changed','192.168.0.77'),(1380919485,1,'admin',54,'Stylesheet: IAState','Changed','192.168.0.77'),(1380919640,1,'admin',54,'Stylesheet: IAState','Changed','192.168.0.77'),(1380919647,1,'admin',54,'Stylesheet: IAState','Changed','192.168.0.77'),(1380919667,1,'admin',15,'Content Item: Home','Edited','192.168.0.236'),(1380919713,1,'admin',15,'Content Item: Home','Edited','192.168.0.236'),(1380919725,1,'admin',54,'Stylesheet: IAState','Changed','192.168.0.77'),(1380919734,1,'admin',15,'Content Item: Home','Edited','192.168.0.236'),(1380919772,1,'admin',15,'Content Item: Home','Edited','192.168.0.236'),(1380919809,1,'admin',15,'Content Item: Home','Edited','192.168.0.236'),(1380919851,1,'admin',15,'Content Item: Home','Edited','192.168.0.236'),(1380919919,1,'admin',15,'Content Item: Home','Edited','192.168.0.236'),(1380919932,1,'admin',15,'Content Item: Home','Edited','192.168.0.236'),(1380919957,1,'admin',15,'Content Item: Home','Edited','192.168.0.236'),(1380920000,1,'admin',15,'Content Item: Home','Edited','192.168.0.236'),(1380920014,1,'admin',15,'Content Item: Home','Edited','192.168.0.236'),(1380920179,1,'admin',-1,'System maintenance','Cache cleared','192.168.0.77'),(1380920205,1,'admin',15,'Content Item: Home','Edited','192.168.0.236'),(1380920344,1,'admin',-1,'System maintenance','Cache cleared','192.168.0.77'),(1380920464,1,'admin',15,'Content Item: Home','Edited','192.168.0.236'),(1380920530,1,'admin',-1,'Automated Task Succeeded','GatherNotificationsTask','192.168.0.236'),(1380920530,1,'admin',15,'Content Item: Home','Edited','192.168.0.236'),(1380920548,1,'admin',15,'Content Item: Home','Edited','192.168.0.236'),(1380920714,1,'admin',15,'Content Item: Home','Edited','192.168.0.236'),(1380920758,1,'admin',15,'Content Item: Home','Edited','192.168.0.236'),(1380920798,1,'admin',15,'Content Item: Home','Edited','192.168.0.236'),(1380920910,1,'admin',15,'Content Item: Home','Edited','192.168.0.236'),(1380920947,1,'admin',15,'Content Item: Home','Edited','192.168.0.236'),(1380921007,1,'admin',15,'Content Item: Home','Edited','192.168.0.236'),(1380921443,1,'admin',15,'Content Item: Home','Edited','192.168.0.236'),(1380921643,1,'admin',-1,'Module','Expanded module: MultiDomains version 2.1.1','192.168.0.77'),(1380921643,1,'admin',-1,'Core','Expanded XML Package MultiDomains-2.1.1.xml','192.168.0.77'),(1380921658,1,'admin',-1,'MultiDomains','installed','192.168.0.77'),(1380921658,1,'admin',-1,'MultiDomains','Installed version 2.1.1','192.168.0.77'),(1380921917,1,'admin',15,'Content Item: Home','Edited','192.168.0.236'),(1380921985,1,'admin',15,'Content Item: Home','Edited','192.168.0.236'),(1380922001,1,'admin',-1,'Image: smSpaldingImage.jpg','Uploaded','192.168.0.236'),(1380922013,1,'admin',-1,'Image: smWangImage.jpg','Uploaded','192.168.0.236'),(1380922020,1,'admin',-1,'Image: smYangImage.jpg','Uploaded','192.168.0.236'),(1380922964,1,'admin',15,'Content Item: Home','Edited','192.168.0.236'),(1380923173,1,'admin',15,'Content Item: Home','Edited','192.168.0.236'),(1380923316,1,'admin',15,'Content Item: Home','Edited','192.168.0.236'),(1380923430,1,'admin',15,'Content Item: Home','Edited','192.168.0.236'),(1380923534,1,'admin',15,'Content Item: Home','Edited','192.168.0.236'),(1380923612,1,'admin',15,'Content Item: Home','Edited','192.168.0.236'),(1380923786,1,'admin',15,'Content Item: Home','Edited','192.168.0.236'),(1380923836,1,'admin',15,'Content Item: Home','Edited','192.168.0.236'),(1380923883,1,'admin',15,'Content Item: Home','Edited','192.168.0.236'),(1380924075,1,'admin',15,'Content Item: Home','Edited','192.168.0.236'),(1380924159,1,'admin',-1,'Automated Task Succeeded','GatherNotificationsTask','192.168.0.236'),(1380924160,1,'admin',15,'Content Item: Home','Edited','192.168.0.236'),(1380924234,1,'admin',15,'Content Item: Home','Edited','192.168.0.236'),(1380924265,1,'admin',15,'Content Item: Home','Edited','192.168.0.236'),(1380924367,1,'admin',15,'Content Item: Home','Edited','192.168.0.236'),(1380924684,1,'admin',15,'Content Item: Home','Edited','192.168.0.236'),(1380924717,1,'admin',15,'Content Item: Home','Edited','192.168.0.236'),(1380924718,1,'admin',15,'Content Item: Home','Edited','192.168.0.236'),(1380927773,1,'admin',-1,'Automated Task Succeeded','PruneAdminlogTask','192.168.0.22'),(1380927773,1,'admin',-1,'Automated Task Succeeded','GatherNotificationsTask','192.168.0.22'),(1381018416,0,'',-1,'Automated Task Succeeded','PruneAdminlogTask',''),(1381128798,0,'',-1,'Automated Task Succeeded','PruneAdminlogTask',''),(1381167650,0,'',-1,'(IP: 192.168.0.77) Admin Username: admin','Login Failed',''),(1381167666,1,'admin',1,'Admin Username: admin','Logged In','192.168.0.77'),(1381167666,1,'admin',-1,'Core','Tested for newer CMSMS Version. None Available.','192.168.0.77'),(1381167945,1,'admin',55,'Stylesheet: IAState Base','Changed','192.168.0.77'),(1381245657,1,'admin',-1,'Automated Task Succeeded','PruneAdminlogTask','75.170.251.155'),(1381402445,0,'',-1,'Automated Task Succeeded','PruneAdminlogTask',''),(1381595280,0,'',-1,'Automated Task Succeeded','PruneAdminlogTask',''),(1381716496,0,'',-1,'Automated Task Succeeded','PruneAdminlogTask',''),(1381823796,0,'',-1,'Automated Task Succeeded','PruneAdminlogTask',''),(1381914496,0,'',-1,'Automated Task Succeeded','PruneAdminlogTask',''),(1381974655,0,'',-1,'(IP: 67.3.94.29) Admin Username: admin','Login Failed',''),(1381974666,0,'',-1,'(IP: 67.3.94.29) Admin Username: admin','Login Failed',''),(1381974676,0,'',-1,'(IP: 67.3.94.29) Admin Username: administrator','Login Failed',''),(1381974687,0,'',-1,'(IP: 67.3.94.29) Admin Username: administrator','Login Failed',''),(1381974713,0,'',-1,'Core','Sent Lost Password Email for admin',''),(1381974743,1,'admin',1,'Admin Username: admin','Logged In','67.3.94.29'),(1381974744,1,'admin',-1,'Core','Tested for newer CMSMS Version. None Available.','67.3.94.29'),(1382004635,0,'',-1,'Automated Task Succeeded','PruneAdminlogTask',''),(1382018128,1,'admin',1,'Admin Username: admin','Logged In','69.57.33.230'),(1382020651,1,'admin',-1,'Automated Task Succeeded','GatherNotificationsTask','69.57.33.230'),(1382021361,1,'admin',15,'Content Item: Home','Edited','69.57.33.230'),(1382021367,1,'admin',15,'Content Item: Home','Edited','69.57.33.230'),(1382021448,1,'admin',15,'Content Item: Home','Edited','69.57.33.230'),(1382021515,1,'admin',15,'Content Item: Home','Edited','69.57.33.230'),(1382021540,1,'admin',15,'Content Item: Home','Edited','69.57.33.230'),(1382021576,1,'admin',15,'Content Item: Home','Edited','69.57.33.230'),(1382021692,1,'admin',15,'Content Item: Home','Edited','69.57.33.230'),(1382021772,1,'admin',15,'Content Item: Home','Edited','69.57.33.230'),(1382021893,1,'admin',15,'Content Item: Home','Edited','69.57.33.230'),(1382021947,1,'admin',15,'Content Item: Home','Edited','69.57.33.230'),(1382021964,1,'admin',15,'Content Item: Home','Edited','69.57.33.230'),(1382022071,1,'admin',15,'Content Item: Home','Edited','69.57.33.230'),(1382022484,1,'admin',1,'Admin Username: admin','Logged In','69.57.33.230'),(1382022541,1,'admin',24,'HTML-template: IAState_Crop_Bio_Engeering','Edited','69.57.33.230'),(1382022618,1,'admin',24,'HTML-template: IAState_Crop_Bio_Engeering','Edited','69.57.33.230'),(1382022620,1,'admin',24,'HTML-template: IAState_Crop_Bio_Engeering','Edited','69.57.33.230'),(1382022836,1,'admin',-1,'Module','Expanded module: FrontEndUsers version 1.21.18','69.57.33.230'),(1382022845,1,'admin',-1,'Module','Expanded module: CGExtensions version 1.37.2','69.57.33.230'),(1382022847,1,'admin',-1,'Module','Expanded module: AireLibs version 1.3.2','69.57.33.230'),(1382022850,1,'admin',-1,'Module','Expanded module: EventsManager version 1.2.7','69.57.33.230'),(1382022850,1,'admin',15,'Content Item: Home','Edited','69.57.33.230'),(1382022872,1,'admin',63,'Content Item: About','Edited','69.57.33.230'),(1382022924,1,'admin',63,'Content Item: About','Edited','69.57.33.230'),(1382022925,1,'admin',63,'Content Item: About','Edited','69.57.33.230'),(1382024765,1,'admin',-1,'FrontEndUsers','Installed version 1.21.18','69.57.33.230'),(1382024766,1,'admin',-1,'CGExtensions','Installed version 1.37.2','69.57.33.230'),(1382024766,1,'admin',-1,'AireLibs','Installed version 1.3.2','69.57.33.230'),(1382024766,1,'admin',-1,'EventsManager','Installed version 1.2.7','69.57.33.230'),(1382026014,1,'admin',1,'Admin Username: admin','Logged In','192.168.0.77'),(1382026624,1,'admin',15,'Content Item: Home','Edited','69.57.33.230'),(1382027048,1,'admin',1,'Admin Username: admin','Logged In','69.57.33.230'),(1382027237,1,'admin',15,'Content Item: Home','Edited','69.57.33.230'),(1382027250,1,'admin',15,'Content Item: Home','Edited','69.57.33.230'),(1382027313,1,'admin',15,'Content Item: Home','Edited','69.57.33.230'),(1382027565,1,'admin',15,'Content Item: Home','Edited','69.57.33.230'),(1382027673,1,'admin',15,'Content Item: Home','Edited','69.57.33.230'),(1382027802,1,'admin',-1,'FileManager','cbc_logo.png uploaded to /var/www/html/uploads/images','69.57.33.230'),(1382027816,1,'admin',-1,'FileManager','cbc_logo.png uploaded to /var/www/html/uploads/images','69.57.33.230'),(1382027951,1,'admin',15,'Content Item: Home','Edited','69.57.33.230'),(1382027985,1,'admin',15,'Content Item: Home','Edited','69.57.33.230'),(1382028143,1,'admin',15,'Content Item: Home','Edited','69.57.33.230'),(1382028144,1,'admin',64,'Content Item: PI & Co-PI','Added','192.168.0.77'),(1382028172,1,'admin',15,'Content Item: Home','Edited','69.57.33.230'),(1382028190,1,'admin',15,'Content Item: Home','Edited','69.57.33.230'),(1382028209,1,'admin',65,'Content Item: Advisory Council','Added','192.168.0.77'),(1382028231,1,'admin',15,'Content Item: Home','Edited','69.57.33.230'),(1382028644,1,'admin',24,'HTML-template: IAState_Crop_Bio_Engeering','Edited','192.168.0.77'),(1382029273,1,'admin',-1,'Error: Unable to load template content \'content_en','has occured','192.168.0.77'),(1382029275,1,'admin',-1,'Error: Unable to load template content \'content_en','has occured','192.168.0.77'),(1382029324,1,'admin',57,'Content Item: Investigators','Edited','69.57.33.230'),(1382029352,1,'admin',57,'Content Item: Investigators','Edited','69.57.33.230'),(1382029411,1,'admin',57,'Content Item: Investigators','Edited','69.57.33.230'),(1382029419,1,'admin',66,'Content Item: TALEN','Added','192.168.0.77'),(1382029487,1,'admin',57,'Content Item: Investigators','Edited','69.57.33.230'),(1382029651,1,'admin',57,'Content Item: Investigators','Edited','69.57.33.230'),(1382029722,1,'admin',57,'Content Item: Investigators','Edited','69.57.33.230'),(1382029883,1,'admin',56,'Stylesheet: Investigator','Added','69.57.33.230'),(1382030035,1,'admin',57,'Content Item: Investigators','Edited','69.57.33.230'),(1382030079,1,'admin',57,'Content Item: Investigators','Edited','69.57.33.230'),(1382030219,1,'admin',56,'Stylesheet: Investigator','Changed','69.57.33.230'),(1382030232,1,'admin',56,'Stylesheet: Investigator','Changed','69.57.33.230'),(1382030280,1,'admin',56,'Stylesheet: Investigator','Changed','69.57.33.230'),(1382030287,1,'admin',56,'Stylesheet: Investigator','Changed','69.57.33.230'),(1382030397,1,'admin',57,'Content Item: Investigators','Edited','69.57.33.230'),(1382030433,1,'admin',56,'Stylesheet: Investigator','Changed','69.57.33.230'),(1382030463,1,'admin',56,'Stylesheet: Investigator','Changed','69.57.33.230'),(1382030468,1,'admin',57,'Content Item: Investigators','Edited','69.57.33.230'),(1382030503,1,'admin',56,'Stylesheet: Investigator','Changed','69.57.33.230'),(1382030559,1,'admin',56,'Stylesheet: Investigator','Changed','69.57.33.230'),(1382030633,1,'admin',56,'Stylesheet: Investigator','Changed','69.57.33.230'),(1382030641,1,'admin',-1,'MenuManager','Edited template IAStateFooterMenu','192.168.0.77'),(1382030644,1,'admin',56,'Stylesheet: Investigator','Changed','69.57.33.230'),(1382030692,1,'admin',-1,'MenuManager','Edited template IAStateFooterMenu','192.168.0.77'),(1382030833,1,'admin',57,'Content Item: Investigators','Edited','69.57.33.230'),(1382030853,1,'admin',15,'Content Item: Home','Edited','69.57.33.230'),(1382030903,1,'admin',-1,'MenuManager','Edited template IAStateFooterMenu','192.168.0.77'),(1382030923,1,'admin',56,'Stylesheet: Investigator','Changed','69.57.33.230'),(1382030931,1,'admin',57,'Content Item: Investigators','Edited','69.57.33.230'),(1382031032,1,'admin',57,'Content Item: Investigators','Edited','69.57.33.230'),(1382031040,1,'admin',-1,'MenuManager','Deleted template temp','192.168.0.77'),(1382031223,1,'admin',57,'Content Item: Investigators','Edited','69.57.33.230'),(1382031284,1,'admin',56,'Stylesheet: Investigator','Changed','69.57.33.230'),(1382031371,1,'admin',67,'Content Item: CRISPER','Added','192.168.0.77'),(1382031481,1,'admin',57,'Content Item: Investigators','Edited','69.57.33.230'),(1382031516,1,'admin',15,'Content Item: Home','Edited','69.57.33.230'),(1382031720,1,'admin',68,'Content Item: Maize GDB','Added','69.57.33.230'),(1382031724,1,'admin',57,'Content Item: Investigators','Edited','69.57.33.230'),(1382031799,1,'admin',69,'Content Item: ISU Plant Transformation Facility','Added','69.57.33.230'),(1382031883,1,'admin',57,'Content Item: Investigators','Edited','69.57.33.230'),(1382031926,1,'admin',70,'Content Item: TALEN Workshop','Added','69.57.33.230'),(1382031943,1,'admin',70,'Core','Content Item: TALEN Workshop','69.57.33.230'),(1382031975,1,'admin',71,'Content Item: TALEN Workshop','Added','69.57.33.230'),(1382031998,1,'admin',57,'Content Item: Investigators','Edited','69.57.33.230'),(1382032061,1,'admin',57,'Content Item: Investigators','Edited','69.57.33.230'),(1382032099,1,'admin',-1,'Automated Task Succeeded','GatherNotificationsTask','192.168.0.77'),(1382032165,1,'admin',54,'Stylesheet: IAState','Changed','192.168.0.77'),(1382032282,1,'admin',62,'Content Item: Contact','Edited','69.57.33.230'),(1382032363,1,'admin',62,'Content Item: Contact','Edited','69.57.33.230'),(1382032375,1,'admin',62,'Content Item: Contact','Edited','69.57.33.230'),(1382032408,1,'admin',62,'Content Item: Contact','Edited','69.57.33.230'),(1382032416,1,'admin',57,'Content Item: Investigators','Edited','69.57.33.230'),(1382032596,1,'admin',55,'Stylesheet: IAState Base','Changed','192.168.0.77'),(1382032710,1,'admin',56,'Stylesheet: Investigator','Changed','69.57.33.230'),(1382032789,1,'admin',57,'Content Item: Investigators','Edited','69.57.33.230'),(1382032809,1,'admin',62,'Content Item: Contact','Edited','69.57.33.230'),(1382032819,1,'admin',57,'Content Item: Investigators','Edited','69.57.33.230'),(1382032857,1,'admin',57,'Content Item: Investigators','Edited','69.57.33.230'),(1382032889,1,'admin',-1,'Image: CBCplatformAbout.jpg','Uploaded','69.57.33.230'),(1382032951,1,'admin',63,'Content Item: About','Edited','69.57.33.230'),(1382032985,1,'admin',63,'Content Item: About','Edited','69.57.33.230'),(1382033026,1,'admin',63,'Content Item: About','Edited','69.57.33.230'),(1382033085,1,'admin',57,'Content Item: Investigators','Edited','69.57.33.230'),(1382033094,1,'admin',55,'Stylesheet: IAState Base','Changed','192.168.0.77'),(1382033232,1,'admin',57,'Content Item: Investigators','Edited','69.57.33.230'),(1382033328,1,'admin',56,'Stylesheet: Investigator','Changed','69.57.33.230'),(1382033348,1,'admin',56,'Stylesheet: Investigator','Changed','69.57.33.230'),(1382033411,1,'admin',57,'Content Item: Investigators','Edited','69.57.33.230'),(1382033469,1,'admin',57,'Content Item: Investigators','Edited','69.57.33.230'),(1382033478,1,'admin',63,'Content Item: About','Edited','69.57.33.230'),(1382033506,1,'admin',55,'Stylesheet: IAState Base','Changed','192.168.0.77'),(1382033562,1,'admin',64,'Content Item: PI & Co-PI','Edited','69.57.33.230'),(1382033672,1,'admin',57,'Content Item: Investigators','Edited','69.57.33.230'),(1382033691,1,'admin',55,'Stylesheet: IAState Base','Changed','192.168.0.77'),(1382033754,1,'admin',57,'Content Item: Investigators','Edited','69.57.33.230'),(1382033806,1,'admin',56,'Stylesheet: Investigator','Changed','69.57.33.230'),(1382033870,1,'admin',57,'Content Item: Investigators','Edited','69.57.33.230'),(1382033940,1,'admin',64,'Content Item: PI & Co-PI','Edited','69.57.33.230'),(1382033957,1,'admin',57,'Content Item: Investigators','Edited','69.57.33.230'),(1382034124,1,'admin',64,'Content Item: PI & Co-PI','Edited','69.57.33.230'),(1382034144,1,'admin',65,'Content Item: Advisory Council','Edited','69.57.33.230'),(1382034297,1,'admin',24,'HTML-template: IAState_Crop_Bio_Engeering','Edited','192.168.0.77'),(1382034321,1,'admin',57,'Content Item: Investigators','Edited','69.57.33.230'),(1382034371,1,'admin',57,'Content Item: Investigators','Edited','69.57.33.230'),(1382034482,1,'admin',55,'Stylesheet: IAState Base','Changed','192.168.0.77'),(1382034636,1,'admin',56,'Stylesheet: Investigator','Changed','69.57.33.230'),(1382034675,1,'admin',64,'Content Item: PI & Co-PI','Edited','69.57.33.230'),(1382034805,1,'admin',64,'Content Item: PI & Co-PI','Edited','69.57.33.230'),(1382034852,1,'admin',64,'Content Item: PI & Co-PI','Edited','69.57.33.230'),(1382034874,1,'admin',64,'Content Item: PI & Co-PI','Edited','69.57.33.230'),(1382034907,1,'admin',57,'Content Item: Investigators','Edited','69.57.33.230'),(1382034911,1,'admin',64,'Content Item: PI & Co-PI','Edited','69.57.33.230'),(1382034979,1,'admin',57,'Content Item: Investigators','Edited','69.57.33.230'),(1382035234,1,'admin',57,'Content Item: Investigators','Edited','69.57.33.230'),(1382035392,1,'admin',56,'Stylesheet: Investigator','Changed','69.57.33.230'),(1382035491,1,'admin',56,'Stylesheet: Investigator','Changed','69.57.33.230'),(1382035604,1,'admin',64,'Content Item: PI & Co-PI','Edited','69.57.33.230'),(1382035702,1,'admin',-1,'Automated Task Succeeded','GatherNotificationsTask','69.57.33.230'),(1382035702,1,'admin',64,'Content Item: PI & Co-PI','Edited','69.57.33.230'),(1382035854,1,'admin',56,'Stylesheet: Investigator','Changed','192.168.0.77'),(1382035925,1,'admin',56,'Stylesheet: Investigator','Changed','192.168.0.77'),(1382035966,1,'admin',56,'Stylesheet: Investigator','Changed','192.168.0.77'),(1382036005,1,'admin',56,'Stylesheet: Investigator','Changed','192.168.0.77'),(1382036019,1,'admin',56,'Stylesheet: Investigator','Changed','192.168.0.77'),(1382036073,1,'admin',56,'Stylesheet: Investigator','Changed','192.168.0.77'),(1382036097,1,'admin',56,'Stylesheet: Investigator','Changed','192.168.0.77'),(1382036248,1,'admin',56,'Stylesheet: Investigator','Changed','192.168.0.77'),(1382036329,1,'admin',56,'Stylesheet: Investigator','Changed','192.168.0.77'),(1382036410,1,'admin',56,'Stylesheet: Investigator','Changed','192.168.0.77'),(1382036562,1,'admin',56,'Stylesheet: Investigator','Changed','192.168.0.77'),(1382037185,1,'admin',56,'Stylesheet: Investigator','Changed','192.168.0.77'),(1382037290,1,'admin',57,'Content Item: Investigators','Edited','192.168.0.77'),(1382037365,1,'admin',56,'Stylesheet: Investigator','Changed','192.168.0.77'),(1382037419,1,'admin',56,'Stylesheet: Investigator','Changed','192.168.0.77'),(1382037460,1,'admin',56,'Stylesheet: Investigator','Changed','192.168.0.77'),(1382037480,1,'admin',56,'Stylesheet: Investigator','Changed','192.168.0.77'),(1382037501,1,'admin',56,'Stylesheet: Investigator','Changed','192.168.0.77'),(1382037529,1,'admin',56,'Stylesheet: Investigator','Changed','192.168.0.77'),(1382037580,1,'admin',56,'Stylesheet: Investigator','Changed','192.168.0.77'),(1382037593,1,'admin',56,'Stylesheet: Investigator','Changed','192.168.0.77'),(1382037687,1,'admin',57,'Content Item: Investigators','Edited','192.168.0.77'),(1382037750,1,'admin',56,'Stylesheet: Investigator','Changed','192.168.0.77'),(1382037834,1,'admin',56,'Stylesheet: Investigator','Changed','192.168.0.77'),(1382038093,1,'admin',57,'Content Item: Investigators','Edited','192.168.0.77'),(1382038134,1,'admin',57,'Content Item: Investigators','Edited','192.168.0.77'),(1382038269,1,'admin',56,'Stylesheet: Investigator','Changed','192.168.0.77'),(1382038922,1,'admin',57,'Content Item: Investigators','Edited','192.168.0.77'),(1382038981,1,'admin',56,'Stylesheet: Investigator','Changed','192.168.0.77'),(1382039025,1,'admin',56,'Stylesheet: Investigator','Changed','192.168.0.77'),(1382039071,1,'admin',56,'Stylesheet: Investigator','Changed','192.168.0.77'),(1382039152,1,'admin',56,'Stylesheet: Investigator','Changed','192.168.0.77'),(1382039257,1,'admin',56,'Stylesheet: Investigator','Changed','192.168.0.77'),(1382040228,1,'admin',15,'Content Item: Home','Edited','69.57.33.230'),(1382040250,1,'admin',15,'Content Item: Home','Edited','69.57.33.230'),(1382040252,1,'admin',15,'Content Item: Home','Edited','69.57.33.230'),(1382040271,1,'admin',57,'Content Item: Investigators','Edited','192.168.0.77'),(1382040497,1,'admin',56,'Stylesheet: Investigator','Changed','192.168.0.77'),(1382040620,1,'admin',64,'Content Item: PI & Co-PI','Edited','69.57.33.230'),(1382040852,1,'admin',64,'Content Item: PI & Co-PI','Edited','69.57.33.230'),(1382040879,1,'admin',64,'Content Item: PI & Co-PI','Edited','69.57.33.230'),(1382040897,1,'admin',64,'Content Item: PI & Co-PI','Edited','69.57.33.230'),(1382040921,1,'admin',64,'Content Item: PI & Co-PI','Edited','69.57.33.230'),(1382040922,1,'admin',56,'Stylesheet: Investigator','Changed','192.168.0.77'),(1382040946,1,'admin',56,'Stylesheet: Investigator','Changed','192.168.0.77'),(1382040991,1,'admin',64,'Content Item: PI & Co-PI','Edited','69.57.33.230'),(1382040992,1,'admin',64,'Content Item: PI & Co-PI','Edited','69.57.33.230'),(1382041087,1,'admin',56,'Stylesheet: Investigator','Changed','192.168.0.77'),(1382041390,1,'admin',24,'HTML-template: IAState_Crop_Bio_Engeering','Edited','192.168.0.77'),(1382041448,1,'admin',24,'HTML-template: IAState_Crop_Bio_Engeering','Edited','192.168.0.77'),(1382041535,1,'admin',64,'Content Item: PI & Co-PI','Edited','69.57.33.230'),(1382041613,1,'admin',64,'Content Item: PI & Co-PI','Edited','192.168.0.77'),(1382041682,1,'admin',64,'Content Item: PI & Co-PI','Edited','69.57.33.230'),(1382041769,1,'admin',65,'Content Item: Advisory Council','Edited','69.57.33.230'),(1382042229,1,'admin',65,'Content Item: Advisory Council','Edited','69.57.33.230'),(1382042468,1,'admin',65,'Content Item: Advisory Council','Edited','69.57.33.230'),(1382042470,1,'admin',65,'Content Item: Advisory Council','Edited','69.57.33.230'),(1382042568,1,'admin',64,'Content Item: PI & Co-PI','Edited','192.168.0.77'),(1382042902,1,'admin',57,'Content Item: Investigators','Edited','69.57.33.230'),(1382042945,1,'admin',57,'Content Item: Investigators','Edited','69.57.33.230'),(1382043109,1,'admin',-1,'Automated Task Succeeded','GatherNotificationsTask','192.168.0.77'),(1382043208,1,'admin',65,'Content Item: Advisory Council','Edited','69.57.33.230'),(1382043210,1,'admin',65,'Content Item: Advisory Council','Edited','69.57.33.230'),(1382043520,1,'admin',57,'Content Item: Investigators','Edited','69.57.33.230'),(1382043552,1,'admin',1,'Admin Username: admin','Logged Out','192.168.0.77'),(1382043559,0,'admin',-1,'Core','Sent Lost Password Email for admin',''),(1382043582,1,'admin',1,'Admin Username: admin','Logged In','192.168.0.77'),(1382043610,1,'admin',57,'Content Item: Investigators','Edited','69.57.33.230'),(1382043611,1,'admin',57,'Content Item: Investigators','Edited','69.57.33.230'),(1382043626,1,'admin',65,'Content Item: Advisory Council','Edited','69.57.33.230'),(1382043627,1,'admin',65,'Content Item: Advisory Council','Edited','69.57.33.230'),(1382043852,1,'admin',57,'Content Item: Investigators','Edited','69.57.33.230'),(1382043972,1,'admin',57,'Content Item: Investigators','Edited','69.57.33.230'),(1382044026,1,'admin',57,'Content Item: Investigators','Edited','69.57.33.230'),(1382044063,1,'admin',57,'Content Item: Investigators','Edited','69.57.33.230'),(1382044082,1,'admin',1,'Admin Username: admin','Logged Out','192.168.0.77'),(1382044087,1,'admin',57,'Content Item: Investigators','Edited','69.57.33.230'),(1382044200,1,'admin',57,'Content Item: Investigators','Edited','69.57.33.230'),(1382044209,0,'admin',-1,'Core','Sent Lost Password Email for admin',''),(1382044285,1,'admin',57,'Content Item: Investigators','Edited','69.57.33.230'),(1382044336,1,'admin',57,'Content Item: Investigators','Edited','69.57.33.230'),(1382044588,1,'admin',57,'Content Item: Investigators','Edited','69.57.33.230'),(1382044759,1,'admin',57,'Content Item: Investigators','Edited','69.57.33.230'),(1382044762,1,'admin',57,'Content Item: Investigators','Edited','69.57.33.230'),(1382045175,0,'admin',-1,'Core','Sent Lost Password Email for admin',''),(1382045432,1,'admin',63,'Content Item: About','Edited','69.57.33.230'),(1382045672,0,'admin',-1,'Core','Sent Lost Password Email for admin',''),(1382045779,1,'admin',63,'Content Item: About','Edited','69.57.33.230'),(1382045783,1,'admin',63,'Content Item: About','Edited','69.57.33.230'),(1382045844,1,'admin',63,'Content Item: About','Edited','69.57.33.230'),(1382045846,1,'admin',63,'Content Item: About','Edited','69.57.33.230'),(1382045890,1,'admin',63,'Content Item: About','Edited','69.57.33.230'),(1382045923,0,'admin',-1,'Core','Sent Lost Password Email for admin',''),(1382046004,1,'admin',1,'Admin Username: admin','Logged In','192.168.0.77'),(1382046090,1,'admin',63,'Content Item: About','Edited','69.57.33.230'),(1382046091,1,'admin',63,'Content Item: About','Edited','69.57.33.230'),(1382046297,1,'admin',1,'Admin Username: admin','Logged Out','192.168.0.77'),(1382046304,0,'admin',-1,'Core','Sent Lost Password Email for admin',''),(1382046362,1,'admin',63,'Content Item: About','Edited','69.57.33.230'),(1382046364,1,'admin',63,'Content Item: About','Edited','69.57.33.230'),(1382046428,0,'admin',-1,'Core','Sent Lost Password Email for admin',''),(1382046454,1,'admin',63,'Content Item: About','Edited','69.57.33.230'),(1382046490,1,'admin',63,'Content Item: About','Edited','69.57.33.230'),(1382046695,0,'admin',-1,'Core','Sent Lost Password Email for admin',''),(1382046739,0,'admin',-1,'Core','Sent Lost Password Email for admin',''),(1382046739,0,'admin',-1,'Automated Task Succeeded','GatherNotificationsTask',''),(1382046920,0,'admin',-1,'Core','Sent Lost Password Email for admin',''),(1382047186,0,'admin',-1,'Core','Sent Lost Password Email for admin',''),(1382047337,0,'admin',-1,'Core','Sent Lost Password Email for admin',''),(1382047443,0,'admin',-1,'Core','Sent Lost Password Email for admin',''),(1382047567,0,'admin',-1,'Core','Sent Lost Password Email for admin',''),(1382047992,0,'admin',-1,'Core','Sent Lost Password Email for admin',''),(1382048078,1,'admin',1,'Admin Username: admin','Logged In','192.168.0.77'),(1382048225,1,'admin',58,'Content Item: Leadership','Edited','192.168.0.77'),(1382048992,1,'admin',54,'Stylesheet: IAState','Changed','192.168.0.77'),(1382049057,1,'admin',-1,'MenuManager','Edited template IAStateMenu','192.168.0.77'),(1382049105,1,'admin',59,'Content Item: Genome Editing','Edited','192.168.0.77'),(1382049130,1,'admin',60,'Content Item: Upcoming Events','Edited','192.168.0.77'),(1382049155,1,'admin',61,'Content Item: Links','Edited','192.168.0.77'),(1382049225,1,'admin',1,'Admin Username: admin','Logged In','192.168.0.77'),(1382049419,1,'admin',54,'Stylesheet: IAState','Changed','192.168.0.77'),(1382049445,1,'admin',54,'Stylesheet: IAState','Changed','192.168.0.77'),(1382049470,1,'admin',54,'Stylesheet: IAState','Changed','192.168.0.77'),(1382049480,1,'admin',54,'Stylesheet: IAState','Changed','192.168.0.77'),(1382049626,1,'admin',54,'Stylesheet: IAState','Changed','192.168.0.77'),(1382049807,1,'admin',-1,'MenuManager','Edited template IAStateFooterMenu','192.168.0.77'),(1382050037,1,'admin',54,'Stylesheet: IAState','Changed','192.168.0.77'),(1382050153,1,'admin',54,'Stylesheet: IAState','Changed','192.168.0.77'),(1382050200,1,'admin',54,'Stylesheet: IAState','Changed','192.168.0.77'),(1382050628,1,'admin',-1,'Automated Task Succeeded','GatherNotificationsTask','192.168.0.77'),(1382050628,1,'admin',54,'Stylesheet: IAState','Changed','192.168.0.77'),(1382050666,1,'admin',54,'Stylesheet: IAState','Changed','192.168.0.77'),(1382050778,1,'admin',-1,'MenuManager','Edited template IAStateMenu','192.168.0.77'),(1382050918,1,'admin',-1,'MenuManager','Edited template IAStateMenu','192.168.0.77'),(1382050941,1,'admin',-1,'MenuManager','Edited template IAStateMenu','192.168.0.77'),(1382051147,1,'admin',-1,'MenuManager','Edited template IAStateMenu','192.168.0.77'),(1382051185,1,'admin',54,'Stylesheet: IAState','Changed','192.168.0.77'),(1382051453,1,'admin',54,'Stylesheet: IAState','Changed','192.168.0.77'),(1382051468,1,'admin',54,'Stylesheet: IAState','Changed','192.168.0.77'),(1382053680,1,'admin',54,'Stylesheet: IAState','Changed','192.168.0.77'),(1382053763,1,'admin',54,'Stylesheet: IAState','Changed','192.168.0.77'),(1382053776,1,'admin',54,'Stylesheet: IAState','Changed','192.168.0.77'),(1382055635,1,'admin',54,'Stylesheet: IAState','Changed','192.168.0.77'),(1382094549,0,'',-1,'Automated Task Succeeded','PruneAdminlogTask',''),(1382109732,1,'admin',1,'Admin Username: admin','Logged In','69.57.33.230'),(1382109732,1,'admin',-1,'Core','Tested for newer CMSMS Version. None Available.','69.57.33.230'),(1382110667,1,'admin',57,'Content Item: Investigators','Edited','69.57.33.230'),(1382110783,1,'admin',57,'Content Item: Investigators','Edited','69.57.33.230'),(1382110932,1,'admin',57,'Content Item: Investigators','Edited','69.57.33.230'),(1382110975,1,'admin',-1,'Image: David_7489.jpg','Uploaded','69.57.33.230'),(1382111098,1,'admin',57,'Content Item: Investigators','Edited','69.57.33.230'),(1382111209,1,'admin',57,'Content Item: Investigators','Edited','69.57.33.230'),(1382111262,1,'admin',57,'Content Item: Investigators','Edited','69.57.33.230'),(1382111305,1,'admin',57,'Content Item: Investigators','Edited','69.57.33.230'),(1382111371,1,'admin',65,'Content Item: Advisory Council','Edited','69.57.33.230'),(1382111397,1,'admin',65,'Content Item: Advisory Council','Edited','69.57.33.230'),(1382111529,1,'admin',65,'Content Item: Advisory Council','Edited','69.57.33.230'),(1382111550,1,'admin',57,'Content Item: Investigators','Edited','69.57.33.230'),(1382111707,1,'admin',-1,'Automated Task Succeeded','GatherNotificationsTask','69.57.33.230'),(1382111707,1,'admin',57,'Content Item: Investigators','Edited','69.57.33.230'),(1382111768,1,'admin',64,'Content Item: PI & Co-PI','Edited','69.57.33.230'),(1382111819,1,'admin',65,'Content Item: Advisory Council','Edited','69.57.33.230'),(1382111993,1,'admin',15,'Content Item: Home','Edited','69.57.33.230'),(1382111996,1,'admin',15,'Content Item: Home','Edited','69.57.33.230'),(1382112136,1,'admin',15,'Content Item: Home','Edited','69.57.33.230'),(1382112138,1,'admin',15,'Content Item: Home','Edited','69.57.33.230'),(1382118353,1,'admin',1,'Admin Username: admin','Logged In','192.168.0.77'),(1382120754,1,'admin',-1,'Automated Task Succeeded','GatherNotificationsTask','192.168.0.77'),(1382122234,1,'admin',-1,'MenuManager','Edited template IAStateMenu','192.168.0.77'),(1382122453,1,'admin',-1,'MenuManager','Edited template IAStateMenu','192.168.0.77'),(1382122460,0,'',-1,'Error: Syntax Error in template &quot;module_db_tp','has occured',''),(1382122476,1,'admin',-1,'MenuManager','Edited template IAStateMenu','192.168.0.77'),(1382122480,0,'',-1,'Error: Syntax Error in template &quot;module_db_tp','has occured',''),(1382122507,0,'',-1,'Error: Syntax Error in template &quot;module_db_tp','has occured',''),(1382122516,0,'',-1,'Error: Syntax Error in template &quot;module_db_tp','has occured',''),(1382122530,0,'',-1,'Error: Syntax Error in template &quot;module_db_tp','has occured',''),(1382122531,1,'admin',-1,'MenuManager','Edited template IAStateMenu','192.168.0.77'),(1382122614,1,'admin',57,'Content Item: Investigators','Edited','192.168.0.77'),(1382122846,1,'admin',-1,'MenuManager','Edited template IAStateMenu','192.168.0.77'),(1382122850,0,'',-1,'Error: Syntax Error in template &quot;module_db_tp','has occured',''),(1382122868,1,'admin',-1,'MenuManager','Edited template IAStateMenu','192.168.0.77'),(1382122871,0,'',-1,'Error: Syntax Error in template &quot;module_db_tp','has occured',''),(1382123004,1,'admin',-1,'MenuManager','Edited template IAStateMenu','192.168.0.77'),(1382123144,1,'admin',-1,'MenuManager','Edited template IAStateMenu','192.168.0.77'),(1382123397,1,'admin',-1,'MenuManager','Edited template IAStateMenu','192.168.0.77'),(1382123616,1,'admin',54,'Stylesheet: IAState','Changed','192.168.0.77'),(1382123917,1,'admin',-1,'MenuManager','Edited template IAStateMenu','192.168.0.77'),(1382124308,1,'admin',54,'Stylesheet: IAState','Changed','192.168.0.77'),(1382124481,1,'admin',62,'Content Item: Contact','Edited','192.168.0.77'),(1382124514,1,'admin',62,'Content Item: Contact','Edited','192.168.0.77'),(1382124724,1,'admin',62,'Content Item: Contact','Edited','192.168.0.77'),(1382125334,1,'admin',-1,'MenuManager','Edited template IAStateFooterMenu','192.168.0.77'),(1382125341,1,'admin',-1,'MenuManager','Edited template IAStateFooterMenu','192.168.0.77'),(1382126644,1,'admin',-1,'MenuManager','Edited template IAStateFooterMenu','192.168.0.77'),(1382126839,1,'admin',-1,'MenuManager','Edited template IAStateFooterMenu','192.168.0.77'),(1382127705,1,'admin',1,'Admin Username: admin','Logged In','69.57.33.230'),(1382128349,1,'admin',-1,'Automated Task Succeeded','GatherNotificationsTask','192.168.0.77'),(1382131093,1,'admin',-1,'System maintenance','Cache cleared','192.168.0.77'),(1382131101,1,'admin',-1,'System maintenance','Page hierarchy positions updated','192.168.0.77'),(1382131106,1,'admin',-1,'System maintenance','Static routes rebuilt','192.168.0.77'),(1382132953,1,'admin',72,'Content Item: Event Registration','Added','192.168.0.77'),(1382133214,1,'admin',72,'Content Item: Event Registration','Edited','192.168.0.77'),(1382133221,1,'admin',72,'Content Item: Event Registration','Edited','192.168.0.77'),(1382133348,1,'admin',73,'Content Item: Event Login','Added','192.168.0.77'),(1382133410,1,'admin',74,'Content Item: Event Details','Added','192.168.0.77'),(1382135335,1,'admin',72,'Content Item: Event Registration','Edited','192.168.0.77'),(1382135713,1,'admin',-1,'Automated Task Succeeded','GatherNotificationsTask','192.168.0.77'),(1382136001,1,'admin',73,'Content Item: Event Login','Edited','192.168.0.77'),(1382136530,1,'admin',-1,'Module','Expanded module: SelfRegistration version 1.8','192.168.0.77'),(1382136530,1,'admin',-1,'Core','Expanded XML Package SelfRegistration-1.8.xml','192.168.0.77'),(1382136544,1,'admin',-1,'SelfRegistration','Installed version 1.8','192.168.0.77'),(1382136622,1,'admin',4,'Admin User Group: EventUser','Added','192.168.0.77'),(1382137329,1,'admin',73,'Content Item: Event Login','Edited','192.168.0.77'),(1382137468,1,'admin',73,'Content Item: Event Login','Edited','192.168.0.77'),(1382137481,1,'admin',73,'Content Item: Event Login','Edited','192.168.0.77'),(1382137544,1,'admin',73,'Content Item: Event Login','Edited','192.168.0.77'),(1382137561,1,'admin',73,'Content Item: Event Login','Edited','192.168.0.77'),(1382137628,1,'admin',73,'Content Item: Event Login','Edited','192.168.0.77'),(1382137762,1,'admin',-1,'System maintenance','Cache cleared','192.168.0.77'),(1382137811,1,'admin',73,'Content Item: Event Login','Edited','69.57.33.230'),(1382137833,1,'admin',-1,'System maintenance','Cache cleared','192.168.0.77'),(1382137838,1,'admin',-1,'System maintenance','Static routes rebuilt','192.168.0.77'),(1382137841,1,'admin',-1,'System maintenance','Page hierarchy positions updated','192.168.0.77'),(1382137863,1,'admin',73,'Content Item: Event Login','Edited','69.57.33.230'),(1382137882,1,'admin',73,'Content Item: Event Login','Edited','69.57.33.230'),(1382137893,1,'admin',73,'Content Item: Event Login','Edited','69.57.33.230'),(1382137913,1,'admin',73,'Content Item: Event Login','Edited','69.57.33.230'),(1382137970,1,'admin',73,'Content Item: Event Login','Edited','69.57.33.230'),(1382137987,1,'admin',73,'Content Item: Event Login','Edited','69.57.33.230'),(1382138016,1,'admin',73,'Content Item: Event Login','Edited','69.57.33.230'),(1382138082,1,'admin',73,'Content Item: Event Login','Edited','69.57.33.230'),(1382138098,1,'admin',73,'Content Item: Event Login','Edited','69.57.33.230'),(1382138101,1,'admin',-1,'Error: Syntax Error in template &quot;content:cont','has occured','192.168.0.77'),(1382138157,1,'admin',73,'Content Item: Event Login','Edited','69.57.33.230'),(1382138208,1,'admin',73,'Content Item: Event Login','Edited','69.57.33.230'),(1382138231,1,'admin',73,'Content Item: Event Login','Edited','69.57.33.230'),(1382138244,1,'admin',73,'Content Item: Event Login','Edited','69.57.33.230'),(1382138690,1,'admin',1,'SelfRegistration','User weltbr01@gmail.com registered','192.168.0.77'),(1382138824,1,'admin',-1,'Self Registration Module','A new user has been added to FrontEndUsers: weltbr01@gmail.com','192.168.0.77'),(1382138868,1,'admin',-1,'Frontend User Management','Frontend User Login: weltbr01@gmail.com','192.168.0.77'),(1382139325,1,'admin',-1,'Automated Task Succeeded','GatherNotificationsTask','192.168.0.77'),(1382139675,1,'admin',-1,'Frontend User Management','Frontend User Login: weltbr01@gmail.com','192.168.0.77'),(1382194205,0,'',-1,'Automated Task Succeeded','PruneAdminlogTask',''),(1382288963,0,'',-1,'Automated Task Succeeded','PruneAdminlogTask',''),(1382365742,0,'',-1,'Automated Task Succeeded','GatherNotificationsTask',''),(1382365746,1,'admin',1,'Admin Username: admin','Logged In','69.57.33.230'),(1382365746,1,'admin',-1,'Core','Tested for newer CMSMS Version. None Available.','69.57.33.230'),(1382379993,0,'',-1,'Automated Task Succeeded','PruneAdminlogTask',''),(1382380252,1,'admin',1,'Admin Username: admin','Logged In','69.57.33.230'),(1382380456,1,'admin',24,'HTML-template: IAState_Crop_Bio_Engeering','Edited','69.57.33.230'),(1382380498,1,'admin',24,'HTML-template: IAState_Crop_Bio_Engeering','Edited','69.57.33.230'),(1382380520,1,'admin',24,'HTML-template: IAState_Crop_Bio_Engeering','Edited','69.57.33.230'),(1382380620,1,'admin',24,'HTML-template: IAState_Crop_Bio_Engeering','Edited','69.57.33.230'),(1382380652,1,'admin',24,'HTML-template: IAState_Crop_Bio_Engeering','Edited','69.57.33.230'),(1382380891,1,'admin',-1,'EventsManager','Edited Tempalte registrationslist_Sample','69.57.33.230'),(1382380930,1,'admin',-1,'EventsManager','Edited Tempalte registrationslist_Sample','69.57.33.230'),(1382380940,1,'admin',-1,'EventsManager','Edited Tempalte registrationslist_Sample','69.57.33.230'),(1382380942,1,'admin',-1,'EventsManager','Edited Tempalte registrationslist_Sample','69.57.33.230'),(1382381332,1,'admin',-1,'EventsManager','Edited Tempalte summary_Sample','69.57.33.230'),(1382381375,1,'admin',-1,'EventsManager','Edited Tempalte summary_Sample','69.57.33.230'),(1382381501,1,'admin',-1,'EventsManager','Edited Tempalte summary_Sample','69.57.33.230'),(1382382719,1,'admin',-1,'EventsManager','Edited Tempalte summary_Sample','69.57.33.230'),(1382383788,1,'admin',-1,'Automated Task Succeeded','GatherNotificationsTask','69.57.33.230'),(1382385029,1,'admin',-1,'EventsManager','Edited Tempalte summary_Sample','69.57.33.230'),(1382386681,1,'admin',-1,'EventsManager','Added Template summary_Table','69.57.33.230'),(1382386699,0,'',-1,'Error: Syntax Error in template &quot;module_db_tp','has occured',''),(1382386757,1,'admin',-1,'EventsManager','Edited Tempalte summary_Table','69.57.33.230'),(1382386863,1,'admin',-1,'EventsManager','Edited Tempalte summary_Table','69.57.33.230'),(1382387064,1,'admin',-1,'EventsManager','Edited Tempalte summary_Table','69.57.33.230'),(1382387159,1,'admin',-1,'EventsManager','Edited Tempalte summary_Table','69.57.33.230'),(1382387324,1,'admin',-1,'EventsManager','Edited Tempalte summary_Table','69.57.33.230'),(1382387493,1,'admin',-1,'Automated Task Succeeded','GatherNotificationsTask','69.57.33.230'),(1382387541,1,'admin',-1,'EventsManager','Edited Tempalte registration_Sample','69.57.33.230'),(1382387564,1,'admin',-1,'EventsManager','Edited Tempalte registration_Sample','69.57.33.230'),(1382387756,1,'admin',-1,'EventsManager','Edited Tempalte registration_Sample','69.57.33.230'),(1382387864,1,'admin',-1,'EventsManager','Added Template registration_Simple','69.57.33.230'),(1382387924,0,'',-1,'Frontend User Management','Frontend User Login: weltbr01@gmail.com',''),(1382388064,0,'',-1,'Frontend User Management','Frontend User Logout: weltbr01@gmail.com',''),(1382388593,1,'admin',-1,'EventsManager','Edited Tempalte summary_Table','69.57.33.230'),(1382388978,1,'admin',-1,'EventsManager','Edited Tempalte registration_Simple','69.57.33.230'),(1382389017,1,'admin',-1,'EventsManager','Edited Tempalte registration_Simple','69.57.33.230'),(1382389067,0,'',-1,'Frontend User Management','Frontend User Login: weltbr01@gmail.com',''),(1382390726,0,'',-1,'Frontend User Management','Frontend User Logout: weltbr01@gmail.com',''),(1382391519,1,'admin',-1,'Automated Task Succeeded','GatherNotificationsTask','69.57.33.230'),(1382391638,1,'admin',-1,'EventsManager','Edited Tempalte summary_Table','69.57.33.230'),(1382391808,1,'admin',-1,'EventsManager','Edited Tempalte summary_Table','69.57.33.230'),(1382392645,1,'admin',-1,'EventsManager','Edited Tempalte summary_Table','69.57.33.230'),(1382392649,0,'',-1,'Error: Syntax Error in template &quot;module_db_tp','has occured',''),(1382392684,1,'admin',-1,'EventsManager','Edited Tempalte summary_Table','69.57.33.230'),(1382392762,1,'admin',-1,'EventsManager','Edited Tempalte summary_Table','69.57.33.230'),(1382392874,1,'admin',-1,'EventsManager','Edited Tempalte summary_Table','69.57.33.230'),(1382392903,1,'admin',-1,'EventsManager','Edited Tempalte summary_Table','69.57.33.230'),(1382393008,1,'admin',-1,'EventsManager','Edited Tempalte summary_Table','69.57.33.230'),(1382393065,0,'',-1,'Frontend User Management','Frontend User Login: weltbr01@gmail.com',''),(1382393100,1,'admin',-1,'EventsManager','Edited Tempalte summary_Table','69.57.33.230'),(1382393511,1,'admin',-1,'EventsManager','Edited Tempalte summary_Table','69.57.33.230'),(1382393544,1,'admin',-1,'EventsManager','Edited Tempalte summary_Table','69.57.33.230'),(1382393568,1,'admin',-1,'EventsManager','Edited Tempalte summary_Table','69.57.33.230'),(1382393586,1,'admin',-1,'EventsManager','Edited Tempalte summary_Table','69.57.33.230'),(1382393634,1,'admin',-1,'EventsManager','Edited Tempalte summary_Table','69.57.33.230'),(1382393643,0,'',-1,'Frontend User Management','Frontend User Logout: weltbr01@gmail.com',''),(1382394905,1,'admin',-1,'EventsManager','Edited Tempalte summary_Table','69.57.33.230'),(1382394928,0,'',-1,'Frontend User Management','Frontend User Login: weltbr01@gmail.com',''),(1382395111,1,'admin',-1,'EventsManager','Edited Tempalte summary_Table','69.57.33.230'),(1382395169,1,'admin',-1,'Automated Task Succeeded','GatherNotificationsTask','69.57.33.230'),(1382395169,1,'admin',-1,'EventsManager','Edited Tempalte summary_Table','69.57.33.230'),(1382395516,1,'admin',-1,'EventsManager','Edited Tempalte summary_Table','69.57.33.230'),(1382395562,1,'admin',-1,'EventsManager','Edited Tempalte summary_Table','69.57.33.230'),(1382395747,1,'admin',-1,'EventsManager','Edited Tempalte summary_Table','69.57.33.230'),(1382395749,1,'admin',-1,'EventsManager','Edited Tempalte summary_Table','69.57.33.230'),(1382396266,1,'admin',-1,'EventsManager','Edited Tempalte summary_Table','69.57.33.230'),(1382396331,1,'admin',-1,'EventsManager','Edited Tempalte summary_Table','69.57.33.230'),(1382396337,0,'',-1,'Error: Syntax Error in template &quot;module_db_tp','has occured',''),(1382396349,1,'admin',-1,'EventsManager','Edited Tempalte summary_Table','69.57.33.230'),(1382396355,0,'',-1,'Error: Syntax Error in template &quot;module_db_tp','has occured',''),(1382396378,1,'admin',-1,'EventsManager','Edited Tempalte summary_Table','69.57.33.230'),(1382396382,0,'',-1,'Error: Syntax Error in template &quot;module_db_tp','has occured',''),(1382396385,0,'',-1,'Error: Syntax Error in template &quot;module_db_tp','has occured',''),(1382396421,1,'admin',-1,'EventsManager','Edited Tempalte summary_Table','69.57.33.230'),(1382396527,1,'admin',-1,'EventsManager','Edited Tempalte summary_Table','69.57.33.230'),(1382396615,1,'admin',-1,'EventsManager','Edited Tempalte summary_Table','69.57.33.230'),(1382396682,1,'admin',-1,'EventsManager','Edited Tempalte summary_Table','69.57.33.230'),(1382396897,1,'admin',-1,'EventsManager','Edited Tempalte summary_Table','69.57.33.230'),(1382396944,0,'',-1,'Frontend User Management','Frontend User Logout: weltbr01@gmail.com',''),(1382397302,0,'',-1,'Frontend User Management','Frontend User Login: weltbr01@gmail.com',''),(1382397423,1,'admin',-1,'EventsManager','Edited Tempalte summary_Table','69.57.33.230'),(1382397460,1,'admin',-1,'EventsManager','Edited Tempalte summary_Table','69.57.33.230'),(1382397576,1,'admin',-1,'EventsManager','Edited Tempalte summary_Table','69.57.33.230'),(1382397624,1,'admin',-1,'EventsManager','Edited Tempalte summary_Table','69.57.33.230'),(1382397654,0,'',-1,'Frontend User Management','Frontend User Logout: weltbr01@gmail.com',''),(1382397832,1,'admin',-1,'EventsManager','Edited Tempalte summary_Table','69.57.33.230'),(1382397854,0,'',-1,'Frontend User Management','Frontend User Login: weltbr01@gmail.com',''),(1382397901,0,'',-1,'Frontend User Management','Frontend User Logout: weltbr01@gmail.com',''),(1382397931,1,'admin',-1,'EventsManager','Edited Tempalte summary_Table','69.57.33.230'),(1382398105,1,'admin',73,'Content Item: Event Login','Edited','69.57.33.230'),(1382398121,0,'',-1,'Frontend User Management','Frontend User Login: weltbr01@gmail.com',''),(1382398134,0,'',-1,'Frontend User Management','Frontend User Logout: weltbr01@gmail.com',''),(1382462411,0,'',-1,'Frontend User Management','Frontend User Login: weltbr01@gmail.com',''),(1382462567,1,'admin',1,'Admin Username: admin','Logged In','69.57.33.230'),(1382463208,1,'admin',-1,'EventsManager','Edited Tempalte summary_Table','69.57.33.230'),(1382463643,1,'admin',-1,'Frontend User Management','Frontend User Logout: weltbr01@gmail.com','69.57.33.230'),(1382465432,1,'admin',-1,'Automated Task Succeeded','GatherNotificationsTask','69.57.33.230'),(1382465764,1,'admin',72,'Content Item: Event Registration','Edited','69.57.33.230'),(1382466057,1,'admin',72,'Content Item: Event Registration','Edited','69.57.33.230'),(1382466234,1,'admin',72,'Content Item: Event Registration','Edited','69.57.33.230'),(1382466288,1,'admin',72,'Content Item: Event Registration','Edited','69.57.33.230'),(1382466381,1,'admin',72,'Content Item: Event Registration','Edited','69.57.33.230'),(1382466487,1,'admin',72,'Content Item: Event Registration','Edited','69.57.33.230'),(1382467813,1,'admin',-1,'EventsManager','Added Template summary_AdamShawCalendar','69.57.33.230'),(1382468135,1,'admin',72,'Content Item: Event Registration','Edited','69.57.33.230'),(1382468529,1,'admin',-1,'EventsManager','Edited Tempalte summary_AdamShawCalendar','69.57.33.230'),(1382468537,1,'admin',-1,'EventsManager','Edited Tempalte summary_AdamShawCalendar','69.57.33.230'),(1382468613,1,'admin',72,'Content Item: Event Registration','Edited','69.57.33.230'),(1382468691,1,'admin',-1,'EventsManager','Edited Tempalte summary_AdamShawCalendar','69.57.33.230'),(1382468756,1,'admin',-1,'EventsManager','Edited Tempalte summary_AdamShawCalendar','69.57.33.230'),(1382468802,1,'admin',72,'Content Item: Event Registration','Edited','69.57.33.230'),(1382468991,1,'admin',-1,'EventsManager','Edited Tempalte summary_AdamShawCalendar','69.57.33.230'),(1382469016,1,'admin',-1,'EventsManager','Edited Tempalte summary_AdamShawCalendar','69.57.33.230'),(1382469114,1,'admin',-1,'Automated Task Succeeded','PruneAdminlogTask','69.57.33.230'),(1382469114,1,'admin',-1,'Automated Task Succeeded','GatherNotificationsTask','69.57.33.230'),(1382469114,1,'admin',-1,'EventsManager','Edited Tempalte summary_AdamShawCalendar','69.57.33.230'),(1382469132,1,'admin',-1,'EventsManager','Edited Tempalte summary_AdamShawCalendar','69.57.33.230'),(1382469153,1,'admin',72,'Content Item: Event Registration','Edited','69.57.33.230'),(1382469347,1,'admin',-1,'EventsManager','Edited Tempalte summary_AdamShawCalendar','69.57.33.230'),(1382469350,1,'admin',72,'Content Item: Event Registration','Edited','69.57.33.230'),(1382469582,1,'admin',-1,'EventsManager','Edited Tempalte summary_AdamShawCalendar','69.57.33.230'),(1382469670,1,'admin',-1,'EventsManager','Edited Tempalte summary_AdamShawCalendar','69.57.33.230'),(1382469784,1,'admin',-1,'EventsManager','Edited Tempalte summary_AdamShawCalendar','69.57.33.230'),(1382469800,1,'admin',-1,'EventsManager','Edited Tempalte summary_AdamShawCalendar','69.57.33.230'),(1382469831,1,'admin',-1,'EventsManager','Edited Tempalte summary_AdamShawCalendar','69.57.33.230'),(1382469856,1,'admin',-1,'EventsManager','Edited Tempalte summary_AdamShawCalendar','69.57.33.230'),(1382469880,1,'admin',-1,'EventsManager','Edited Tempalte summary_AdamShawCalendar','69.57.33.230'),(1382469903,1,'admin',-1,'EventsManager','Edited Tempalte summary_AdamShawCalendar','69.57.33.230'),(1382470067,1,'admin',-1,'EventsManager','Edited Tempalte summary_AdamShawCalendar','69.57.33.230'),(1382470142,1,'admin',-1,'EventsManager','Edited Tempalte summary_AdamShawCalendar','69.57.33.230'),(1382470191,1,'admin',-1,'EventsManager','Edited Tempalte summary_AdamShawCalendar','69.57.33.230'),(1382470527,1,'admin',-1,'EventsManager','Edited Tempalte summary_AdamShawCalendar','69.57.33.230'),(1382470565,1,'admin',-1,'EventsManager','Edited Tempalte summary_AdamShawCalendar','69.57.33.230'),(1382470588,1,'admin',-1,'EventsManager','Edited Tempalte summary_AdamShawCalendar','69.57.33.230'),(1382470999,1,'admin',-1,'FileManager','jquery.qtip-1.0.0-rc3.min.js uploaded to /var/www/html/uploads/images/investigators','69.57.33.230'),(1382471026,1,'admin',-1,'FileManager','jquery.qtip-1.0.0-rc3.min.js uploaded to /var/www/html/uploads/images','69.57.33.230'),(1382471089,1,'admin',-1,'File Manager','Created new directory: js','69.57.33.230'),(1382471128,1,'admin',-1,'File Manager','Removed file: /var/www/html/uploads/images/js','69.57.33.230'),(1382471148,1,'admin',-1,'File Manager','Created new directory: js','69.57.33.230'),(1382471342,1,'admin',-1,'EventsManager','Edited Tempalte summary_AdamShawCalendar','69.57.33.230'),(1382471373,1,'admin',-1,'EventsManager','Edited Tempalte summary_AdamShawCalendar','69.57.33.230'),(1382471392,1,'admin',-1,'EventsManager','Edited Tempalte summary_AdamShawCalendar','69.57.33.230'),(1382471769,1,'admin',-1,'EventsManager','Edited Tempalte summary_AdamShawCalendar','69.57.33.230'),(1382471946,1,'admin',-1,'EventsManager','Added Template detail_Simple','69.57.33.230'),(1382472122,1,'admin',72,'Content Item: Event Registration','Edited','69.57.33.230'),(1382472266,1,'admin',-1,'EventsManager','Edited Tempalte detail_Simple','69.57.33.230'),(1382472914,1,'admin',-1,'Automated Task Succeeded','GatherNotificationsTask','69.57.33.230'),(1382473033,1,'admin',-1,'EventsManager','Edited Tempalte detail_Simple','69.57.33.230'),(1382473036,1,'admin',-1,'Error: Syntax Error in template &quot;module_db_tp','has occured','69.57.33.230'),(1382473036,1,'admin',-1,'Error: Syntax Error in template &quot;module_db_tp','has occured','69.57.33.230'),(1382473086,1,'admin',-1,'EventsManager','Edited Tempalte detail_Simple','69.57.33.230'),(1382473089,1,'admin',-1,'Error: Syntax Error in template &quot;module_db_tp','has occured','69.57.33.230'),(1382473090,1,'admin',-1,'Error: Syntax Error in template &quot;module_db_tp','has occured','69.57.33.230'),(1382473124,1,'admin',-1,'Error: Syntax Error in template &quot;module_db_tp','has occured','69.57.33.230'),(1382473125,1,'admin',-1,'Error: Syntax Error in template &quot;module_db_tp','has occured','69.57.33.230'),(1382473164,1,'admin',-1,'EventsManager','Edited Tempalte detail_Simple','69.57.33.230'),(1382473328,1,'admin',-1,'EventsManager','Edited Tempalte detail_Simple','69.57.33.230'),(1382473434,1,'admin',-1,'EventsManager','Edited Tempalte detail_Simple','69.57.33.230'),(1382473459,1,'admin',-1,'EventsManager','Edited Tempalte detail_Simple','69.57.33.230'),(1382473596,1,'admin',-1,'EventsManager','Edited Tempalte detail_Simple','69.57.33.230'),(1382474888,1,'admin',-1,'EventsManager','Edited Tempalte detail_Simple','69.57.33.230'),(1382474949,1,'admin',-1,'EventsManager','Edited Tempalte detail_Simple','69.57.33.230'),(1382474990,1,'admin',-1,'EventsManager','Edited Tempalte detail_Simple','69.57.33.230'),(1382475021,1,'admin',-1,'EventsManager','Edited Tempalte detail_Simple','69.57.33.230'),(1382475026,1,'admin',-1,'Error: Syntax Error in template &quot;module_db_tp','has occured','69.57.33.230'),(1382475027,1,'admin',-1,'Error: Syntax Error in template &quot;module_db_tp','has occured','69.57.33.230'),(1382475090,1,'admin',-1,'EventsManager','Edited Tempalte detail_Simple','69.57.33.230'),(1382475135,1,'admin',-1,'EventsManager','Edited Tempalte detail_Simple','69.57.33.230'),(1382475178,1,'admin',-1,'EventsManager','Edited Tempalte detail_Simple','69.57.33.230'),(1382475211,1,'admin',-1,'EventsManager','Edited Tempalte detail_Simple','69.57.33.230'),(1382475364,1,'admin',-1,'Frontend User Management','Frontend User Login: weltbr01@gmail.com','69.57.33.230'),(1382475770,1,'admin',73,'Content Item: Event Login','Edited','69.57.33.230'),(1382476171,1,'admin',-1,'Frontend User Management','Frontend User Logout: weltbr01@gmail.com','69.57.33.230'),(1382476321,1,'admin',-1,'Frontend User Management','Frontend User Login: weltbr01@gmail.com','69.57.33.230'),(1382476726,1,'admin',-1,'Automated Task Succeeded','GatherNotificationsTask','69.57.33.230'),(1382476812,1,'admin',73,'Content Item: Event Login','Edited','69.57.33.230'),(1382476819,1,'admin',-1,'Frontend User Management','Frontend User Logout: weltbr01@gmail.com','69.57.33.230'),(1382478161,1,'admin',75,'Content Item: Events List','Added','69.57.33.230'),(1382478302,1,'admin',75,'Content Item: Events List','Edited','69.57.33.230'),(1382478406,1,'admin',75,'Content Item: Events List','Edited','69.57.33.230'),(1382479427,1,'admin',72,'Content Item: Event Registration','Edited','69.57.33.230'),(1382479727,1,'admin',-1,'EventsManager','Edited Tempalte detail_Simple','69.57.33.230'),(1382479746,1,'admin',-1,'EventsManager','Edited Tempalte detail_Simple','69.57.33.230'),(1382480020,1,'admin',-1,'EventsManager','Edited Tempalte detail_Simple','69.57.33.230'),(1382480145,1,'admin',-1,'EventsManager','Edited Tempalte detail_Simple','69.57.33.230'),(1382480220,1,'admin',-1,'EventsManager','Edited Tempalte detail_Simple','69.57.33.230'),(1382480370,1,'admin',-1,'Automated Task Succeeded','GatherNotificationsTask','69.57.33.230'),(1382480370,1,'admin',-1,'EventsManager','Edited Tempalte detail_Simple','69.57.33.230'),(1382480706,1,'admin',-1,'EventsManager','Edited Tempalte summary_Sample','69.57.33.230'),(1382480848,1,'admin',-1,'EventsManager','Edited Tempalte summary_Sample','69.57.33.230'),(1382480853,1,'admin',-1,'EventsManager','Edited Tempalte summary_Sample','69.57.33.230'),(1382480874,1,'admin',-1,'EventsManager','Edited Tempalte detail_Simple','69.57.33.230'),(1382481025,1,'admin',73,'Content Item: Event Login','Edited','69.57.33.230'),(1382481043,1,'admin',73,'Content Item: Event Login','Edited','69.57.33.230'),(1382481241,1,'admin',-1,'Frontend User Management','Frontend User Login: weltbr01@gmail.com','69.57.33.230'),(1382481262,1,'admin',-1,'Frontend User Management','Frontend User Logout: weltbr01@gmail.com','69.57.33.230'),(1382481511,1,'admin',73,'Content Item: Event Login','Edited','69.57.33.230'),(1382481608,1,'admin',73,'Content Item: Event Login','Edited','69.57.33.230'),(1382481646,1,'admin',73,'Content Item: Event Login','Edited','69.57.33.230'),(1382481792,1,'admin',73,'Content Item: Event Login','Edited','69.57.33.230'),(1382482064,1,'admin',73,'Content Item: Event Login','Edited','69.57.33.230'),(1382548807,1,'admin',1,'Admin Username: admin','Logged In','69.57.33.230'),(1382548807,1,'admin',-1,'Core','Tested for newer CMSMS Version. None Available.','69.57.33.230'),(1382550162,1,'admin',-1,'Error: Unable to load template content \'content_en','has occured','69.57.33.230'),(1382550221,1,'admin',76,'Content Item: User Registration','Added','69.57.33.230'),(1382553290,1,'admin',-1,'Error: Syntax Error in template &quot;module_db_tp','has occured','69.57.33.230'),(1382553318,1,'admin',-1,'Error: Syntax Error in template &quot;module_db_tp','has occured','69.57.33.230'),(1382554579,1,'admin',-1,'Frontend User Management','Frontend User Login: weltbr01@gmail.com','69.57.33.230'),(1382554674,1,'admin',-1,'Frontend User Management','Frontend User Logout: weltbr01@gmail.com','69.57.33.230'),(1382554957,1,'admin',-1,'EventsManager','Edited Tempalte summary_AdamShawCalendar','69.57.33.230'),(1382555003,1,'admin',-1,'Frontend User Management','Frontend User Login: weltbr01@gmail.com','69.57.33.230'),(1382555072,1,'admin',-1,'EventsManager','Edited Tempalte summary_AdamShawCalendar','69.57.33.230'),(1382555112,1,'admin',-1,'EventsManager','Edited Tempalte summary_AdamShawCalendar','69.57.33.230'),(1382555222,1,'admin',-1,'EventsManager','Edited Tempalte summary_AdamShawCalendar','69.57.33.230'),(1382555228,1,'admin',-1,'Frontend User Management','Frontend User Logout: weltbr01@gmail.com','69.57.33.230'),(1382555316,1,'admin',-1,'EventsManager','Edited Tempalte summary_AdamShawCalendar','69.57.33.230'),(1382555427,1,'admin',72,'Content Item: Event Registration','Edited','69.57.33.230'),(1382556188,1,'admin',-1,'Automated Task Succeeded','PruneAdminlogTask','69.57.33.230'),(1382556188,1,'admin',-1,'Automated Task Succeeded','GatherNotificationsTask','69.57.33.230'),(1382556442,1,'admin',-1,'EventsManager','Edited Tempalte summary_Table','69.57.33.230'),(1382556551,1,'admin',75,'Content Item: Event List','Edited','69.57.33.230'),(1382556625,1,'admin',73,'Content Item: Event Login','Edited','69.57.33.230'),(1382556722,1,'admin',-1,'Frontend User Management','Frontend User Login: weltbr01@gmail.com','69.57.33.230'),(1382557326,1,'admin',73,'Content Item: Event Login','Edited','69.57.33.230'),(1382557330,1,'admin',-1,'Frontend User Management','Frontend User Logout: weltbr01@gmail.com','69.57.33.230'),(1382557350,1,'admin',-1,'Frontend User Management','Frontend User Logout: ','69.57.33.230'),(1382557369,1,'admin',-1,'Frontend User Management','Frontend User Login: weltbr01@gmail.com','69.57.33.230'),(1382557387,1,'admin',-1,'Frontend User Management','Frontend User Logout: weltbr01@gmail.com','69.57.33.230'),(1382557412,1,'admin',2,'SelfRegistration','User weltbr.01@gmail.com registered','69.57.33.230'),(1382557412,1,'admin',-1,'Self Registration Module','A new user has been added to FrontEndUsers: weltbr.01@gmail.com','69.57.33.230'),(1382557458,1,'admin',-1,'Frontend User Management','Frontend User Logout: weltbr.01@gmail.com','69.57.33.230'),(1382557738,1,'admin',76,'Content Item: User Registration','Edited','69.57.33.230'),(1382557766,1,'admin',3,'SelfRegistration','User we.ltbr01@gmail.com registered','69.57.33.230'),(1382557766,1,'admin',-1,'Self Registration Module','A new user has been added to FrontEndUsers: we.ltbr01@gmail.com','69.57.33.230'),(1382557955,1,'admin',76,'Content Item: User Registration','Edited','69.57.33.230'),(1382558233,1,'admin',76,'Content Item: User Registration','Edited','69.57.33.230'),(1382558280,1,'admin',-1,'Frontend User Management','Frontend User Logout: we.ltbr01@gmail.com','69.57.33.230'),(1382558345,1,'admin',4,'SelfRegistration','User wel.tbr01@gmail.com registered','69.57.33.230'),(1382558345,1,'admin',-1,'Self Registration Module','A new user has been added to FrontEndUsers: wel.tbr01@gmail.com','69.57.33.230'),(1382558400,1,'admin',-1,'Frontend User Management','Frontend User Logout: wel.tbr01@gmail.com','69.57.33.230'),(1382559210,1,'admin',73,'Content Item: Event Login','Edited','69.57.33.230'),(1382559269,1,'admin',73,'Content Item: Event Login','Edited','69.57.33.230'),(1382559390,1,'admin',73,'Content Item: Event Login','Edited','69.57.33.230'),(1382559418,1,'admin',-1,'Frontend User Management','Frontend User Login: wel.tbr01@gmail.com','69.57.33.230'),(1382559709,1,'admin',-1,'Frontend User Management','Frontend User Logout: wel.tbr01@gmail.com','69.57.33.230'),(1382559850,1,'admin',-1,'Automated Task Succeeded','GatherNotificationsTask','69.57.33.230'),(1382559940,1,'admin',73,'Content Item: Event Login','Edited','69.57.33.230'),(1382559957,1,'admin',-1,'Frontend User Management','Frontend User Login: wel.tbr01@gmail.com','69.57.33.230'),(1382560029,1,'admin',-1,'Frontend User Management','Frontend User Logout: wel.tbr01@gmail.com','69.57.33.230'),(1382560158,1,'admin',-1,'Frontend User Management','Frontend User Login: weltbr01@gmail.com','69.57.33.230'),(1382562266,1,'admin',54,'Stylesheet: IAState','Changed','69.57.33.230'),(1382562349,1,'admin',54,'Stylesheet: IAState','Changed','69.57.33.230'),(1382562411,1,'admin',54,'Stylesheet: IAState','Changed','69.57.33.230'),(1382562449,1,'admin',54,'Stylesheet: IAState','Changed','69.57.33.230'),(1382562463,1,'admin',54,'Stylesheet: IAState','Changed','69.57.33.230'),(1382562519,1,'admin',54,'Stylesheet: IAState','Changed','69.57.33.230'),(1382562552,1,'admin',54,'Stylesheet: IAState','Changed','69.57.33.230'),(1382562596,1,'admin',54,'Stylesheet: IAState','Changed','69.57.33.230'),(1382562740,1,'admin',54,'Stylesheet: IAState','Changed','69.57.33.230'),(1382562963,1,'admin',54,'Stylesheet: IAState','Changed','69.57.33.230'),(1382563120,1,'admin',54,'Stylesheet: IAState','Changed','69.57.33.230'),(1382563207,1,'admin',54,'Stylesheet: IAState','Changed','69.57.33.230'),(1382563246,1,'admin',54,'Stylesheet: IAState','Changed','69.57.33.230'),(1382563302,1,'admin',54,'Stylesheet: IAState','Changed','69.57.33.230'),(1382563442,1,'admin',54,'Stylesheet: IAState','Changed','69.57.33.230'),(1382563568,1,'admin',54,'Stylesheet: IAState','Changed','69.57.33.230'),(1382563719,1,'admin',54,'Stylesheet: IAState','Changed','69.57.33.230'),(1382563791,1,'admin',54,'Stylesheet: IAState','Changed','69.57.33.230'),(1382563953,1,'admin',54,'Stylesheet: IAState','Changed','69.57.33.230'),(1382564031,1,'admin',54,'Stylesheet: IAState','Changed','69.57.33.230'),(1382564347,1,'admin',54,'Stylesheet: IAState','Changed','69.57.33.230'),(1382564392,1,'admin',54,'Stylesheet: IAState','Changed','69.57.33.230'),(1382564563,1,'admin',75,'Content Item: Event List','Edited','69.57.33.230'),(1382564859,1,'admin',-1,'EventsManager','Edited Tempalte summary_Table','69.57.33.230'),(1382564864,1,'admin',-1,'Error: Syntax Error in template &quot;module_db_tp','has occured','69.57.33.230'),(1382565118,1,'admin',-1,'EventsManager','Edited Tempalte summary_Table','69.57.33.230'),(1382565121,1,'admin',-1,'Error: Syntax Error in template &quot;module_db_tp','has occured','69.57.33.230'),(1382565159,1,'admin',-1,'EventsManager','Edited Tempalte summary_Table','69.57.33.230'),(1382565185,1,'admin',-1,'EventsManager','Edited Tempalte summary_Table','69.57.33.230'),(1382565235,1,'admin',-1,'EventsManager','Edited Tempalte summary_Table','69.57.33.230'),(1382565258,1,'admin',-1,'EventsManager','Edited Tempalte summary_Table','69.57.33.230'),(1382565292,1,'admin',-1,'EventsManager','Edited Tempalte summary_Table','69.57.33.230'),(1382565394,1,'admin',-1,'EventsManager','Edited Tempalte summary_Table','69.57.33.230'),(1382565398,1,'admin',-1,'Error: Syntax Error in template &quot;module_db_tp','has occured','69.57.33.230'),(1382565422,1,'admin',-1,'EventsManager','Edited Tempalte summary_Table','69.57.33.230'),(1382565431,1,'admin',-1,'Error: Syntax Error in template &quot;module_db_tp','has occured','69.57.33.230'),(1382565447,1,'admin',-1,'EventsManager','Edited Tempalte summary_Table','69.57.33.230'),(1382565494,1,'admin',-1,'EventsManager','Edited Tempalte summary_Table','69.57.33.230'),(1382565540,1,'admin',-1,'EventsManager','Edited Tempalte summary_Table','69.57.33.230'),(1382565603,1,'admin',-1,'EventsManager','Edited Tempalte summary_Table','69.57.33.230'),(1382565635,1,'admin',-1,'EventsManager','Edited Tempalte summary_Table','69.57.33.230'),(1382565662,1,'admin',-1,'EventsManager','Edited Tempalte summary_Table','69.57.33.230'),(1382565694,1,'admin',-1,'Frontend User Management','Frontend User Login: weltbr01@gmail.com','69.57.33.230'),(1382565816,1,'admin',-1,'EventsManager','Edited Tempalte summary_Table','69.57.33.230'),(1382565972,1,'admin',-1,'EventsManager','Edited Tempalte detail_Simple','69.57.33.230'),(1382566083,1,'admin',-1,'EventsManager','Edited Tempalte detail_Simple','69.57.33.230'),(1382566130,1,'admin',-1,'EventsManager','Edited Tempalte detail_Simple','69.57.33.230'),(1382566376,1,'admin',-1,'EventsManager','Edited Tempalte detail_Simple','69.57.33.230'),(1382566387,1,'admin',-1,'Frontend User Management','Frontend User Logout: weltbr01@gmail.com','69.57.33.230'),(1382566419,1,'admin',-1,'EventsManager','Edited Tempalte detail_Simple','69.57.33.230'),(1382567536,1,'admin',-1,'Automated Task Succeeded','GatherNotificationsTask','69.57.33.230'),(1382567536,1,'admin',-1,'EventsManager','Edited Tempalte detail_Simple','69.57.33.230'),(1382567603,1,'admin',-1,'EventsManager','Edited Tempalte detail_Simple','69.57.33.230'),(1382567737,1,'admin',-1,'EventsManager','Edited Tempalte detail_Simple','69.57.33.230'),(1382567832,1,'admin',-1,'EventsManager','Edited Tempalte detail_Simple','69.57.33.230'),(1382568150,1,'admin',73,'Content Item: Event Login','Edited','69.57.33.230'),(1382568183,1,'admin',73,'Content Item: Event Login','Edited','69.57.33.230'),(1382568891,1,'admin',-1,'Frontend User Management','Frontend User Login: weltbr01@gmail.com','69.57.33.230'),(1382568897,1,'admin',-1,'Frontend User Management','Frontend User Logout: weltbr01@gmail.com','69.57.33.230'),(1382568949,1,'admin',73,'Content Item: Event Login','Edited','69.57.33.230'),(1382568972,1,'admin',-1,'Frontend User Management','Frontend User Login: weltbr01@gmail.com','69.57.33.230'),(1382569350,1,'admin',73,'Content Item: Event Login','Edited','69.57.33.230'),(1382569421,1,'admin',73,'Content Item: Event Login','Edited','69.57.33.230'),(1382569447,1,'admin',-1,'Frontend User Management','Frontend User Logout: weltbr01@gmail.com','69.57.33.230'),(1382569548,1,'admin',73,'Content Item: Event Login','Edited','69.57.33.230'),(1382569671,1,'admin',-1,'Frontend User Management','Frontend User Login: weltbr01@gmail.com','69.57.33.230'),(1382569721,1,'admin',-1,'EventsManager','Edited Tempalte detail_Simple','69.57.33.230'),(1382569744,1,'admin',-1,'Frontend User Management','Frontend User Logout: weltbr01@gmail.com','69.57.33.230'),(1382569896,1,'admin',-1,'Frontend User Management','Frontend User Login: weltbr01@gmail.com','69.57.33.230'),(1382570279,1,'admin',73,'Content Item: Event Login','Edited','69.57.33.230'),(1382570309,1,'admin',-1,'Frontend User Management','Frontend User Logout: weltbr01@gmail.com','69.57.33.230'),(1382570399,1,'admin',-1,'Frontend User Management','Frontend User Login: weltbr01@gmail.com','69.57.33.230'),(1382570409,1,'admin',-1,'Frontend User Management','Frontend User Logout: weltbr01@gmail.com','69.57.33.230'),(1382570575,1,'admin',73,'Content Item: Event Login','Edited','69.57.33.230'),(1382570706,1,'admin',73,'Content Item: Event Login','Edited','69.57.33.230'),(1382570730,1,'admin',-1,'Frontend User Management','Frontend User Login: weltbr01@gmail.com','69.57.33.230'),(1382570743,1,'admin',-1,'Frontend User Management','Frontend User Logout: weltbr01@gmail.com','69.57.33.230'),(1382570863,1,'admin',-1,'EventsManager','Edited Tempalte summary_AdamShawCalendar','69.57.33.230'),(1382570911,1,'admin',-1,'EventsManager','Edited Tempalte summary_AdamShawCalendar','69.57.33.230'),(1382570934,1,'admin',-1,'Frontend User Management','Frontend User Login: weltbr01@gmail.com','69.57.33.230'),(1382570939,1,'admin',-1,'Frontend User Management','Frontend User Logout: weltbr01@gmail.com','69.57.33.230'),(1382571266,1,'admin',-1,'Automated Task Succeeded','GatherNotificationsTask','69.57.33.230'),(1382571266,1,'admin',73,'Content Item: Event Login','Edited','69.57.33.230'),(1382571342,1,'admin',-1,'EventsManager','Edited Tempalte summary_AdamShawCalendar','69.57.33.230'),(1382571365,1,'admin',-1,'Frontend User Management','Frontend User Login: weltbr01@gmail.com','69.57.33.230'),(1382571369,1,'admin',-1,'Frontend User Management','Frontend User Logout: weltbr01@gmail.com','69.57.33.230'),(1382571426,1,'admin',73,'Content Item: Event Login','Edited','69.57.33.230'),(1382571450,1,'admin',73,'Content Item: Event Login','Edited','69.57.33.230'),(1382571477,1,'admin',73,'Content Item: Event Login','Edited','69.57.33.230'),(1382571495,1,'admin',-1,'Frontend User Management','Frontend User Login: weltbr01@gmail.com','69.57.33.230'),(1382571519,1,'admin',-1,'Frontend User Management','Frontend User Logout: weltbr01@gmail.com','69.57.33.230'),(1382571565,1,'admin',-1,'Frontend User Management','Frontend User Login: weltbr01@gmail.com','69.57.33.230'),(1382571652,1,'admin',-1,'EventsManager','Edited Tempalte summary_AdamShawCalendar','69.57.33.230'),(1382571685,1,'admin',-1,'Frontend User Management','Frontend User Logout: weltbr01@gmail.com','69.57.33.230'),(1382571727,1,'admin',-1,'Frontend User Management','Frontend User Login: weltbr01@gmail.com','69.57.33.230'),(1382571745,1,'admin',-1,'Frontend User Management','Frontend User Logout: weltbr01@gmail.com','69.57.33.230'),(1382571797,1,'admin',-1,'Frontend User Management','Frontend User Login: weltbr01@gmail.com','69.57.33.230'),(1382571801,1,'admin',-1,'Frontend User Management','Frontend User Logout: weltbr01@gmail.com','69.57.33.230'),(1382572131,1,'admin',77,'Content Item: Event Logout','Added','69.57.33.230'),(1382572290,1,'admin',77,'Core','Content Item: Event Logout','69.57.33.230'),(1382572566,1,'admin',-1,'Frontend User Management','Frontend User Login: weltbr01@gmail.com','69.57.33.230'),(1382572630,1,'admin',-1,'EventsManager','Edited Tempalte summary_AdamShawCalendar','69.57.33.230'),(1382572658,1,'admin',-1,'EventsManager','Edited Tempalte summary_AdamShawCalendar','69.57.33.230'),(1382572674,1,'admin',-1,'Frontend User Management','Frontend User Logout: weltbr01@gmail.com','69.57.33.230'),(1382572720,1,'admin',-1,'Frontend User Management','Frontend User Login: weltbr01@gmail.com','69.57.33.230'),(1382572943,1,'admin',-1,'EventsManager','Edited Tempalte summary_AdamShawCalendar','69.57.33.230'),(1382573054,1,'admin',-1,'EventsManager','Edited Tempalte summary_AdamShawCalendar','69.57.33.230'),(1382573060,1,'admin',-1,'Frontend User Management','Frontend User Logout: weltbr01@gmail.com','69.57.33.230'),(1382573150,1,'admin',-1,'EventsManager','Edited Tempalte summary_AdamShawCalendar','69.57.33.230'),(1382573179,1,'admin',-1,'Frontend User Management','Frontend User Login: weltbr01@gmail.com','69.57.33.230'),(1382573257,1,'admin',-1,'EventsManager','Edited Tempalte summary_AdamShawCalendar','69.57.33.230'),(1382573275,1,'admin',-1,'Frontend User Management','Frontend User Logout: weltbr01@gmail.com','69.57.33.230'),(1382573300,1,'admin',-1,'Frontend User Management','Frontend User Login: weltbr01@gmail.com','69.57.33.230'),(1382573335,1,'admin',-1,'EventsManager','Edited Tempalte summary_AdamShawCalendar','69.57.33.230'),(1382573341,1,'admin',-1,'Frontend User Management','Frontend User Logout: weltbr01@gmail.com','69.57.33.230'),(1382574173,1,'admin',3,'User Defined Tag: feulinks','Added','69.57.33.230'),(1382574219,1,'admin',-1,'EventsManager','Edited Tempalte summary_AdamShawCalendar','69.57.33.230'),(1382574252,1,'admin',-1,'EventsManager','Edited Tempalte summary_AdamShawCalendar','69.57.33.230'),(1382574561,1,'admin',3,'User Defined Tag: feulinks','Edited','69.57.33.230'),(1382574589,1,'admin',3,'User Defined Tag: feulinks','Edited','69.57.33.230'),(1382574611,1,'admin',-1,'EventsManager','Edited Tempalte summary_AdamShawCalendar','69.57.33.230'),(1382574643,1,'admin',3,'User Defined Tag: feulinks','Edited','69.57.33.230'),(1382575168,1,'admin',-1,'Frontend User Management','Frontend User Login: weltbr01@gmail.com','69.57.33.230'),(1382575425,1,'admin',3,'User Defined Tag: feulinks','Edited','69.57.33.230'),(1382575546,1,'admin',3,'User Defined Tag: feulinks','Edited','69.57.33.230'),(1382575595,1,'admin',3,'User Defined Tag: feulinks','Edited','69.57.33.230'),(1382575645,1,'admin',3,'User Defined Tag: feulinks','Edited','69.57.33.230'),(1382576379,1,'admin',3,'User Defined Tag: feulinks','Edited','69.57.33.230'),(1382576683,1,'admin',3,'User Defined Tag: feulinks','Edited','69.57.33.230'),(1382576700,1,'admin',3,'User Defined Tag: feulinks','Edited','69.57.33.230'),(1382576768,1,'admin',3,'User Defined Tag: feulinks','Edited','69.57.33.230'),(1382576811,1,'admin',3,'User Defined Tag: feulinks','Edited','69.57.33.230'),(1382576859,1,'admin',3,'User Defined Tag: feulinks','Edited','69.57.33.230'),(1382576882,1,'admin',3,'User Defined Tag: feulinks','Edited','69.57.33.230'),(1382576958,1,'admin',3,'User Defined Tag: feulinks','Edited','69.57.33.230'),(1382576999,1,'admin',3,'User Defined Tag: feulinks','Edited','69.57.33.230'),(1382577121,1,'admin',3,'User Defined Tag: feulinks','Edited','69.57.33.230'),(1382577202,1,'admin',3,'User Defined Tag: feulinks','Edited','69.57.33.230'),(1382577291,1,'admin',3,'User Defined Tag: feulinks','Edited','69.57.33.230'),(1382577343,1,'admin',3,'User Defined Tag: feulinks','Edited','69.57.33.230'),(1382577470,1,'admin',3,'User Defined Tag: feulinks','Edited','69.57.33.230'),(1382577493,1,'admin',3,'User Defined Tag: feulinks','Edited','69.57.33.230'),(1382577678,1,'admin',3,'User Defined Tag: feulinks','Edited','69.57.33.230'),(1382578459,1,'admin',3,'User Defined Tag: feulinks','Deleted','69.57.33.230'),(1382578570,1,'admin',-1,'EventsManager','Edited Tempalte summary_AdamShawCalendar','69.57.33.230'),(1382578579,1,'admin',-1,'Frontend User Management','Frontend User Logout: weltbr01@gmail.com','69.57.33.230'),(1382630644,0,'',-1,'Frontend User Management','Frontend User Login: weltbr01@gmail.com',''),(1382630962,1,'admin',1,'Admin Username: admin','Logged In','69.57.33.230'),(1382630997,1,'admin',-1,'Frontend User Management','Frontend User Logout: weltbr01@gmail.com','69.57.33.230'),(1382631063,1,'admin',-1,'Frontend User Management','Frontend User Login: weltbr01@gmail.com','69.57.33.230'),(1382631184,1,'admin',-1,'Frontend User Management','Frontend User Logout: weltbr01@gmail.com','69.57.33.230'),(1382631528,1,'admin',-1,'Frontend User Management','Frontend User Login: weltbr01@gmail.com','69.57.33.230'),(1382631543,1,'admin',-1,'Frontend User Management','Frontend User Logout: weltbr01@gmail.com','69.57.33.230'),(1382633225,1,'admin',-1,'Frontend User Management','Frontend User Login: weltbr01@gmail.com','69.57.33.230'),(1382633229,1,'admin',-1,'Frontend User Management','Frontend User Logout: weltbr01@gmail.com','69.57.33.230'),(1382633253,1,'admin',-1,'Frontend User Management','Frontend User Login: weltbr01@gmail.com','69.57.33.230'),(1382633265,1,'admin',-1,'Frontend User Management','Frontend User Logout: weltbr01@gmail.com','69.57.33.230'),(1382634362,1,'admin',73,'Content Item: Event Login','Edited','69.57.33.230'),(1382634377,1,'admin',-1,'Frontend User Management','Frontend User Logout: ','69.57.33.230'),(1382634433,1,'admin',-1,'Frontend User Management','Frontend User Login: weltbr01@gmail.com','69.57.33.230'),(1382634717,1,'admin',-1,'Frontend User Management','Frontend User Logout: weltbr01@gmail.com','69.57.33.230'),(1382634739,1,'admin',-1,'Frontend User Management','Frontend User Login: weltbr01@gmail.com','69.57.33.230'),(1382634813,1,'admin',73,'Content Item: Event Login','Edited','69.57.33.230'),(1382634837,1,'admin',-1,'Frontend User Management','Frontend User Logout: weltbr01@gmail.com','69.57.33.230'),(1382635072,1,'admin',-1,'EventsManager','Edited Tempalte summary_AdamShawCalendar','69.57.33.230'),(1382635099,1,'admin',-1,'EventsManager','Edited Tempalte summary_AdamShawCalendar','69.57.33.230'),(1382635109,1,'admin',-1,'EventsManager','Edited Tempalte summary_AdamShawCalendar','69.57.33.230'),(1382635127,1,'admin',-1,'EventsManager','Edited Tempalte summary_AdamShawCalendar','69.57.33.230'),(1382635148,1,'admin',-1,'EventsManager','Edited Tempalte summary_AdamShawCalendar','69.57.33.230'),(1382635438,1,'admin',4,'User Defined Tag: FEULoginAndReturn','Added','69.57.33.230'),(1382635474,1,'admin',-1,'EventsManager','Edited Tempalte summary_AdamShawCalendar','69.57.33.230'),(1382635555,1,'admin',-1,'EventsManager','Edited Tempalte summary_Table','69.57.33.230'),(1382635604,1,'admin',-1,'EventsManager','Edited Tempalte detail_Simple','69.57.33.230'),(1382635626,1,'admin',-1,'EventsManager','Edited Tempalte registration_Simple','69.57.33.230'),(1382635697,1,'admin',4,'User Defined Tag: FEULoginAndReturn','Edited','69.57.33.230'),(1382635822,1,'admin',-1,'EventsManager','Edited Tempalte detail_Simple','69.57.33.230'),(1382635892,1,'admin',-1,'EventsManager','Edited Tempalte detail_Simple','69.57.33.230'),(1382635942,1,'admin',-1,'Frontend User Management','Frontend User Login: weltbr01@gmail.com','69.57.33.230'),(1382635981,1,'admin',-1,'EventsManager','Edited Tempalte registration_Simple','69.57.33.230'),(1382636664,1,'admin',-1,'Frontend User Management','Frontend User Logout: weltbr01@gmail.com','69.57.33.230'),(1382636683,1,'admin',-1,'Frontend User Management','Frontend User Login: weltbr01@gmail.com','69.57.33.230'),(1382636879,1,'admin',-1,'Frontend User Management','Frontend User Logout: weltbr01@gmail.com','69.57.33.230'),(1382636905,1,'admin',4,'User Defined Tag: FEULoginAndReturn','Edited','69.57.33.230'),(1382636953,1,'admin',-1,'EventsManager','Edited Tempalte detail_Simple','69.57.33.230'),(1382636980,1,'admin',-1,'Frontend User Management','Frontend User Login: weltbr01@gmail.com','69.57.33.230'),(1382637123,1,'admin',-1,'Frontend User Management','Frontend User Logout: weltbr01@gmail.com','69.57.33.230'),(1382637149,1,'admin',-1,'Frontend User Management','Frontend User Logout: ','69.57.33.230'),(1382637806,1,'admin',5,'User Defined Tag: event_back_link','Added','69.57.33.230'),(1382637841,1,'admin',-1,'EventsManager','Edited Tempalte detail_Simple','69.57.33.230'),(1382638136,1,'admin',5,'User Defined Tag: event_back_link','Edited','69.57.33.230'),(1382638166,1,'admin',5,'User Defined Tag: event_back_link','Edited','69.57.33.230'),(1382638211,1,'admin',5,'User Defined Tag: event_back_link','Edited','69.57.33.230'),(1382638237,1,'admin',5,'User Defined Tag: event_back_link','Edited','69.57.33.230'),(1382638796,1,'admin',5,'User Defined Tag: event_back_link','Edited','69.57.33.230'),(1382638856,1,'admin',5,'User Defined Tag: event_back_link','Edited','69.57.33.230'),(1382639274,1,'admin',5,'User Defined Tag: event_back_link','Edited','69.57.33.230'),(1382639351,1,'admin',-1,'Frontend User Management','Frontend User Login: weltbr01@gmail.com','69.57.33.230'),(1382639377,1,'admin',-1,'Frontend User Management','Frontend User Logout: weltbr01@gmail.com','69.57.33.230'),(1382639500,1,'admin',-1,'EventsManager','Edited Tempalte detail_Simple','69.57.33.230'),(1382639521,1,'admin',-1,'Frontend User Management','Frontend User Login: weltbr01@gmail.com','69.57.33.230'),(1382639531,1,'admin',-1,'Frontend User Management','Frontend User Logout: weltbr01@gmail.com','69.57.33.230'),(1382639556,1,'admin',-1,'Frontend User Management','Frontend User Login: weltbr01@gmail.com','69.57.33.230'),(1382639565,1,'admin',-1,'Frontend User Management','Frontend User Logout: weltbr01@gmail.com','69.57.33.230'),(1382639596,1,'admin',5,'User Defined Tag: event_back_link','Edited','69.57.33.230'),(1382639658,1,'admin',5,'SelfRegistration','User w.eltbr01@gmail.com registered','69.57.33.230'),(1382639658,1,'admin',-1,'Self Registration Module','A new user has been added to FrontEndUsers: w.eltbr01@gmail.com','69.57.33.230'),(1382640483,1,'admin',76,'Content Item: User Registration','Edited','69.57.33.230'),(1382640496,1,'admin',-1,'Frontend User Management','Frontend User Logout: w.eltbr01@gmail.com','69.57.33.230'),(1382640526,1,'admin',6,'SelfRegistration','User weltbr0.1@gmail.com registered','69.57.33.230'),(1382640526,1,'admin',-1,'Self Registration Module','A new user has been added to FrontEndUsers: weltbr0.1@gmail.com','69.57.33.230'),(1382640613,1,'admin',-1,'Automated Task Succeeded','GatherNotificationsTask','69.57.33.230'),(1382640641,1,'admin',76,'Content Item: User Registration','Edited','69.57.33.230'),(1382640876,1,'admin',-1,'Frontend User Management','Frontend User Logout: weltbr0.1@gmail.com','69.57.33.230'),(1382641078,1,'admin',76,'Content Item: User Registration','Edited','69.57.33.230'),(1382641135,1,'admin',76,'Content Item: User Registration','Edited','69.57.33.230'),(1382641160,1,'admin',73,'Content Item: Event Login','Edited','69.57.33.230'),(1382641162,1,'admin',76,'Content Item: User Registration','Edited','69.57.33.230'),(1382641177,1,'admin',-1,'Error: Syntax Error in template &quot;content:cont','has occured','69.57.33.230'),(1382641246,1,'admin',73,'Content Item: Event Login','Edited','69.57.33.230'),(1382641308,1,'admin',-1,'Error: Syntax Error in template &quot;content:cont','has occured','69.57.33.230'),(1382641341,1,'admin',73,'Content Item: Event Login','Edited','69.57.33.230'),(1382641485,1,'admin',7,'SelfRegistration','User weltb.r01@gmail.com registered','69.57.33.230'),(1382641485,1,'admin',-1,'Self Registration Module','A new user has been added to FrontEndUsers: weltb.r01@gmail.com','69.57.33.230'),(1382641502,1,'admin',-1,'Frontend User Management','Frontend User Logout: weltb.r01@gmail.com','69.57.33.230'),(1382641918,1,'admin',8,'SelfRegistration','User weltbr0.1@gmail.com registered','69.57.33.230'),(1382641918,1,'admin',-1,'Self Registration Module','A new user has been added to FrontEndUsers: weltbr0.1@gmail.com','69.57.33.230'),(1382642010,1,'admin',-1,'Frontend User Management','Frontend User Logout: weltbr0.1@gmail.com','69.57.33.230'),(1382642072,1,'admin',9,'SelfRegistration','User wel.tbr01@gmail.com registered','69.57.33.230'),(1382642072,1,'admin',-1,'Self Registration Module','A new user has been added to FrontEndUsers: wel.tbr01@gmail.com','69.57.33.230'),(1382642107,1,'admin',-1,'Frontend User Management','Frontend User Logout: wel.tbr01@gmail.com','69.57.33.230'),(1382642359,1,'admin',10,'SelfRegistration','User welt.br01@gmail.com registered','69.57.33.230'),(1382642359,1,'admin',-1,'Self Registration Module','A new user has been added to FrontEndUsers: welt.br01@gmail.com','69.57.33.230'),(1382642445,1,'admin',-1,'Frontend User Management','Frontend User Logout: welt.br01@gmail.com','69.57.33.230'),(1382644643,0,'',-1,'Automated Task Succeeded','PruneAdminlogTask','');
/*!40000 ALTER TABLE `cms_adminlog` ENABLE KEYS */;
UNLOCK TABLES;

--
-- Table structure for table `cms_content`
--

DROP TABLE IF EXISTS `cms_content`;
/*!40101 SET @saved_cs_client     = @@character_set_client */;
/*!40101 SET character_set_client = utf8 */;
CREATE TABLE `cms_content` (
  `content_id` int(11) NOT NULL,
  `content_name` varchar(255) DEFAULT NULL,
  `type` varchar(25) DEFAULT NULL,
  `owner_id` int(11) DEFAULT NULL,
  `parent_id` int(11) DEFAULT NULL,
  `template_id` int(11) DEFAULT NULL,
  `item_order` int(11) DEFAULT NULL,
  `hierarchy` varchar(255) DEFAULT NULL,
  `default_content` tinyint(4) DEFAULT NULL,
  `menu_text` varchar(255) DEFAULT NULL,
  `content_alias` varchar(255) DEFAULT NULL,
  `show_in_menu` tinyint(4) DEFAULT NULL,
  `collapsed` tinyint(4) DEFAULT NULL,
  `markup` varchar(25) DEFAULT NULL,
  `active` tinyint(4) DEFAULT NULL,
  `cachable` tinyint(4) DEFAULT NULL,
  `id_hierarchy` varchar(255) DEFAULT NULL,
  `hierarchy_path` text,
  `prop_names` text,
  `metadata` text,
  `titleattribute` varchar(255) DEFAULT NULL,
  `tabindex` varchar(10) DEFAULT NULL,
  `accesskey` varchar(5) DEFAULT NULL,
  `last_modified_by` int(11) DEFAULT NULL,
  `create_date` datetime DEFAULT NULL,
  `modified_date` datetime DEFAULT NULL,
  `secure` tinyint(4) DEFAULT NULL,
  `page_url` varchar(255) DEFAULT NULL,
  PRIMARY KEY (`content_id`),
  KEY `cms_index_content_by_content_alias_active` (`content_alias`,`active`),
  KEY `cms_index_content_by_default_content` (`default_content`),
  KEY `cms_index_content_by_parent_id` (`parent_id`),
  KEY `cms_index_content_by_hierarchy` (`hierarchy`),
  KEY `cms_index_content_by_idhier` (`content_id`,`hierarchy`)
) ENGINE=MyISAM DEFAULT CHARSET=utf8;
/*!40101 SET character_set_client = @saved_cs_client */;

--
-- Dumping data for table `cms_content`
--

LOCK TABLES `cms_content` WRITE;
/*!40000 ALTER TABLE `cms_content` DISABLE KEYS */;
INSERT INTO `cms_content` VALUES (15,'Home','content',1,-1,24,1,'00001',1,'Home','home',1,1,'html',1,1,'15','home','target,pagedata,extra1,extra2,extra3,image,thumbnail,searchable,disable_wysiwyg,image1,content_en','','Home Page, shortcut key=1','','1',1,'2006-07-25 21:22:31','2013-10-18 11:02:17',0,''),(75,'Event List','content',1,-1,24,12,'00012',0,'Event List','event-list',0,NULL,'html',1,1,'75','event-list','content_en,searchable,extra1,extra2,extra3,pagedata,disable_wysiwyg,image,thumbnail,target','{* Add code here that should appear in the metadata section of all new pages *}','','','',1,'2013-10-22 16:42:41','2013-10-23 16:42:43',0,''),(76,'User Registration','content',1,-1,24,13,'00013',0,'User Registration','user-registration',0,NULL,'html',1,1,'76','user-registration','content_en,searchable,extra1,extra2,extra3,pagedata,disable_wysiwyg,image,thumbnail,target','{* Add code here that should appear in the metadata section of all new pages *}','','','',1,'2013-10-23 12:43:41','2013-10-24 13:59:22',0,''),(58,'Leadership','sectionheader',1,-1,-1,4,'00004',0,'Leadership','leadership',1,NULL,'html',1,1,'58','leadership','disable_wysiwyg,image,thumbnail,target,pagedata,extra3,extra2,extra1,searchable,content_en','','','','',1,'2013-10-03 17:37:34','2013-10-17 17:17:05',0,''),(59,'Genome Editing','sectionheader',1,-1,-1,5,'00005',0,'Genome Editing','genome-editing',1,NULL,'html',1,1,'59','genome-editing','content_en,searchable,extra1,extra2,extra3,pagedata,disable_wysiwyg,image,thumbnail,target','','','','',1,'2013-10-03 17:38:30','2013-10-17 17:31:45',0,''),(60,'Upcoming Events','sectionheader',1,-1,-1,6,'00006',0,'Upcoming Events','upcoming-events',1,NULL,'html',1,1,'60','upcoming-events','content_en,searchable,extra1,extra2,extra3,pagedata,disable_wysiwyg,image,thumbnail,target','','','','',1,'2013-10-03 17:38:57','2013-10-17 17:32:10',0,''),(61,'Links','sectionheader',1,-1,-1,7,'00007',0,'Links','links',1,NULL,'html',1,1,'61','links','content_en,searchable,extra1,extra2,extra3,pagedata,disable_wysiwyg,image,thumbnail,target','','','','',1,'2013-10-03 17:39:13','2013-10-18 12:46:38',0,''),(62,'Contact','link',1,-1,24,8,'00008',0,'Contact','contact',1,NULL,'html',1,1,'62','contact','url,content_en,searchable,extra1,extra2,extra3,pagedata,disable_wysiwyg,image,thumbnail,target','','','','',1,'2013-10-03 17:39:28','2013-10-18 14:32:04',0,''),(72,'Event Registration','content',1,-1,24,9,'00009',0,'Event Registration','event-registration',0,NULL,'html',1,1,'72','event-registration','extra3,pagedata,disable_wysiwyg,image,thumbnail,target,content_en,searchable,extra1,extra2','{* Add code here that should appear in the metadata section of all new pages *}\r\n','','','',1,'2013-10-18 16:49:13','2013-10-23 14:10:27',0,''),(63,'About','content',1,-1,24,2,'00002',0,'About','about',1,NULL,'html',1,1,'63','about','content_en,searchable,extra1,extra2,extra3,pagedata,disable_wysiwyg,image,thumbnail,target','{* Add code here that should appear in the metadata section of all new pages *}','','','',1,'2013-10-03 17:40:05','2013-10-17 16:48:10',0,''),(64,'PI & Co-PI','content',1,58,24,1,'00004.00001',0,'PI & Co-PI','pi-co-pi',1,NULL,'html',1,1,'58.64','leadership/pi-co-pi','content_en,searchable,extra1,extra2,extra3,pagedata,disable_wysiwyg,image,thumbnail,target','{* Add code here that should appear in the metadata section of all new pages *}\r\n{cms_stylesheet name=\"Investigator\"}','','','',1,'2013-10-17 11:42:24','2013-10-18 10:56:08',0,''),(65,'Advisory Council','content',1,58,24,2,'00004.00002',0,'Advisory Council','advisory-council',1,NULL,'html',1,1,'58.65','leadership/advisory-council','content_en,searchable,extra1,extra2,extra3,pagedata,disable_wysiwyg,image,thumbnail,target','{cms_stylesheet name=\"Investigator\"}','','','',1,'2013-10-17 11:43:29','2013-10-18 10:56:59',0,''),(66,'TALEN','link',1,59,24,1,'00005.00001',0,'TALEN','talen',1,NULL,'html',1,1,'59.66','genome-editing/talen','content_en,searchable,extra1,extra2,extra3,image,thumbnail,target,url','{* Add code here that should appear in the metadata section of all new pages *}','','','',1,'2013-10-17 12:03:39','2013-10-17 12:03:39',0,''),(67,'CRISPER','link',1,59,24,2,'00005.00002',0,'CRISPER','crisper',1,NULL,'html',1,1,'59.67','genome-editing/crisper','content_en,searchable,extra1,extra2,extra3,image,thumbnail,target,url','{* Add code here that should appear in the metadata section of all new pages *}','','','',1,'2013-10-17 12:36:11','2013-10-17 12:36:11',0,''),(68,'Maize GDB','link',1,61,24,1,'00007.00001',0,'Maize GDB','maize-gdb',1,NULL,'html',1,1,'61.68','links/maize-gdb','content_en,searchable,extra1,extra2,extra3,image,thumbnail,target,url','{* Add code here that should appear in the metadata section of all new pages *}','','','',1,'2013-10-17 12:42:00','2013-10-17 12:42:00',0,''),(69,'ISU Plant Transformation Facility','link',1,61,24,2,'00007.00002',0,'ISU Plant Transformation Facility','isu-plant-transformation-facility',1,NULL,'html',1,1,'61.69','links/isu-plant-transformation-facility','thumbnail,target,url,searchable,extra1,extra2,extra3,image,content_en','{* Add code here that should appear in the metadata section of all new pages *}','','','',1,'2013-10-17 12:43:19','2013-10-17 12:43:19',0,''),(71,'TALEN Workshop','link',1,60,24,1,'00006.00001',0,'TALEN Workshop','talen-workshop',1,NULL,'html',1,1,'60.71','upcoming-events/talen-workshop','content_en,searchable,extra1,extra2,extra3,image,thumbnail,target,url','{* Add code here that should appear in the metadata section of all new pages *}','','','',1,'2013-10-17 12:46:15','2013-10-17 12:46:15',0,''),(73,'Event Login','content',1,-1,24,10,'00010',0,'Event Login','event-login',0,NULL,'html',1,0,'73','event-login','content_en,searchable,extra1,extra2,extra3,pagedata,disable_wysiwyg,image,thumbnail,target,__feu_date__','{* Add code here that should appear in the metadata section of all new pages *}','','','',1,'2013-10-18 16:55:48','2013-10-24 14:02:21',0,''),(74,'Event Details','content',1,-1,24,11,'00011',0,'Event Details','event-details',0,NULL,'html',1,1,'74','event-details','content_en,searchable,extra1,extra2,extra3,pagedata,disable_wysiwyg,image,thumbnail,target','{* Add code here that should appear in the metadata section of all new pages *}','','','',1,'2013-10-18 16:56:50','2013-10-18 16:56:50',0,''),(57,'Investigators','content',1,-1,24,3,'00003',0,'Investigators','investigators',1,NULL,'html',1,1,'57','investigators','content_en,searchable,extra1,extra2,extra3,pagedata,disable_wysiwyg,image,thumbnail,target','{cms_stylesheet name=\"Investigator\"}','','','',1,'2013-10-02 17:25:49','2013-10-18 13:56:54',0,'');
/*!40000 ALTER TABLE `cms_content` ENABLE KEYS */;
UNLOCK TABLES;

--
-- Table structure for table `cms_content_props`
--

DROP TABLE IF EXISTS `cms_content_props`;
/*!40101 SET @saved_cs_client     = @@character_set_client */;
/*!40101 SET character_set_client = utf8 */;
CREATE TABLE `cms_content_props` (
  `content_id` int(11) DEFAULT NULL,
  `type` varchar(25) DEFAULT NULL,
  `prop_name` varchar(255) DEFAULT NULL,
  `param1` varchar(255) DEFAULT NULL,
  `param2` varchar(255) DEFAULT NULL,
  `param3` varchar(255) DEFAULT NULL,
  `content` text,
  `create_date` datetime DEFAULT NULL,
  `modified_date` datetime DEFAULT NULL,
  KEY `cms_index_content_props_by_content_id` (`content_id`)
) ENGINE=MyISAM DEFAULT CHARSET=utf8;
/*!40101 SET character_set_client = @saved_cs_client */;

--
-- Dumping data for table `cms_content_props`
--

LOCK TABLES `cms_content_props` WRITE;
/*!40000 ALTER TABLE `cms_content_props` DISABLE KEYS */;
INSERT INTO `cms_content_props` VALUES (72,'string','extra3',NULL,NULL,NULL,'',NULL,'2013-10-23 14:10:27'),(72,'string','pagedata',NULL,NULL,NULL,'',NULL,'2013-10-23 14:10:27'),(72,'string','disable_wysiwyg',NULL,NULL,NULL,'0',NULL,'2013-10-23 14:10:27'),(72,'string','image',NULL,NULL,NULL,'-1',NULL,'2013-10-23 14:10:27'),(72,'string','thumbnail',NULL,NULL,NULL,'-1',NULL,'2013-10-23 14:10:27'),(72,'string','target',NULL,NULL,NULL,'',NULL,'2013-10-23 14:10:27'),(73,'string','content_en',NULL,NULL,NULL,'<p><!-- Add code here that should appear in the content block of all new pages --> {FrontEndUsers returnlast=1 form=\"login\"} {if isset($smarty.request.url) and $FrontEndUsers->loggedIn()} {assign var=\"url\" value=$smarty.request.url} {redirect_url to=\"$url\"} {/if}</p>',NULL,'2013-10-24 14:02:21'),(73,'string','searchable',NULL,NULL,NULL,'1',NULL,'2013-10-24 14:02:21'),(73,'string','extra1',NULL,NULL,NULL,'',NULL,'2013-10-24 14:02:21'),(73,'string','extra2',NULL,NULL,NULL,'',NULL,'2013-10-24 14:02:21'),(73,'string','extra3',NULL,NULL,NULL,'',NULL,'2013-10-24 14:02:21'),(73,'string','pagedata',NULL,NULL,NULL,'',NULL,'2013-10-24 14:02:21'),(73,'string','disable_wysiwyg',NULL,NULL,NULL,'0',NULL,'2013-10-24 14:02:21'),(73,'string','image',NULL,NULL,NULL,'-1',NULL,'2013-10-24 14:02:21'),(73,'string','thumbnail',NULL,NULL,NULL,'-1',NULL,'2013-10-24 14:02:21'),(73,'string','target',NULL,NULL,NULL,'',NULL,'2013-10-24 14:02:21'),(74,'string','content_en',NULL,NULL,NULL,'<br /><!-- Add code here that should appear in the content block of all new pages -->',NULL,'2013-10-18 16:56:50'),(74,'string','searchable',NULL,NULL,NULL,'1',NULL,'2013-10-18 16:56:50'),(74,'string','extra1',NULL,NULL,NULL,'',NULL,'2013-10-18 16:56:50'),(74,'string','extra2',NULL,NULL,NULL,'',NULL,'2013-10-18 16:56:50'),(74,'string','extra3',NULL,NULL,NULL,'',NULL,'2013-10-18 16:56:50'),(74,'string','pagedata',NULL,NULL,NULL,'',NULL,'2013-10-18 16:56:50'),(74,'string','disable_wysiwyg',NULL,NULL,NULL,'0',NULL,'2013-10-18 16:56:50'),(74,'string','image',NULL,NULL,NULL,'-1',NULL,'2013-10-18 16:56:50'),(74,'string','thumbnail',NULL,NULL,NULL,'-1',NULL,'2013-10-18 16:56:50'),(74,'string','target',NULL,NULL,NULL,'',NULL,'2013-10-18 16:56:50'),(73,'string','__feu_date__',NULL,NULL,NULL,'',NULL,'2013-10-18 18:11:21'),(75,'string','content_en',NULL,NULL,NULL,'<!-- Add code here that should appear in the content block of all new pages --> {EventsManager summarytemplate=\"Table\"}',NULL,'2013-10-23 16:42:43'),(75,'string','searchable',NULL,NULL,NULL,'1',NULL,'2013-10-23 16:42:43'),(75,'string','extra1',NULL,NULL,NULL,'',NULL,'2013-10-23 16:42:43'),(75,'string','extra2',NULL,NULL,NULL,'',NULL,'2013-10-23 16:42:43'),(75,'string','extra3',NULL,NULL,NULL,'',NULL,'2013-10-23 16:42:43'),(75,'string','pagedata',NULL,NULL,NULL,'',NULL,'2013-10-23 16:42:43'),(75,'string','disable_wysiwyg',NULL,NULL,NULL,'0',NULL,'2013-10-23 16:42:43'),(75,'string','image',NULL,NULL,NULL,'-1',NULL,'2013-10-23 16:42:43'),(75,'string','thumbnail',NULL,NULL,NULL,'-1',NULL,'2013-10-23 16:42:43'),(75,'string','target',NULL,NULL,NULL,'',NULL,'2013-10-23 16:42:43'),(76,'string','content_en',NULL,NULL,NULL,'<!-- Add code here that should appear in the content block of all new pages --> {cms_module module=SelfRegistration group=usergroup nofinalmessage=\"1\"}\r\n{FrontEndUsers form=\"silent\"}\r\n{if isset($smarty.request.url) and $FrontEndUsers->loggedIn()} {assign var=\"url\" value=$smarty.request.url} {redirect_url to=\"$url\"} {/if}',NULL,'2013-10-24 13:59:22'),(76,'string','searchable',NULL,NULL,NULL,'1',NULL,'2013-10-24 13:59:22'),(76,'string','extra1',NULL,NULL,NULL,'',NULL,'2013-10-24 13:59:22'),(76,'string','extra2',NULL,NULL,NULL,'',NULL,'2013-10-24 13:59:22'),(76,'string','extra3',NULL,NULL,NULL,'',NULL,'2013-10-24 13:59:22'),(76,'string','pagedata',NULL,NULL,NULL,'',NULL,'2013-10-24 13:59:22'),(76,'string','disable_wysiwyg',NULL,NULL,NULL,'0',NULL,'2013-10-24 13:59:22'),(76,'string','image',NULL,NULL,NULL,'-1',NULL,'2013-10-24 13:59:22'),(76,'string','thumbnail',NULL,NULL,NULL,'-1',NULL,'2013-10-24 13:59:22'),(76,'string','target',NULL,NULL,NULL,'',NULL,'2013-10-24 13:59:22'),(71,'string','content_en',NULL,NULL,NULL,'<!-- Add code here that should appear in the content block of all new pages -->',NULL,'2013-10-17 12:46:15'),(71,'string','searchable',NULL,NULL,NULL,'1',NULL,'2013-10-17 12:46:15'),(71,'string','extra1',NULL,NULL,NULL,'',NULL,'2013-10-17 12:46:15'),(71,'string','extra2',NULL,NULL,NULL,'',NULL,'2013-10-17 12:46:15'),(71,'string','extra3',NULL,NULL,NULL,'',NULL,'2013-10-17 12:46:15'),(71,'string','image',NULL,NULL,NULL,'-1',NULL,'2013-10-17 12:46:15'),(71,'string','thumbnail',NULL,NULL,NULL,'-1',NULL,'2013-10-17 12:46:15'),(71,'string','target',NULL,NULL,NULL,'',NULL,'2013-10-17 12:46:15'),(71,'string','url',NULL,NULL,NULL,'http://www.extension.iastate.edu/registration/events/Conferences/cbcworkshop/index.html',NULL,'2013-10-17 12:46:15'),(31,'string','content_en',NULL,NULL,NULL,'asdf','2006-07-25 21:22:31','2006-07-25 21:22:31'),(32,'string','content_en',NULL,NULL,NULL,'asdf','2006-07-25 21:22:31','2006-07-25 21:22:31'),(66,'string','content_en',NULL,NULL,NULL,'<!-- Add code here that should appear in the content block of all new pages -->',NULL,'2013-10-17 12:03:39'),(15,'string','target','','','','',NULL,'2013-10-18 11:02:17'),(15,'string','pagedata','','','','',NULL,'2013-10-18 11:02:17'),(15,'string','extra1','','','','',NULL,'2013-10-18 11:02:17'),(15,'string','extra2','','','','',NULL,'2013-10-18 11:02:17'),(15,'string','extra3','','','','',NULL,'2013-10-18 11:02:17'),(15,'string','image','','','','-1',NULL,'2013-10-18 11:02:17'),(15,'string','thumbnail','','','','-1',NULL,'2013-10-18 11:02:17'),(15,'string','searchable','','','','1',NULL,'2013-10-18 11:02:17'),(15,'string','disable_wysiwyg','','','','0',NULL,'2013-10-18 11:02:17'),(15,'string','image1','','','','uploads/images/logo1.gif',NULL,'2009-05-13 10:12:18'),(62,'string','url',NULL,NULL,NULL,'mailto:cropbioengineering@iastate.edu',NULL,'2013-10-18 14:32:04'),(72,'string','content_en',NULL,NULL,NULL,'<!-- Add code here that should appear in the content block of all new pages --> {EventsManager}\r\n<div id=\"calendar\"> </div>',NULL,'2013-10-23 14:10:27'),(72,'string','searchable',NULL,NULL,NULL,'1',NULL,'2013-10-23 14:10:27'),(72,'string','extra1',NULL,NULL,NULL,'',NULL,'2013-10-23 14:10:27'),(72,'string','extra2',NULL,NULL,NULL,'',NULL,'2013-10-23 14:10:27'),(58,'string','disable_wysiwyg',NULL,NULL,NULL,'0',NULL,'2013-10-03 17:37:34'),(58,'string','image',NULL,NULL,NULL,'-1',NULL,'2013-10-17 17:17:05'),(58,'string','thumbnail',NULL,NULL,NULL,'-1',NULL,'2013-10-17 17:17:05'),(58,'string','target',NULL,NULL,NULL,'',NULL,'2013-10-03 17:37:34'),(59,'string','content_en',NULL,NULL,NULL,'Genome Editing<br /><!-- Add code here that should appear in the content block of all new pages -->',NULL,'2013-10-03 17:38:40'),(59,'string','searchable',NULL,NULL,NULL,'1',NULL,'2013-10-03 17:38:40'),(59,'string','extra1',NULL,NULL,NULL,'',NULL,'2013-10-17 17:31:45'),(59,'string','extra2',NULL,NULL,NULL,'',NULL,'2013-10-17 17:31:45'),(59,'string','extra3',NULL,NULL,NULL,'',NULL,'2013-10-17 17:31:45'),(59,'string','pagedata',NULL,NULL,NULL,'',NULL,'2013-10-03 17:38:40'),(59,'string','disable_wysiwyg',NULL,NULL,NULL,'0',NULL,'2013-10-03 17:38:40'),(59,'string','image',NULL,NULL,NULL,'-1',NULL,'2013-10-17 17:31:45'),(59,'string','thumbnail',NULL,NULL,NULL,'-1',NULL,'2013-10-17 17:31:45'),(59,'string','target',NULL,NULL,NULL,'',NULL,'2013-10-03 17:38:40'),(60,'string','content_en',NULL,NULL,NULL,'Upcoming Events<!-- Add code here that should appear in the content block of all new pages -->',NULL,'2013-10-03 17:38:57'),(58,'string','pagedata',NULL,NULL,NULL,'',NULL,'2013-10-03 17:37:34'),(58,'string','extra3',NULL,NULL,NULL,'',NULL,'2013-10-17 17:17:05'),(58,'string','extra2',NULL,NULL,NULL,'',NULL,'2013-10-17 17:17:05'),(58,'string','extra1',NULL,NULL,NULL,'',NULL,'2013-10-17 17:17:05'),(58,'string','searchable',NULL,NULL,NULL,'1',NULL,'2013-10-03 17:37:34'),(58,'string','content_en',NULL,NULL,NULL,'Leadership<!-- Add code here that should appear in the content block of all new pages -->',NULL,'2013-10-03 17:37:34'),(60,'string','searchable',NULL,NULL,NULL,'1',NULL,'2013-10-03 17:38:57'),(60,'string','extra1',NULL,NULL,NULL,'',NULL,'2013-10-17 17:32:10'),(60,'string','extra2',NULL,NULL,NULL,'',NULL,'2013-10-17 17:32:10'),(60,'string','extra3',NULL,NULL,NULL,'',NULL,'2013-10-17 17:32:10'),(60,'string','pagedata',NULL,NULL,NULL,'',NULL,'2013-10-03 17:38:57'),(60,'string','disable_wysiwyg',NULL,NULL,NULL,'0',NULL,'2013-10-03 17:38:57'),(60,'string','image',NULL,NULL,NULL,'-1',NULL,'2013-10-17 17:32:10'),(60,'string','thumbnail',NULL,NULL,NULL,'-1',NULL,'2013-10-17 17:32:10'),(60,'string','target',NULL,NULL,NULL,'',NULL,'2013-10-03 17:38:57'),(61,'string','content_en',NULL,NULL,NULL,'Links<!-- Add code here that should appear in the content block of all new pages -->',NULL,'2013-10-03 17:39:13'),(61,'string','searchable',NULL,NULL,NULL,'1',NULL,'2013-10-03 17:39:13'),(61,'string','extra1',NULL,NULL,NULL,'',NULL,'2013-10-17 17:32:35'),(61,'string','extra2',NULL,NULL,NULL,'',NULL,'2013-10-17 17:32:35'),(61,'string','extra3',NULL,NULL,NULL,'',NULL,'2013-10-17 17:32:35'),(61,'string','pagedata',NULL,NULL,NULL,'',NULL,'2013-10-03 17:39:13'),(61,'string','disable_wysiwyg',NULL,NULL,NULL,'0',NULL,'2013-10-03 17:39:13'),(61,'string','image',NULL,NULL,NULL,'-1',NULL,'2013-10-17 17:32:35'),(61,'string','thumbnail',NULL,NULL,NULL,'-1',NULL,'2013-10-17 17:32:35'),(61,'string','target',NULL,NULL,NULL,'',NULL,'2013-10-03 17:39:13'),(62,'string','content_en',NULL,NULL,NULL,'<br /><!-- Add code here that should appear in the content block of all new pages -->\r\n<a href=\"mailto:cropbioengineering@iastate.edu\">Email Us here</a>',NULL,'2013-10-17 13:00:09'),(62,'string','searchable',NULL,NULL,NULL,'1',NULL,'2013-10-17 13:00:09'),(62,'string','extra1',NULL,NULL,NULL,'',NULL,'2013-10-18 14:32:04'),(62,'string','extra2',NULL,NULL,NULL,'',NULL,'2013-10-18 14:32:04'),(62,'string','extra3',NULL,NULL,NULL,'',NULL,'2013-10-18 14:32:04'),(62,'string','pagedata',NULL,NULL,NULL,'',NULL,'2013-10-17 13:00:09'),(62,'string','disable_wysiwyg',NULL,NULL,NULL,'0',NULL,'2013-10-17 13:00:09'),(62,'string','image',NULL,NULL,NULL,'-1',NULL,'2013-10-18 14:32:04'),(62,'string','thumbnail',NULL,NULL,NULL,'-1',NULL,'2013-10-18 14:32:04'),(62,'string','target',NULL,NULL,NULL,'',NULL,'2013-10-18 14:32:04'),(63,'string','content_en',NULL,NULL,NULL,'<div style=\"width: 65%; float: left;\">\r\n<h1>Our Mission</h1>\r\n<p style=\"font: italic 20px times,sans-serif; color: #484844;\">The ISU Crop Bioengineering Consortium (CBC) seeks to address the urgent, grand challenge to provide sufficient food, feed, biofuels and biorenewable chemicals for the world’s burgeoning population, through basic and applied research to enable the bioengineering of valuable traits in a variety of crops.</p>\r\n<p><span>Together, members of the CBC will work together to deploy innovative, transformative genome engineering technologies that identify, validate, and rapidly but precisely integrate strategically important traits and underlying genes into key crop plants. Importantly, the novel technologies employed can produce bioengineered crops that contain no transgenes and thus may face less stringent regulation than classic genetically modified organisms (GMOs).</span></p>\r\n</div>\r\n<div style=\"width: 35%; float: right; margin-right: -27px;\"><img src=\"uploads/images/CBClogo.png\" alt=\"\" width=\"280\" height=\"280\" /></div>\r\n<br />\r\n<h1 class=\"Default\">About Us</h1>\r\n<p class=\"Default\">We face an urgent, grand challenge to provide sufficient food, feed, fiber, biofuels and biorenewable chemicals for the world’s burgeoning population. Yield increases have succeeded historically through a combination of improved management and intensive breeding, but we have begun to fall short of demand. Paradoxically, current crop varieties leverage only a fraction of the plausible genetic architectures available through natural and bioengineered alleles. Moreover, the discovery rate of potentially useful genes now clearly outstrips our crop testing capabilities. Therefore, technologies that complement traditional management and breeding but dramatically accelerate the production and testing of improved crops are in critical demand. Current transgenic crop improvement efforts face public and regulatory challenges, dramatically increasing both the time-to-market and the costs associated with obtaining approval.</p>\r\n<p>The Crop Bioengineering Consortium (CBC) intends to address this grand challenge through development and utilization of novel crop engineering technologies. The CBC will emphasize various innovative and transformative genome engineering technology including TALEN (Transcription Activator-Like Effector Nuclease) and CRISPR (Clustered Regularly Interspaced Short Palindromic Repeats) technology to build a platform for the identification and validation of strategically important plant genes/traits and for the subsequent rapid and precise integration of promising traits into important crop plants. Importantly, the CBC will incorporate valuable traits into crops via novel technology that generates bioengineered crops containing no transgenes and thus minimizes regulatory hurdles for bioengineered germplasm.<!-- Add code here that should appear in the content block of all new pages --></p>\r\n<p> </p>\r\n<p style=\"text-align: center;\"><img src=\"uploads/images/CBCplatformAbout.jpg\" alt=\"\" width=\"500\" height=\"529\" /></p>',NULL,'2013-10-17 16:48:10'),(63,'string','searchable',NULL,NULL,NULL,'1',NULL,'2013-10-17 16:48:10'),(63,'string','extra1',NULL,NULL,NULL,'',NULL,'2013-10-17 16:48:10'),(63,'string','extra2',NULL,NULL,NULL,'',NULL,'2013-10-17 16:48:10'),(63,'string','extra3',NULL,NULL,NULL,'',NULL,'2013-10-17 16:48:10'),(63,'string','pagedata',NULL,NULL,NULL,'',NULL,'2013-10-17 16:48:10'),(63,'string','disable_wysiwyg',NULL,NULL,NULL,'0',NULL,'2013-10-17 16:48:10'),(63,'string','image',NULL,NULL,NULL,'-1',NULL,'2013-10-17 16:48:10'),(63,'string','thumbnail',NULL,NULL,NULL,'-1',NULL,'2013-10-17 16:48:10'),(63,'string','target',NULL,NULL,NULL,'',NULL,'2013-10-17 16:48:10'),(69,'string','thumbnail',NULL,NULL,NULL,'-1',NULL,'2013-10-17 12:43:19'),(69,'string','target',NULL,NULL,NULL,'',NULL,'2013-10-17 12:43:19'),(69,'string','url',NULL,NULL,NULL,'http://agron-www.agron.iastate.edu/ptf/',NULL,'2013-10-17 12:43:19'),(69,'string','searchable',NULL,NULL,NULL,'1',NULL,'2013-10-17 12:43:19'),(69,'string','extra1',NULL,NULL,NULL,'',NULL,'2013-10-17 12:43:19'),(69,'string','extra2',NULL,NULL,NULL,'',NULL,'2013-10-17 12:43:19'),(69,'string','extra3',NULL,NULL,NULL,'',NULL,'2013-10-17 12:43:19'),(69,'string','image',NULL,NULL,NULL,'-1',NULL,'2013-10-17 12:43:19'),(67,'string','content_en',NULL,NULL,NULL,'<!-- Add code here that should appear in the content block of all new pages -->',NULL,'2013-10-17 12:36:11'),(67,'string','searchable',NULL,NULL,NULL,'1',NULL,'2013-10-17 12:36:11'),(67,'string','extra1',NULL,NULL,NULL,'',NULL,'2013-10-17 12:36:11'),(67,'string','extra2',NULL,NULL,NULL,'',NULL,'2013-10-17 12:36:11'),(67,'string','extra3',NULL,NULL,NULL,'',NULL,'2013-10-17 12:36:11'),(67,'string','image',NULL,NULL,NULL,'-1',NULL,'2013-10-17 12:36:11'),(67,'string','thumbnail',NULL,NULL,NULL,'-1',NULL,'2013-10-17 12:36:11'),(67,'string','target',NULL,NULL,NULL,'',NULL,'2013-10-17 12:36:11'),(67,'string','url',NULL,NULL,NULL,'http://www.nar.oxfordjournals.org/content/early/2013/08/31/nar.gkt780.long',NULL,'2013-10-17 12:36:11'),(68,'string','content_en',NULL,NULL,NULL,'<!-- Add code here that should appear in the content block of all new pages -->',NULL,'2013-10-17 12:42:00'),(68,'string','searchable',NULL,NULL,NULL,'1',NULL,'2013-10-17 12:42:00'),(68,'string','extra1',NULL,NULL,NULL,'',NULL,'2013-10-17 12:42:00'),(68,'string','extra2',NULL,NULL,NULL,'',NULL,'2013-10-17 12:42:00'),(68,'string','extra3',NULL,NULL,NULL,'',NULL,'2013-10-17 12:42:00'),(68,'string','image',NULL,NULL,NULL,'-1',NULL,'2013-10-17 12:42:00'),(68,'string','thumbnail',NULL,NULL,NULL,'-1',NULL,'2013-10-17 12:42:00'),(68,'string','target',NULL,NULL,NULL,'',NULL,'2013-10-17 12:42:00'),(68,'string','url',NULL,NULL,NULL,'http://www.maizegdb.org ',NULL,'2013-10-17 12:42:00'),(69,'string','content_en',NULL,NULL,NULL,'<!-- Add code here that should appear in the content block of all new pages -->',NULL,'2013-10-17 12:43:19'),(66,'string','searchable',NULL,NULL,NULL,'1',NULL,'2013-10-17 12:03:39'),(66,'string','extra1',NULL,NULL,NULL,'',NULL,'2013-10-17 12:03:39'),(66,'string','extra2',NULL,NULL,NULL,'',NULL,'2013-10-17 12:03:39'),(66,'string','extra3',NULL,NULL,NULL,'',NULL,'2013-10-17 12:03:39'),(66,'string','image',NULL,NULL,NULL,'-1',NULL,'2013-10-17 12:03:39'),(66,'string','thumbnail',NULL,NULL,NULL,'-1',NULL,'2013-10-17 12:03:39'),(66,'string','target',NULL,NULL,NULL,'',NULL,'2013-10-17 12:03:39'),(66,'string','url',NULL,NULL,NULL,'http://www.nature.com/nbt/journal/v30/n5/full/nbt.2199.html',NULL,'2013-10-17 12:03:39'),(15,'string','content_en','','','','<div id=\"header\"><img style=\"margin-top: 24px; margin-left: -1%;\" src=\"uploads/images/CBClogo.png\" alt=\"\" />\r\n<div id=\"showtime_slideshow\" style=\"width: 69%; height: 335px; float: right; position: relative;\">{Showtime show=\'1\'}</div>\r\n</div>\r\n<div style=\"width: 66%; float: left;\">\r\n<div style=\"width: 1px; height: 565px; background-color: #cccccc; float: right; margin-left: 10px;\"> </div>\r\n<div>\r\n<h1>Our Mission</h1>\r\n<p style=\"font: italic 20px times,sans-serif; color: #484844;\">The ISU Crop Bioengineering Consortium (CBC) seeks to address the urgent, grand challenge to provide sufficient food, feed, biofuels and biorenewable chemicals for the world’s burgeoning population, through basic and applied research to enable the bioengineering of valuable traits in a variety of crops.</p>\r\n<p><span>Together, members of the CBC will work together to deploy innovative, transformative genome engineering technologies that identify, validate, and rapidly but precisely integrate strategically important traits and underlying genes into key crop plants. Importantly, the novel technologies employed can produce bioengineered crops that contain no transgenes and thus may face less stringent regulation than classic genetically modified organisms (GMOs).</span></p>\r\n</div>\r\n<h1>Activities and Events</h1>\r\n<div style=\"width: 48%; float: left;\">\r\n<div style=\"float: left; width: 100%;\"><img src=\"uploads/images/activity1image.jpg\" alt=\"\" width=\"195\" height=\"105\" />\r\n<div style=\"float: right; width: 28%;\">+ <a href=\"http://www.extension.iastate.edu/registration/events/Conferences/cbcworkshop/index.html\" target=\"_blank\">About The Workshop</a>\r\n<p> </p>\r\n<p>+ <a href=\"http://www.extension.iastate.edu/registration/events/Conferences/cbcworkshop/register.html\" target=\"_blank\">Registration</a></p>\r\n</div>\r\n</div>\r\n<div style=\"float: left; margin-top: 5px;\"><strong>Science and Opportunities in Using Site-Directed Mutagenesis for Plant and Animal Improvement:</strong> November 4 and 5, 2013. Through this workshop we seek to communicate a clearer understanding of the technological opportunities for both plant and animal improvement afforded by tools for site-directed mutagenesis as they interface with issues of regulation, technology access, and public acceptance. <a href=\"http://www.extension.iastate.edu/registration/events/Conferences/cbcworkshop/index.html\" target=\"_blank\">Read More</a></div>\r\n</div>\r\n<div style=\"width: 48%; float: right;\">\r\n<div style=\"float: left; width: 100%;\"><img src=\"uploads/images/activity2image.jpg\" alt=\"\" width=\"175\" height=\"105\" />\r\n<div style=\"float: right; width: 36%;\">+ <a href=\"mailto:cropbioengineering@iastate.edu\">IT Specialist</a><br />\r\n<p> </p>\r\n<p>+ <a href=\"mailto:cropbioengineering@iastate.edu\">Project Coordinator</a></p>\r\n</div>\r\n</div>\r\n<div style=\"float: left; width: 96%; margin-top: 5px;\"><strong>We\'re hiring!:</strong> If you are interested in working with us as a project coordinator or IT specialist, please contact us via email at <a href=\"mailto:cropbioengineering@iastate.edu\">cropbioengineering@iastate.edu</a>.</div>\r\n</div>\r\n</div>\r\n<div style=\"float: left; width: 34%;\">\r\n<div style=\"padding-left: 10px;\">\r\n<h1>Scientists</h1>\r\n<div style=\"margin-bottom: 5px; float: left;\">\r\n<div style=\"float: left;\"><img src=\"uploads/images/smSpaldingImage.jpg\" alt=\"\" width=\"59\" height=\"60\" /></div>\r\n<div style=\"float: right; width: 79%;\"><span style=\"font-size: small;\"><strong><em>Dr. Martin H. Spalding</em></strong></span>\r\n<p><strong><span style=\"font-size: 11px;\">Principle Investigator<br /></span></strong><span style=\"font-size: 11px;\">Department of Genetics, Development, <br />and Cell Biology<br /><strong>Role:</strong> Genome editing technology and trait discovery. <a href=\"http://www.cropbioengineeringconsortium.org/leadership/pi-co-pi.html\">Read More</a><br /></span></p>\r\n</div>\r\n</div>\r\n<div style=\"margin-bottom: 5px; float: left;\">\r\n<div style=\"float: left;\"><img src=\"uploads/images/smWangImage.jpg\" alt=\"\" width=\"59\" height=\"60\" /></div>\r\n<div style=\"float: right; width: 79%;\"><span style=\"font-size: small;\"><strong><em>Dr. Kan Wang<br /></em></strong></span>\r\n<p><strong><span style=\"font-size: 11px;\">Co-Principle Investigator<br /></span></strong><span style=\"font-size: 11px;\">Department of Agronomy<br /><strong>Role:</strong> Genetic transformation and genome editing technology development. <a href=\"http://www.cropbioengineeringconsortium.org/leadership/pi-co-pi.html\">Read More</a><br /></span></p>\r\n</div>\r\n</div>\r\n<div style=\"margin-bottom: 5px; float: left;\">\r\n<div style=\"float: left;\"><img src=\"uploads/images/smYangImage.jpg\" alt=\"\" width=\"59\" height=\"60\" /></div>\r\n<div style=\"float: right; width: 79%;\"><span style=\"font-size: small;\"><strong><em>Dr. Bing Yang<br /></em></strong></span>\r\n<p><strong><span style=\"font-size: 11px;\">Co-Principle Investigator<br /></span></strong><span style=\"font-size: 11px;\">Department of Genetics, Development, <br />and Cell Biology<br /><strong>Role:</strong> Genetic editing technology and trait discovery. <a href=\"http://www.cropbioengineeringconsortium.org/leadership/pi-co-pi.html\">Read More</a><br /></span></p>\r\n</div>\r\n</div>\r\n</div>\r\n</div>\r\n<div style=\"float: left; width: 34%;\">\r\n<div style=\"padding-left: 10px;\">\r\n<h1>Latest News</h1>\r\n<div style=\"margin-bottom: 5px; float: left;\">\r\n<div style=\"float: left; width: 59px; height: 60px; background-color: #949480; border: 1px solid #ad1414; text-align: center;\"><strong><span style=\"color: #ffffff; font-size: 28pt; font-family: times new roman,times;\">13</span></strong></div>\r\n<div style=\"float: right; width: 78%;\"><span style=\"text-decoration: underline;\"><span style=\"font-size: small;\"><strong>September, 2013<em><br /></em></strong></span></span>\r\n<p><span style=\"font-size: 11px;\">We had our first full-member meeting. Project planning and coordination is in full swing and research endeavors are already underway.</span></p>\r\n</div>\r\n</div>\r\n<div style=\"margin-bottom: 5px; float: left;\">\r\n<div style=\"float: left; width: 59px; height: 60px; background-color: #949480; border: 1px solid #ad1414; text-align: center;\"><strong><span style=\"color: #ffffff; font-size: 28pt; font-family: times new roman,times;\">10</span></strong></div>\r\n<div style=\"float: right; width: 78%;\"><span style=\"text-decoration: underline; font-size: small;\"><strong>June, 2013<em><br /></em></strong></span>\r\n<p><span style=\"font-size: 11px;\">Seven ISU <a href=\"http://www.news.iastate.edu/news/2013/06/06/researchawards\"><span style=\"text-decoration: underline;\">Presidential Initiative for Interdisciplinary Research</span></a> awards were announced!</span></p>\r\n</div>\r\n</div>\r\n</div>\r\n</div>',NULL,'2013-10-18 11:02:17'),(57,'string','content_en',NULL,NULL,NULL,'<!-- New Row -->\r\n<div class=\"investigator_row\"><!-- New Investigator-->\r\n<div class=\"investigator_profile\">\r\n<div class=\"profile_image\"><img src=\"uploads/images/investigators/slide0002_image002.png\" alt=\"\" /></div>\r\n<div class=\"investigator_information\"><strong class=\"name\">Dr. Thomas Baum</strong>\r\n<p class=\"title\">Senior Investigator</p>\r\n<p>Department of Plant Pathology and Microbiology</p>\r\n<p><strong>Role:</strong> Trait discovery and validation</p>\r\n<p><a href=\"http://www.plantpath.iastate.edu/people/baum\">Read full bio here</a></p>\r\n</div>\r\n</div>\r\n<!-- New Investigator -->\r\n<div class=\"investigator_profile\">\r\n<div class=\"profile_image\"><img src=\"uploads/images/investigators/slide0002_image004.png\" alt=\"\" /></div>\r\n<div class=\"investigator_information\"><strong class=\"name\">Dr. William Beavis</strong>\r\n<p class=\"title\">Senior Investigator</p>\r\n<p>Department of Agronomy</p>\r\n<p><strong>Role:</strong> Modeling and optimization</p>\r\n<p><a href=\"http://www.agron.iastate.edu/personnel/userspage.aspx?id=1542\">Read full bio here</a></p>\r\n</div>\r\n</div>\r\n</div>\r\n<!-- End row --> <!-- New Row -->\r\n<div class=\"investigator_row\"><!-- New Investigator--> <!-- Profile picture -->\r\n<div class=\"investigator_profile\">\r\n<div class=\"profile_image\"><img src=\"uploads/images/investigators/slide0002_image006.png\" alt=\"\" /></div>\r\n<div class=\"investigator_information\"><!-- Name --> <strong class=\"name\">Dr. Phil Becraft</strong> <!-- Title -->\r\n<p class=\"title\">Senior Investigator</p>\r\n<!-- Department -->\r\n<p>Department of Genetics, Development and Cell Biology</p>\r\n<!-- Role -->\r\n<p><strong>Role:</strong> Trait discovery and validation</p>\r\n<!-- Full Bio Link -->\r\n<p><a href=\"http://www.gdcb.iastate.edu/faculty_and_research/bios/pbecraft.shtml\">Read full bio here</a></p>\r\n</div>\r\n</div>\r\n<!-- New Investigator -->\r\n<div class=\"investigator_profile\"><!-- Profile picture -->\r\n<div class=\"profile_image\"><img src=\"uploads/images/investigators/slide0002_image008.png\" alt=\"\" /></div>\r\n<div class=\"investigator_information\"><!-- Name --> <strong class=\"name\">Dr. Madan Bhattacharyya</strong> <!-- Title -->\r\n<p class=\"title\">Senior Investigator</p>\r\n<!-- Department -->\r\n<p>Department of Agronomy</p>\r\n<!-- Role -->\r\n<p><strong>Role:</strong> Trait discovery and validation</p>\r\n<!-- Full Bio Link -->\r\n<p><a href=\"http://www.agron.iastate.edu/personnel/userspage.aspx?id=824\">Read full bio here</a></p>\r\n</div>\r\n</div>\r\n</div>\r\n<!-- End row --> <!-- New Row -->\r\n<div class=\"investigator_row\"><!-- New Investigator--> <!-- Profile picture -->\r\n<div class=\"investigator_profile\">\r\n<div class=\"profile_image\"><img src=\"uploads/images/investigators/slide0002_image012.png\" alt=\"\" /></div>\r\n<div class=\"investigator_information\"><!-- Name --> <strong class=\"name\">Dr. Volker Brendel</strong> <!-- Title -->\r\n<p class=\"title\">Crop genome informaticsr</p>\r\n<!-- Department -->\r\n<p>Department of Biology, Indiana University</p>\r\n<!-- Role -->\r\n<p><strong>Role:</strong> Crop genome informatics</p>\r\n<!-- Full Bio Link -->\r\n<p><a href=\"http://www.bio.indiana.edu/faculty/directory/profile.php?person=vbrendel\">Read full bio here</a></p>\r\n</div>\r\n</div>\r\n<!-- New Investigator -->\r\n<div class=\"investigator_profile\"><!-- Profile picture -->\r\n<div class=\"profile_image\"><img src=\"uploads/images/investigators/slide0002_image010.png\" alt=\"\" /></div>\r\n<div class=\"investigator_information\"><!-- Name --> <strong class=\"name\">Dr. Dermot Hayes</strong> <!-- Title -->\r\n<p class=\"title\">Senior Investigator</p>\r\n<!-- Department -->\r\n<p>Department of Economics</p>\r\n<!-- Role -->\r\n<p><strong>Role:</strong> Economics and policy issues</p>\r\n<!-- Full Bio Link -->\r\n<p><a href=\"http://www.econ.iastate.edu/people/faculty/hayes-dermot-j\">Read full bio here</a></p>\r\n</div>\r\n</div>\r\n</div>\r\n<!-- End row --> <!--New Row -->\r\n<div class=\"investigator_row\"><!-- New Investigator--> <!-- Profile picture -->\r\n<div class=\"investigator_profile\">\r\n<div class=\"profile_image\"><img src=\"uploads/images/investigators/slide0003_image015.png\" alt=\"\" /></div>\r\n<div class=\"investigator_information\"><!-- Name --> <strong class=\"name\">Dr. Stephen Howell</strong> <!-- Title -->\r\n<p class=\"title\">Senior Investigator</p>\r\n<!-- Department -->\r\n<p>Department of Genetics, Development, and Cell Biology</p>\r\n<!-- Role -->\r\n<p><strong>Role:</strong> Trait discovery and validation</p>\r\n<!-- Full Bio Link -->\r\n<p><a href=\"http://www.gdcb.iastate.edu/faculty_and_research/bios/showell.shtml\">Read full bio here</a></p>\r\n</div>\r\n</div>\r\n<!-- New Investigator -->\r\n<div class=\"investigator_profile\"><!-- Profile picture -->\r\n<div class=\"profile_image\"><img src=\"uploads/images/investigators/slide0003_image023.png\" alt=\"\" /></div>\r\n<div class=\"investigator_information\"><!-- Name --> <strong class=\"name\">Dr. Steven Huber</strong> <!-- Title -->\r\n<p class=\"title\">Senior Investigator</p>\r\n<!-- Department -->\r\n<p>USDA-ARS and Department of Plant Biology and Crop Sciences, University of Illinois-Champaign/Urbana</p>\r\n<!-- Role -->\r\n<p><strong>Role:</strong> Trait discovery and validation</p>\r\n<!-- Full Bio Link -->\r\n<p><a href=\"http://www.life.illinois.edu/plantbio/People/Faculty/Huber.htm\">Read full bio here</a></p>\r\n</div>\r\n</div>\r\n</div>\r\n<!-- End row --> <!--New Row -->\r\n<div class=\"investigator_row\"><!-- New Investigator--> <!-- Profile picture -->\r\n<div class=\"investigator_profile\">\r\n<div class=\"profile_image\"><img src=\"uploads/images/investigators/slide0003_image025.png\" alt=\"\" /></div>\r\n<div class=\"investigator_information\"><!-- Name --> <strong class=\"name\">Dr. Istvan Ladunga</strong> <!-- Title -->\r\n<p class=\"title\">Senior Investigator</p>\r\n<!-- Department -->\r\n<p>Department of Statistics, University of Nebraska-Lincoln</p>\r\n<!-- Role -->\r\n<p><strong>Role:</strong> Crop genome informatics</p>\r\n<!-- Full Bio Link -->\r\n<p><a href=\"http://statistics.unl.edu/people/staff/faculty/ladunga.shtml\">Read full bio here</a></p>\r\n</div>\r\n</div>\r\n<!-- New Investigator -->\r\n<div class=\"investigator_profile\"><!-- Profile picture -->\r\n<div class=\"profile_image\"><img src=\"uploads/images/investigators/slide0003_image017.png\" alt=\"\" /></div>\r\n<div class=\"investigator_information\"><!-- Name --> <strong class=\"name\">Dr. Kendall Lamkey</strong> <!-- Title -->\r\n<p class=\"title\">Senior Investigator</p>\r\n<!-- Department -->\r\n<p>Department of Agronomy</p>\r\n<!-- Role -->\r\n<p><strong>Role:</strong> Modeling and optimization</p>\r\n<!-- Full Bio Link -->\r\n<p><a href=\"http://www.agron.iastate.edu/personnel/userspage.aspx?id=130\">Read full bio here</a></p>\r\n</div>\r\n</div>\r\n</div>\r\n<!-- End row --> <!--New Row -->\r\n<div class=\"investigator_row\"><!-- New Investigator--> <!-- Profile picture -->\r\n<div class=\"investigator_profile\">\r\n<div class=\"profile_image\"><img src=\"uploads/images/investigators/slide0003_image019.png\" alt=\"\" /></div>\r\n<div class=\"investigator_information\"><!-- Name --><strong class=\"name\">Dr. Carolyn Lawrence</strong> <!-- Title -->\r\n<p class=\"title\">Senior Investigator</p>\r\n<!-- Department -->\r\n<p>USDA-ARS and Department of Genetics, Development, and Cell Biology</p>\r\n<!-- Role -->\r\n<p><strong>Role:</strong> Crop genome informatics. Leader, Bioinformatics Team</p>\r\n<!-- Full Bio Link -->\r\n<p><a href=\"http://www.gdcb.iastate.edu/faculty_and_research/bios/clawrence.shtml\">Read full bio here</a></p>\r\n</div>\r\n</div>\r\n<!-- New Investigator -->\r\n<div class=\"investigator_profile\"><!-- Profile picture -->\r\n<div class=\"profile_image\"><img src=\"uploads/images/investigators/slide0003_image021.png\" alt=\"\" /></div>\r\n<div class=\"investigator_information\"><!-- Name --><strong class=\"name\">Dr. Thomas Lubberstedt</strong> <!-- Title -->\r\n<p class=\"title\">Senior Investigator</p>\r\n<!-- Department -->\r\n<p>Department of Agronomy</p>\r\n<!-- Role -->\r\n<p><strong>Role:</strong> Trait discovery, validation, and allele optimization</p>\r\n<!-- Full Bio Link -->\r\n<p><a href=\"http://www.agron.iastate.edu/personnel/userspage.aspx?id=1541\">Read full bio here</a></p>\r\n</div>\r\n</div>\r\n</div>\r\n<!-- End row --> <!--New Row -->\r\n<div class=\"investigator_row\"><!-- New Investigator--> <!-- Profile picture -->\r\n<div class=\"investigator_profile\">\r\n<div class=\"profile_image\"><img src=\"uploads/images/investigators/slide0004_image035.png\" alt=\"\" /></div>\r\n<div class=\"investigator_information\"><!-- Name --><strong class=\"name\">Dr. Maria Salas-Fernandez</strong> <!-- Title -->\r\n<p class=\"title\">Senior Investigator</p>\r\n<!-- Department -->\r\n<p>Department of Agronomy</p>\r\n<!-- Role -->\r\n<p><strong>Role:</strong> Trait discovery, validation, and integration</p>\r\n<!-- Full Bio Link -->\r\n<p><a href=\"http://www.agron.iastate.edu/personnel/userspage.aspx?id=1640\">Read full bio here</a></p>\r\n</div>\r\n</div>\r\n<!-- New Investigator -->\r\n<div class=\"investigator_profile\"><!-- Profile picture -->\r\n<div class=\"profile_image\"><img src=\"uploads/images/investigators/slide0004_image028.png\" alt=\"\" /></div>\r\n<div class=\"investigator_information\"><!-- Name --> <strong class=\"name\">Dr. Patrick Schnable</strong> <!-- Title -->\r\n<p class=\"title\">Senior Investigator</p>\r\n<!-- Department -->\r\n<p>Department of Agronomy</p>\r\n<!-- Role -->\r\n<p><strong>Role:</strong> Crop genome informatics, sequencing technology and trait discovery</p>\r\n<!-- Full Bio Link -->\r\n<p><a href=\"http://schnablelab.plantgenomics.iastate.edu/personnel/schnable_patrick.php\">Read full bio here</a></p>\r\n</div>\r\n</div>\r\n</div>\r\n<!-- End row --> <!--New Row -->\r\n<div class=\"investigator_row\"><!-- New Investigator--> <!-- Profile picture -->\r\n<div class=\"investigator_profile\">\r\n<div class=\"profile_image\"><img src=\"uploads/images/investigators/slide0004_image037.png\" alt=\"\" /></div>\r\n<div class=\"investigator_information\"><!-- Name --> <strong class=\"name\">Dr. Martin Spalding</strong> <!-- Title -->\r\n<p class=\"title\">Principle Investigator</p>\r\n<!-- Department -->\r\n<p>Department of Genetics, Development and Cell Biology</p>\r\n<!-- Role -->\r\n<p><strong>Role:</strong> Genome editing technology and trait discovery. Chair, Advisory Council</p>\r\n<!-- Full Bio Link -->\r\n<p><a href=\"http://www.gdcb.iastate.edu/faculty_and_research/bios/mspalding.shtml\">Read full bio here</a></p>\r\n</div>\r\n</div>\r\n<!-- New Investigator -->\r\n<div class=\"investigator_profile\"><!-- Profile picture -->\r\n<div class=\"profile_image\"><img src=\"uploads/images/investigators/slide0004_image030.png\" alt=\"\" /></div>\r\n<!-- Name -->\r\n<div class=\"investigator_information\"><strong class=\"name\">Dr. Erik Vollbrecht</strong> <!-- Title -->\r\n<p class=\"title\">Senior Investigator</p>\r\n<!-- Department -->\r\n<p>Department of Genetics, Development and Cell Biology</p>\r\n<!-- Role -->\r\n<p><strong>Role:</strong> Trait discovery and validation. Co-leader, Gene/Trait Discovery Team</p>\r\n<!-- Full Bio Link -->\r\n<p><a href=\"http://www.gdcb.iastate.edu/faculty_and_research/bios/evollbrecht.shtml\">Read full bio here</a></p>\r\n</div>\r\n</div>\r\n</div>\r\n<!-- End row --><!-- New Row -->\r\n<div class=\"investigator_row\"><!-- New Investigator-->\r\n<div class=\"investigator_profile\">\r\n<div class=\"profile_image\"><img src=\"uploads/images/investigators/slide0004_image039.png\" alt=\"\" /></div>\r\n<div class=\"investigator_information\"><strong class=\"name\">Dr. Kan Wang<br /></strong>\r\n<p class=\"title\">Co-Principle Investigator</p>\r\n<p>Department of Agronomy</p>\r\n<p><strong>Role:</strong> Genetic transformation and genome editing technology development. Co-leader, Technology Team</p>\r\n<p><a href=\"http://agron-www.agron.iastate.edu/ptf/employee/director.aspx\">Read full bio here</a></p>\r\n</div>\r\n</div>\r\n<!-- New Investigator -->\r\n<div class=\"investigator_profile\">\r\n<div class=\"profile_image\"><img src=\"uploads/images/investigators/slide0004_image033.png\" alt=\"\" /></div>\r\n<div class=\"investigator_information\"><strong class=\"name\">Dr. Donald Weeks<br /></strong>\r\n<p class=\"title\">Senior Investigator</p>\r\n<p>Department of Biochemistry, University of Nebraska-Lincoln</p>\r\n<p><strong>Role:</strong> Genome editing technology and trait discovery</p>\r\n<p><a href=\"http://www.unl.edu/psi/faculty_weeks.shtml\">Read full bio here</a></p>\r\n</div>\r\n</div>\r\n</div>\r\n<!-- End row --> <!-- New Row -->\r\n<div class=\"investigator_row\"><!-- New Investigator-->\r\n<div class=\"investigator_profile\">\r\n<div class=\"profile_image\"><img src=\"uploads/images/investigators/slide0004_image032.jpg\" alt=\"\" /></div>\r\n<div class=\"investigator_information\"><strong class=\"name\">Dr. Steve Whitham<br /></strong>\r\n<p class=\"title\">Senior Investigator</p>\r\n<p>Department of Plant Pathology and Microbiology</p>\r\n<p><strong>Role:</strong> Trait discovery and validation. Co-leader, Trait Discovery Team</p>\r\n<p><a href=\"http://www.plantpath.iastate.edu/people/whitham\">Read full bio here</a></p>\r\n</div>\r\n</div>\r\n<!-- New Investigator -->\r\n<div class=\"investigator_profile\">\r\n<div class=\"profile_image\"><img src=\"uploads/images/investigators/slide0005_image046.png\" alt=\"\" /></div>\r\n<div class=\"investigator_information\"><strong class=\"name\">Dr. Clark Wolf<br /></strong>\r\n<p class=\"title\">Senior Investigator</p>\r\n<p>Department of Philosphy and Religious Studies</p>\r\n<p><strong>Role:</strong> Societal impacts and bioethics</p>\r\n<p><a href=\"http://www.las.iastate.edu/150/wolf.shtml\">Read full bio here</a></p>\r\n</div>\r\n</div>\r\n</div>\r\n<!-- End row --> <!-- New Row -->\r\n<div class=\"investigator_row\"><!-- New Investigator-->\r\n<div class=\"investigator_profile\">\r\n<div class=\"profile_image\"><img src=\"uploads/images/investigators/slide0005_image048.png\" alt=\"\" /></div>\r\n<div class=\"investigator_information\"><strong class=\"name\">Dr. Jeffery Wolt<br /></strong>\r\n<p class=\"title\">Senior Investigator</p>\r\n<p>Department of Agronomy</p>\r\n<p><strong>Role:</strong> Societal impacts and bioethics. Leader, Regulatory, Economic, Environmental and Societal Impacts Team</p>\r\n<p><a href=\"http://www.ensci.iastate.edu/grad/faculty/wolt.html\">Read full bio here</a></p>\r\n</div>\r\n</div>\r\n<!-- New Investigator -->\r\n<div class=\"investigator_profile\">\r\n<div class=\"profile_image\"><img src=\"uploads/images/David_7489.jpg\" alt=\"\" /></div>\r\n<div class=\"investigator_information\"><strong class=\"name\">Dr. David Wright<br /></strong>\r\n<p class=\"title\">Senior Investigator</p>\r\n<p>Department of Genetics, Development, and Cell Biology</p>\r\n<p><strong>Role:</strong> Trait Discovery and validation</p>\r\n<p><a href=\"http://www.sdstate.edu/index/directory/directory-detail.cfm?view=detail&amp;ci=7489\">Read full bio here</a></p>\r\n</div>\r\n</div>\r\n</div>\r\n<!-- End row --> <!-- New Row -->\r\n<div class=\"investigator_row\"><!-- New Investigator-->\r\n<div class=\"investigator_profile\">\r\n<div class=\"profile_image\"><img src=\"uploads/images/investigators/slide0005_image050.png\" alt=\"\" /></div>\r\n<div class=\"investigator_information\"><strong class=\"name\">Dr. Bing Yang<br /></strong>\r\n<p class=\"title\">Co-Principle Investigator</p>\r\n<p>Department of Genetics, Development and Cell Biology</p>\r\n<p><strong>Role:</strong> Genome editing technology and trait discovery. Co-leader, Technology Team</p>\r\n<p><a href=\"http://www.gdcb.iastate.edu/faculty_and_research/bios/byang.shtml\">Read full bio here</a></p>\r\n</div>\r\n</div>\r\n<!-- New Investigator -->\r\n<div class=\"investigator_profile\">\r\n<div class=\"profile_image\"><img src=\"uploads/images/investigators/slide0005_image042.png\" alt=\"\" /></div>\r\n<div class=\"investigator_information\"><strong class=\"name\">Dr. Yanhai Yin<br /></strong>\r\n<p class=\"title\">Senior Investigator</p>\r\n<p>Department of Genetics, Development and Cell Biology</p>\r\n<p><strong>Role:</strong> Trait discovery and validation</p>\r\n<p><a href=\"http://www.gdcb.iastate.edu/faculty_and_research/bios/yyin.shtml\">Read full bio here</a></p>\r\n</div>\r\n</div>\r\n</div>\r\n<!-- End row --> <!-- New Row -->\r\n<div class=\"investigator_row\"><!-- New Investigator-->\r\n<div class=\"investigator_profile\">\r\n<div class=\"profile_image\"><img src=\"uploads/images/investigators/slide0005_image044.png\" alt=\"\" /></div>\r\n<div class=\"investigator_information\"><strong class=\"name\">Dr. Jianming Yu<br /></strong>\r\n<p class=\"title\">Senior Investigator</p>\r\n<p>Department of Agronomy</p>\r\n<p><strong>Role:</strong> Trait discovery, validation and integration. Leader, Trait Verification and Integration Team</p>\r\n<p><a href=\"http://www.agron.iastate.edu/personnel/userspage.aspx?id=1964\">Read full bio here</a></p>\r\n</div>\r\n</div>\r\n<!-- End row --></div>',NULL,'2013-10-18 13:56:54'),(57,'string','searchable',NULL,NULL,NULL,'1',NULL,'2013-10-18 13:56:54'),(57,'string','extra1',NULL,NULL,NULL,'',NULL,'2013-10-18 13:56:54'),(57,'string','extra2',NULL,NULL,NULL,'',NULL,'2013-10-18 13:56:54'),(57,'string','extra3',NULL,NULL,NULL,'',NULL,'2013-10-18 13:56:54'),(57,'string','pagedata',NULL,NULL,NULL,'',NULL,'2013-10-18 13:56:54'),(57,'string','disable_wysiwyg',NULL,NULL,NULL,'0',NULL,'2013-10-18 13:56:54'),(57,'string','image',NULL,NULL,NULL,'-1',NULL,'2013-10-18 13:56:54'),(57,'string','thumbnail',NULL,NULL,NULL,'-1',NULL,'2013-10-18 13:56:54'),(57,'string','target',NULL,NULL,NULL,'',NULL,'2013-10-18 13:56:54'),(64,'string','content_en',NULL,NULL,NULL,'<br /><!-- Add code here that should appear in the content block of all new pages --><!-- New Row -->\r\n<div class=\"investigator_row\"><!-- New Investigator--> <!-- Profile picture -->\r\n<div class=\"investigator_profile\">\r\n<div class=\"profile_image\"><img src=\"uploads/images/investigators/slide0004_image037.png\" alt=\"\" /></div>\r\n<div class=\"investigator_information\"><!-- Name --> <strong class=\"name\">Dr. Martin Spalding</strong> <!-- Title -->\r\n<p class=\"title\">Principle Investigator</p>\r\n<!-- Department -->\r\n<p>Department of Genetics, Development and Cell Biology</p>\r\n<!-- Role -->\r\n<p><strong>Role:</strong> Genome editing technology and trait discovery. Chair, Advisory</p>\r\n<!-- Full Bio Link -->\r\n<p><a href=\"http://www.gdcb.iastate.edu/faculty_and_research/bios/mspalding.shtml\">Read full bio here</a></p>\r\n</div>\r\n</div>\r\n<!-- New Investigator -->\r\n<div class=\"investigator_profile\"><!-- Profile picture -->\r\n<div class=\"profile_image\"><img src=\"uploads/images/investigators/slide0004_image039.png\" alt=\"\" /></div>\r\n<div class=\"investigator_information\"><!-- Name --> <strong class=\"name\">Dr. Kan Wang</strong> <!-- Title -->\r\n<p class=\"title\">Co-Principle Investigator</p>\r\n<!-- Department -->\r\n<p>Department of Agronomy</p>\r\n<!-- Role -->\r\n<p><strong>Role:</strong> Genetic transformation and genome editing technology development. Co-leader, Technology Team</p>\r\n<!-- Full Bio Link -->\r\n<p><a href=\"http://agron-www.agron.iastate.edu/ptf/employee/director.aspx\">Read full bio here</a></p>\r\n</div>\r\n</div>\r\n</div>\r\n<!-- End row --> <!-- New Row -->\r\n<div class=\"investigator_row\"><!-- New Investigator--> <!-- Profile picture -->\r\n<div class=\"investigator_profile\">\r\n<div class=\"profile_image\"><img src=\"uploads/images/investigators/slide0005_image050.png\" alt=\"\" /></div>\r\n<div class=\"investigator_information\"><!-- Name --> <strong class=\"name\">Dr. Bing Yang</strong> <!-- Title -->\r\n<p class=\"title\">Co-Principle Investigator</p>\r\n<!-- Department -->\r\n<p>Department of Genetics, Development and Cell Biology</p>\r\n<!-- Role -->\r\n<p><strong>Role:</strong> Genome editing technology and trait discovery. Co-leader, Technology Team</p>\r\n<!-- Full Bio Link -->\r\n<p><a href=\"http://www.gdcb.iastate.edu/faculty_and_research/bios/byang.shtml\">Read full bio here</a></p>\r\n</div>\r\n</div>\r\n<!-- End row --></div>',NULL,'2013-10-18 10:56:08'),(64,'string','searchable',NULL,NULL,NULL,'1',NULL,'2013-10-18 10:56:08'),(64,'string','extra1',NULL,NULL,NULL,'',NULL,'2013-10-18 10:56:08'),(64,'string','extra2',NULL,NULL,NULL,'',NULL,'2013-10-18 10:56:08'),(64,'string','extra3',NULL,NULL,NULL,'',NULL,'2013-10-18 10:56:08'),(64,'string','pagedata',NULL,NULL,NULL,'',NULL,'2013-10-18 10:56:08'),(64,'string','disable_wysiwyg',NULL,NULL,NULL,'0',NULL,'2013-10-18 10:56:08'),(64,'string','image',NULL,NULL,NULL,'-1',NULL,'2013-10-18 10:56:08'),(64,'string','thumbnail',NULL,NULL,NULL,'-1',NULL,'2013-10-18 10:56:08'),(64,'string','target',NULL,NULL,NULL,'',NULL,'2013-10-18 10:56:08'),(65,'string','content_en',NULL,NULL,NULL,'<br /><!-- Add code here that should appear in the content block of all new pages --> <!-- New Row -->\r\n<div class=\"investigator_row\"><!-- New Investigator-->\r\n<div class=\"investigator_profile\">\r\n<div class=\"profile_image\"><img src=\"uploads/images/investigators/slide0004_image037.png\" alt=\"\" /></div>\r\n<div class=\"investigator_information\"><strong class=\"name\">Dr. Martin Spalding<br /></strong>\r\n<p class=\"title\">Principle Investigator</p>\r\n<p>Department of Genetics, Development and Cell Biology</p>\r\n<p><strong>Role:</strong> Genome editing technology and trait discovery. Chair, Advisory Council</p>\r\n<p><a href=\"http://www.gdcb.iastate.edu/faculty_and_research/bios/mspalding.shtml\">Read full bio here</a></p>\r\n</div>\r\n</div>\r\n<!-- New Investigator -->\r\n<div class=\"investigator_profile\">\r\n<div class=\"profile_image\"><img src=\"uploads/images/investigators/slide0003_image019.png\" alt=\"\" /></div>\r\n<div class=\"investigator_information\"><strong class=\"name\">Dr. Carolyn Lawrence<br /></strong>\r\n<p class=\"title\">Senior Investigator</p>\r\n<p>USDA-ARS and Department of Genetics, Development and Cell Biology</p>\r\n<p><strong>Role:</strong> Crop Genome informatics. Leader, Genome Informatics Team</p>\r\n<p><a href=\"http://www.gdcb.iastate.edu/faculty_and_research/bios/clawrence.shtml\">Read full bio here</a></p>\r\n</div>\r\n</div>\r\n</div>\r\n<!-- End row --> <!-- New Row -->\r\n<div class=\"investigator_row\"><!-- New Investigator-->\r\n<div class=\"investigator_profile\">\r\n<div class=\"profile_image\"><img src=\"uploads/images/investigators/slide0004_image030.png\" alt=\"\" /></div>\r\n<div class=\"investigator_information\"><strong class=\"name\">Dr. Erik Vollbrecht<br /></strong>\r\n<p class=\"title\">Senior Investigator</p>\r\n<p>Department of Genetics, Development and Cell Biology</p>\r\n<p><strong>Role:</strong> Trait discovery and validation. Co-leader, Trait Discovery Team</p>\r\n<p><a href=\"http://www.gdcb.iastate.edu/faculty_and_research/bios/evollbrecht.shtml\">Read full bio here</a></p>\r\n</div>\r\n</div>\r\n<!-- New Investigator -->\r\n<div class=\"investigator_profile\">\r\n<div class=\"profile_image\"><img src=\"uploads/images/investigators/slide0004_image039.png\" alt=\"\" /></div>\r\n<div class=\"investigator_information\"><strong class=\"name\">Dr. Kan Wang<br /></strong>\r\n<p class=\"title\">Co-Principle Investigator</p>\r\n<p>Department of Agronomy</p>\r\n<p><strong>Role:</strong> Genetic transformation and genome editing technology development. Co-leader, Technology Team</p>\r\n<p><a href=\"http://agron-www.agron.iastate.edu/ptf/employee/director.aspx\">Read full bio here</a></p>\r\n</div>\r\n</div>\r\n</div>\r\n<!-- End row --> <!-- New Row -->\r\n<div class=\"investigator_row\"><!-- New Investigator-->\r\n<div class=\"investigator_profile\">\r\n<div class=\"profile_image\"><img src=\"uploads/images/investigators/slide0004_image032.jpg\" alt=\"\" /></div>\r\n<div class=\"investigator_information\"><strong class=\"name\">Dr. Steven Whitham<br /></strong>\r\n<p class=\"title\">Senior Investigator</p>\r\n<p>Department of Plant Pathology and Microbiology</p>\r\n<p><strong>Role:</strong> Trait discovery and validation. Co-leader, Trait Discovery Team</p>\r\n<p><a href=\"http://www.plantpath.iastate.edu/people/whitham\">Read full bio here</a></p>\r\n</div>\r\n</div>\r\n<!-- New Investigator -->\r\n<div class=\"investigator_profile\">\r\n<div class=\"profile_image\"><img src=\"uploads/images/investigators/slide0005_image048.png\" alt=\"\" /></div>\r\n<div class=\"investigator_information\"><strong class=\"name\">Dr. Jeffery Wolt<br /></strong>\r\n<p class=\"title\">Senior Investigator</p>\r\n<p>Department of Agronomy</p>\r\n<p><strong>Role:</strong> Social impacts and bioethics. Leader, Regulatory, Economic, Environmental and Societal Impacts Team</p>\r\n<p><a href=\"http://www.ensci.iastate.edu/grad/faculty/wolt.html\">Read full bio here</a></p>\r\n</div>\r\n</div>\r\n</div>\r\n<!-- End row --> <!-- New Row -->\r\n<div class=\"investigator_row\"><!-- New Investigator-->\r\n<div class=\"investigator_profile\">\r\n<div class=\"profile_image\"><img src=\"uploads/images/investigators/slide0005_image050.png\" alt=\"\" /></div>\r\n<div class=\"investigator_information\"><strong class=\"name\">Dr. Bing Yang<br /></strong>\r\n<p class=\"title\">Co-Principle Investigator</p>\r\n<p>Department of Genetics, Development and Cell Biology</p>\r\n<p><strong>Role:</strong> Genome editing technology and trait discovery. Co-leader, Technology Team</p>\r\n<p><a href=\"http://www.gdcb.iastate.edu/faculty_and_research/bios/byang.shtml\">Read full bio here</a></p>\r\n</div>\r\n</div>\r\n<!-- New Investigator -->\r\n<div class=\"investigator_profile\">\r\n<div class=\"profile_image\"><img src=\"uploads/images/investigators/slide0005_image044.png\" alt=\"\" /></div>\r\n<div class=\"investigator_information\"><strong class=\"name\">Dr. Jianming Yu<br /></strong>\r\n<p class=\"title\">Senior Investigator</p>\r\n<p>Department of Agronomy</p>\r\n<p><strong>Role:</strong> Trait discovery, validation, and integration. Leader, Trait Verification and Integration Team</p>\r\n<p><a href=\"http://www.agron.iastate.edu/personnel/userspage.aspx?id=1964\">Read full bio here</a></p>\r\n</div>\r\n</div>\r\n</div>\r\n<!-- End row -->',NULL,'2013-10-18 10:56:59'),(65,'string','searchable',NULL,NULL,NULL,'1',NULL,'2013-10-18 10:56:59'),(65,'string','extra1',NULL,NULL,NULL,'',NULL,'2013-10-18 10:56:59'),(65,'string','extra2',NULL,NULL,NULL,'',NULL,'2013-10-18 10:56:59'),(65,'string','extra3',NULL,NULL,NULL,'',NULL,'2013-10-18 10:56:59'),(65,'string','pagedata',NULL,NULL,NULL,'',NULL,'2013-10-18 10:56:59'),(65,'string','disable_wysiwyg',NULL,NULL,NULL,'0',NULL,'2013-10-18 10:56:59'),(65,'string','image',NULL,NULL,NULL,'-1',NULL,'2013-10-18 10:56:59'),(65,'string','thumbnail',NULL,NULL,NULL,'-1',NULL,'2013-10-18 10:56:59'),(65,'string','target',NULL,NULL,NULL,'',NULL,'2013-10-18 10:56:59');
/*!40000 ALTER TABLE `cms_content_props` ENABLE KEYS */;
UNLOCK TABLES;

--
-- Table structure for table `cms_content_props_seq`
--

DROP TABLE IF EXISTS `cms_content_props_seq`;
/*!40101 SET @saved_cs_client     = @@character_set_client */;
/*!40101 SET character_set_client = utf8 */;
CREATE TABLE `cms_content_props_seq` (
  `id` int(11) NOT NULL
) ENGINE=MyISAM DEFAULT CHARSET=utf8;
/*!40101 SET character_set_client = @saved_cs_client */;

--
-- Dumping data for table `cms_content_props_seq`
--

LOCK TABLES `cms_content_props_seq` WRITE;
/*!40000 ALTER TABLE `cms_content_props_seq` DISABLE KEYS */;
INSERT INTO `cms_content_props_seq` VALUES (56);
/*!40000 ALTER TABLE `cms_content_props_seq` ENABLE KEYS */;
UNLOCK TABLES;

--
-- Table structure for table `cms_content_seq`
--

DROP TABLE IF EXISTS `cms_content_seq`;
/*!40101 SET @saved_cs_client     = @@character_set_client */;
/*!40101 SET character_set_client = utf8 */;
CREATE TABLE `cms_content_seq` (
  `id` int(11) NOT NULL
) ENGINE=MyISAM DEFAULT CHARSET=utf8;
/*!40101 SET character_set_client = @saved_cs_client */;

--
-- Dumping data for table `cms_content_seq`
--

LOCK TABLES `cms_content_seq` WRITE;
/*!40000 ALTER TABLE `cms_content_seq` DISABLE KEYS */;
INSERT INTO `cms_content_seq` VALUES (77);
/*!40000 ALTER TABLE `cms_content_seq` ENABLE KEYS */;
UNLOCK TABLES;

--
-- Table structure for table `cms_crossref`
--

DROP TABLE IF EXISTS `cms_crossref`;
/*!40101 SET @saved_cs_client     = @@character_set_client */;
/*!40101 SET character_set_client = utf8 */;
CREATE TABLE `cms_crossref` (
  `child_type` varchar(100) DEFAULT NULL,
  `child_id` int(11) DEFAULT NULL,
  `parent_type` varchar(100) DEFAULT NULL,
  `parent_id` int(11) DEFAULT NULL,
  `create_date` datetime DEFAULT NULL,
  `modified_date` datetime DEFAULT NULL,
  KEY `cms_index_crossref_by_child_type_child_id` (`child_type`,`child_id`),
  KEY `cms_index_crossref_by_parent_type_parent_id` (`parent_type`,`parent_id`)
) ENGINE=MyISAM DEFAULT CHARSET=utf8;
/*!40101 SET character_set_client = @saved_cs_client */;

--
-- Dumping data for table `cms_crossref`
--

LOCK TABLES `cms_crossref` WRITE;
/*!40000 ALTER TABLE `cms_crossref` DISABLE KEYS */;
INSERT INTO `cms_crossref` VALUES ('global_content',1,'template',15,'2009-05-10 16:57:24','2009-05-10 16:57:24'),('global_content',1,'template',16,'2009-05-09 17:04:30','2009-05-09 17:04:30'),('global_content',1,'template',20,'2009-05-09 23:57:31','2009-05-09 23:57:31'),('global_content',1,'template',18,'2009-05-09 17:19:20','2009-05-09 17:19:20'),('global_content',1,'template',17,'2009-05-09 21:20:18','2009-05-09 21:20:18'),('global_content',1,'template',21,'2009-05-10 16:59:13','2009-05-10 16:59:13'),('global_content',1,'template',22,'2009-05-11 02:01:23','2009-05-11 02:01:23');
/*!40000 ALTER TABLE `cms_crossref` ENABLE KEYS */;
UNLOCK TABLES;

--
-- Table structure for table `cms_css`
--

DROP TABLE IF EXISTS `cms_css`;
/*!40101 SET @saved_cs_client     = @@character_set_client */;
/*!40101 SET character_set_client = utf8 */;
CREATE TABLE `cms_css` (
  `css_id` int(11) NOT NULL,
  `css_name` varchar(255) DEFAULT NULL,
  `css_text` text,
  `media_type` varchar(255) DEFAULT NULL,
  `media_query` text,
  `create_date` datetime DEFAULT NULL,
  `modified_date` datetime DEFAULT NULL,
  PRIMARY KEY (`css_id`),
  KEY `cms_index_css_by_css_name` (`css_name`)
) ENGINE=MyISAM DEFAULT CHARSET=utf8;
/*!40101 SET character_set_client = @saved_cs_client */;

--
-- Dumping data for table `cms_css`
--

LOCK TABLES `cms_css` WRITE;
/*!40000 ALTER TABLE `cms_css` DISABLE KEYS */;
INSERT INTO `cms_css` VALUES (41,'Handheld','/*********************************************\r\nSample stylesheet for mobile and small screen handheld devices\r\n\r\nJust a simple layout suitable for smaller screens with less \r\nstyling cabapilities and minimal css\r\n\r\nNote: If you dont want to support mobile devices you can\r\nsafely remove this stylesheet.\r\n*********************************************/\r\n/* remove all padding and margins and set width to 100%. This should be default for handheld devices but its good to set these explicitly */\r\nbody {\r\nmargin:0;\r\npadding:0;\r\nwidth:100%;\r\n}\r\n\r\n/* hide accessibility noprint and definition */\r\n.accessibility,\r\n.noprint,\r\ndfn {\r\ndisplay:none;\r\n}\r\n\r\n/* dont want to download image for header so just set bg color */\r\ndiv#header,\r\ndiv#footer {\r\nbackground-color: #385C72;  \r\ncolor: #fff;\r\ntext-align:center;\r\n}\r\n\r\n/* text colors for header and footer */\r\ndiv#header a,\r\ndiv#footer a {\r\ncolor: #fff;\r\n}\r\n\r\n/* this doesnt look as nice, but takes less space */\r\ndiv#menu_vert ul li,\r\ndiv#menu_horiz ul li {\r\ndisplay:inline;\r\n}\r\n\r\n/* small border at the bottom to have some indicator */\r\ndiv#menu_vert ul,\r\ndiv#menu_horiz ul {\r\nborder-bottom:1px solid #fff;\r\n}\r\n\r\n/* save some space */\r\ndiv.breadcrumbs {\r\ndisplay:none;\r\n}','handheld','','2006-07-25 21:22:32','2006-07-25 21:22:32'),(30,'Print','/*\r\nSections that are hidden when printing the page. We only want the content printed.\r\n*/\r\n\r\n\r\nbody {\r\ncolor: #000 !important; /* we want everything in black */\r\nbackground-color:#fff !important; /* on white background */\r\nfont-family:arial; /* arial is nice to read ;) */\r\nborder:0 !important; /* no borders thanks */\r\n}\r\n\r\n/* This affects every tag */\r\n* {\r\nborder:0 !important; /* again no borders on printouts */\r\n}\r\n\r\n/* \r\nno need for accessibility on printout. \r\nMark all your elements in content you \r\ndont want to get printed with class=\"noprint\"\r\n*/\r\n.accessibility,\r\n.noprint\r\n {\r\ndisplay:none !important; \r\n}\r\n\r\n/* \r\nremove all width constraints from content area\r\n*/\r\ndiv#content,\r\ndiv#main {\r\ndisplay:block !important;\r\nwidth:100% !important;\r\nborder:0 !important;\r\npadding:1em !important;\r\n}\r\n\r\n/* hide everything else! */\r\ndiv#header,\r\ndiv#header h1 a,\r\ndiv.breadcrumbs,\r\ndiv#search,\r\ndiv#footer,\r\ndiv#menu_vert,\r\ndiv#news,\r\ndiv.right49,\r\ndiv.left49,\r\ndiv#sidebar  {\r\n   display: none !important;\r\n}\r\n\r\nimg {\r\nfloat:none; /* this makes images couse a pagebreak if it doesnt fit on the page */\r\n}','print','','2006-07-25 21:22:32','2006-07-25 21:22:32'),(31,'Accessibility and cross-browser tools','/* accessibility */\r\n/* menu links accesskeys */\r\nspan.accesskey {\r\n	text-decoration: none;\r\n}\r\n/* accessibility divs are hidden by default, text, screenreaders and such will show these */\r\n.accessibility, hr {\r\n/* position set so the rest can be set out side of visual browser viewport */\r\n	position: absolute;\r\n/* takes it out top side */\r\n	top: -999em;\r\n/* takes it out left side */\r\n	left: -999em;\r\n}\r\n/* definition tags are also hidden, these are also used for accessibility menu links */\r\ndfn {\r\n	position: absolute;\r\n	left: -1000px;\r\n	top: -1000px;\r\n	width: 0;\r\n	height: 0;\r\n	overflow: hidden;\r\n	display: inline;\r\n}\r\n/* end accessibility */\r\n/* wiki style external links */\r\n/* external links will have \"(external link)\" text added, lets hide it */\r\na.external span {\r\n	position: absolute;\r\n	left: -5000px;\r\n	width: 4000px;\r\n}\r\na.external {\r\n/* make some room for the image, css shorthand rules, read: first top padding 0 then right padding 12px then bottom then right */\r\n	padding: 0 12px 0 0;\r\n}\r\n/* colors for external links */\r\na.external:link {\r\n	color: #18507C;\r\n/* background image for the link to show wiki style arrow */\r\n	background: url([[root_url]]/uploads/NCleanBlue/external.gif) no-repeat 100% -100px;\r\n}\r\na.external:visited {\r\n	color: #18507C;\r\n/* a different color can be used for visited external links */\r\n/* Set the last 0 to -100px to use that part of the external.gif image for different color for active links external.gif is actually 300px tall, we can use different positions of the image to simulate rollover image changes.*/\r\n	background: url([[root_url]]/uploads/NCleanBlue/external.gif) no-repeat 100% -100px;\r\n}\r\na.external:hover {\r\n	color: #18507C;\r\n/* Set the last 0 to -200px to use that part of the external.gif image for different color on hover */\r\n	background: url([[root_url]]/uploads/NCleanBlue/external.gif) no-repeat 100% 0;\r\n	background-color: inherit;\r\n}\r\n/* end wiki style external links */\r\n/* clearing */\r\n/* clearfix is a hack for divs that hold floated elements. it will force the holding div to span all the way down to last floated item. We strongly recommend against using this as it is a hack and might not render correctly but it is included here for convenience. Do not edit if you dont know what you are doing*/\r\n.clearfix:after {\r\n	content: \".\";\r\n	display: block;\r\n	height: 0;\r\n	clear: both;\r\n	visibility: hidden;\r\n}\r\n.clear {\r\n	height: 0;\r\n	clear: both;\r\n	width: 90%;\r\n	visibility: hidden;\r\n}\r\n#main .clear {\r\n	height: 0;\r\n	clear: right;\r\n	width: 90%;\r\n	visibility: hidden;\r\n}\r\n* html>body .clearfix {\r\n	display: inline-block;\r\n	width: 100%;\r\n}\r\n* html .clear {\r\n/* Hides from IE-mac \\*/\r\n	height: 1%;\r\n	clear: right;\r\n	width: 90%;\r\n/* End hide from IE-mac */\r\n}\r\n/* end clearing */','screen','','2006-07-25 21:22:32','2009-05-13 10:42:54'),(32,'Layout: Left sidebar + 1 column','/* browsers interpret margin and padding a little differently, we\'ll remove all default padding and margins and set them later on */\r\n* {\r\n	margin: 0;\r\n	padding: 0;\r\n}\r\n/*Set initial font styles*/\r\nbody {\r\n	text-align: left;\r\n	font-family: Verdana, Geneva, Arial, Helvetica, sans-serif;\r\n	font-size: 75.01%;\r\n	line-height: 1em;\r\n}\r\n/*set font size for all divs, this overrides some body rules*/\r\ndiv {\r\n	font-size: 1em;\r\n}\r\n/*if img is inside \"a\" it would have borders, we don\'t want that*/\r\nimg {\r\n	border: 0;\r\n}\r\n/*default link styles*/\r\na, a:link a:active {\r\n/* set all links to have underline */\r\n	text-decoration: underline;\r\n/* css validation will give a warning if color is set without background color. this will explicitly tell this element to inherit bg colour from parent element */\r\n	background-color: inherit;\r\n/* this is a bluish color, you change this for all default link colors */\r\n	color: #18507C;\r\n}\r\na:visited {\r\n/* keeps the underline */\r\n	text-decoration: underline;\r\n	background-color: inherit;\r\n/* a different color is used for visited links */\r\n	color: #18507C;\r\n}\r\na:hover {\r\n/* remove underline on hover */\r\n	text-decoration: none;\r\n	background-color: inherit;\r\n/* using a different color makes the hover obvious */\r\n	color: #385C72;\r\n}\r\n/*****************basic layout *****************/\r\nbody {\r\n	margin: 0;\r\n	padding: 0;\r\n/* default text color for entire site*/\r\n	color: #333;\r\n/* you can set your own image and background color here */\r\n	background: #f4f4f4 url([[root_url]]/uploads/ngrey/body.png) repeat-x left top;\r\n}\r\ndiv#pagewrapper {\r\n/* min max width, IE wont understand these, so we will use java script magic in the <head> */\r\n	max-width: 99em;\r\n	min-width: 60em;\r\n/* now that width is set this centers wrapper */\r\n	margin: 0 auto;\r\n	background-color: #fefefe;\r\n	color: black;\r\n}\r\n/* header, we will hide h1 a text and replace it with an image, we assign a height for it so the image wont cut off */\r\ndiv#header {\r\n/* adjust according your image size */\r\n	height: 100px;\r\n	margin: 0;\r\n	padding: 0;\r\n/* you can set your own image here, will go behind h1 a image */\r\n	background: #f4f4f4 url([[root_url]]/uploads/ngrey/bg_banner.png) repeat-x left top;\r\n/* border just the bottom */\r\n	border-bottom: 1px solid #D9E2E6;\r\n}\r\ndiv#header h1 a {\r\n/* you can set your own image here */\r\n	background: url([[root_url]]/uploads/ngrey/logoCMS.png) no-repeat left top;\r\n/* this will make the \"a\" link a solid shape */\r\n	display: block;\r\n/* adjust according your image size */\r\n	height: 100px;\r\n/* this hides the text */\r\n	text-indent: -999em;\r\n/* old firefox would have shown underline for the link, this explicitly hides it */\r\n	text-decoration: none;\r\n}\r\ndiv#header h1 {\r\n	margin: 0;\r\n	padding: 0;\r\n/*these keep IE6 from pushing the header to more than the set size*/\r\n	line-height: 0;\r\n	font-size: 0;\r\n/* this will keep IE6 from flickering on hover */\r\n	background: url([[root_url]]/uploads/ngrey/logoCMS.png) no-repeat left top;\r\n}\r\ndiv#header h2 {\r\n/* this is where the site name is */\r\n	float: right;\r\n	line-height: 1.2em;\r\n/* this keeps IE6 from not showing the whole text */\r\n	font-size: 1.5em;\r\n/* keeps the size uniform */\r\n	margin: 35px 65px 0px 0px;\r\n/* adjust according your text size */\r\n	color: #f4f4f4;\r\n}\r\ndiv.crbk {\r\n/* sets all to 0 */\r\n	margin: 0;\r\n	padding: 0;\r\n/* you can set your own image here */\r\n	background: url([[root_url]]/uploads/ngrey/mainrtup.gif) no-repeat right bottom;\r\n}\r\ndiv.breadcrumbs {\r\n/* CSS short hand rule first value is top then right, bottom and left */\r\n	padding: 1em 0em 1em 1em;\r\n/* its good to set font sizes to be relative, this way viewer can change his/her font size */\r\n	font-size: 90%;\r\n/* css shorthand rule will be opened to be \"0px 0px 0px 0px\" */\r\n	margin: 0px;\r\n/* you can set your own image here */\r\n	background: url([[root_url]]/uploads/ngrey/mainleftup.gif) no-repeat left bottom;\r\n}\r\ndiv.breadcrumbs span.lastitem {\r\n	font-weight: bold;\r\n}\r\ndiv#search {\r\n/* position for the search box */\r\n	float: right;\r\n/* enough width for the search input box */\r\n	width: 27em;\r\n	text-align: right;\r\n	padding: 0.5em 0 0.2em 0;\r\n	margin: 0 1em;\r\n}\r\n/* a class for Submit button for the search input box */\r\ninput.search-button {\r\n	border: none;\r\n	height: 22px;\r\n	width: 53px;\r\n	margin-left: 5px;\r\n	padding: 0px 2px 2px 0px;\r\n/* makes the hover cursor show, you can set your own cursor here */\r\n	cursor: pointer;\r\n/* you can set your own image here */\r\n	background: url([[root_url]]/uploads/ngrey/search.gif) no-repeat center center;\r\n}\r\ndiv#content {\r\n/* some air above and under menu and content */\r\n	margin: 1.5em auto 2em 0;\r\n	padding: 0px;\r\n}\r\n/* this gets all the outside calls that were used on the div#main before  */\r\ndiv.back1 {\r\n/* this will give room for sidebar to be on the left side, make sure this number is bigger than sidebar width */\r\n	margin-left: 29%;\r\n/* and some air on the right */\r\n	margin-right: 2%;\r\n/* you can set your own image here */\r\n	background: url([[root_url]]/uploads/ngrey/mainrt1.gif) no-repeat right top;\r\n}\r\n/* this is an IE6 hack, you may see these through out the CSS */\r\n* html div.back1 {\r\n/* unlike other browser IE6 needs float:right and a width */\r\n	float: right;\r\n	width: 69%;\r\n/* and we take this out or it will stop at the bottom  */\r\n	margin-left: 0%;\r\n/* and some air on the right */\r\n	margin-right: 10px;\r\n/* you can set your own image here */\r\n	background: url([[root_url]]/uploads/ngrey/mainrt1.gif) no-repeat right top;\r\n}\r\ndiv.back2 {\r\n/* you can set your own image here */\r\n	background: url([[root_url]]/uploads/ngrey/mainleft1.gif) no-repeat left top;\r\n}\r\ndiv.back3 {\r\n/* you can set your own image here */\r\n	background: url([[root_url]]/uploads/ngrey/wbtmleft.gif) no-repeat left bottom;\r\n}\r\ndiv#main {\r\n/* this is the last inside div so we set the space inside it to keep all content away from the edges of images/box */\r\n	padding: 10px 15px;\r\n/* you can set your own image here */\r\n	background: url([[root_url]]/uploads/ngrey/rtup.gif) no-repeat right bottom;\r\n}\r\ndiv.back #main {\r\n/* this is the last inside div so we set the space inside it to keep all content away from the edges of images/box */\r\n	padding: 10px 30px 1px 15px;\r\n/* you can set your own image here */\r\n	background: url([[root_url]]/uploads/ngrey/wbtmleft.gif) no-repeat left bottom;\r\n}\r\ndiv.back {\r\n/* this will give room for sidebar to be on the left side, make sure this space is bigger than sidebar width */\r\n	margin-left: 29%;\r\n/* you can set your own image here */\r\n	background: url([[root_url]]/uploads/ngrey/wtopleft.gif) no-repeat left top;\r\n}\r\ndiv#sidebar {\r\n/* set sidebar left. Change to right, float: right; instead, but you will need to change the margins. */\r\n	float: left;\r\n/* sidebar width, if you change this change div.back and/or div.back1 margins */\r\n	width: 26%;\r\n/* FIX IE double margin bug */\r\n	display: inline;\r\n/* the 20px is on the bottom, insures space above footer if longer than content */\r\n	margin: 0px 0px 20px;\r\n	padding: 0px;\r\n/* you can set your own image here */\r\n	background: url([[root_url]]/uploads/ngrey/mainrt1.gif) no-repeat right top;\r\n}\r\ndiv#sidebara {\r\n	padding: 13px 15px 3px 0px;\r\n/* you can set your own image here */\r\n	background: url([[root_url]]/uploads/ngrey/mainrtup.gif) no-repeat right bottom;\r\n}\r\ndiv#sidebarb {\r\n	padding: 10px 10px 1px 0px;\r\n/* you can set your own image here */\r\n	background: url([[root_url]]/uploads/ngrey/mainrtup.gif) no-repeat right bottom;\r\n}\r\ndiv.footback {\r\n/* keep footer below content and menu */\r\n	clear: both;\r\n/* this sets 10px on right to let the right image show, the balance 10px left on next div */\r\n	padding: 0px 10px 0px 0px;\r\n/* you can set your own image here */\r\n	background: url([[root_url]]/uploads/ngrey/wfootrt.gif) no-repeat right top;\r\n}\r\ndiv#footer {\r\n/* this sets 10px on left to balance 10px right on last div */\r\n	padding: 0px 0px 0px 10px;\r\n/* color of text, the link color is set below */\r\n	color: #595959;\r\n/* you can set your own image here */\r\n	background: url([[root_url]]/uploads/ngrey/wtopleft.gif) no-repeat left top;\r\n}\r\ndiv.leftfoot {\r\n	float: left;\r\n	width: 30%;\r\n	margin-left: 20px\r\n}\r\ndiv#footer p {\r\n/* sets different font size from default */\r\n	font-size: 0.8em;\r\n/* some air for footer */\r\n	padding: 1.5em;\r\n/* centered text */\r\n	text-align: center;\r\n	margin: 0;\r\n}\r\ndiv#footer p a {\r\n/* footer link would be same color as default we want it same as footer text */\r\n	color: #595959;\r\n}\r\n/* as we hid all hr for accessibility we create new hr with div class=\"hr\" element */\r\ndiv.hr {\r\n	height: 1px;\r\n	padding: 1em;\r\n	border-bottom: 1px dotted black;\r\n	margin: 1em;\r\n}\r\n/* relational links under content */\r\ndiv.left49 {\r\n/* combined percentages of left+right equaling 100%  might lead to rounding error on some browser */\r\n	width: 70%;\r\n}\r\ndiv.right49 {\r\n	float: right;\r\n	width: 29%;\r\n/* set right to keep text on right */\r\n	text-align: right;\r\n}\r\n/********************CONTENT STYLING*********************/\r\n/* HEADINGS */\r\ndiv#content h1 {\r\n/* font size for h1 */\r\n	font-size: 2em;\r\n	line-height: 1em;\r\n	margin: 0;\r\n}\r\ndiv#content h2 {\r\n	color: #294B5F;\r\n/* font size for h2 the higher the h number the smaller the font size, most times */\r\n	font-size: 1.5em;\r\n	text-align: left;\r\n/* some air around the text */\r\n	padding-left: 0.5em;\r\n	padding-bottom: 1px;\r\n/* set borders around header */\r\n	border-bottom: 1px solid #899092;\r\n	border-left: 1.1em solid #899092;\r\n/* a larder than h1 line height */\r\n	line-height: 1.5em;\r\n/* and some air under the border */\r\n	margin: 0 0 0.5em 0;\r\n}\r\ndiv#content h3 {\r\n	color: #294B5F;\r\n	font-size: 1.3em;\r\n	line-height: 1.3em;\r\n	margin: 0 0 0.5em 0;\r\n}\r\ndiv#content h4 {\r\n	color: #294B5F;\r\n	font-size: 1.2em;\r\n	line-height: 1.3em;\r\n	margin: 0 0 0.25em 0;\r\n}\r\ndiv#content h5 {\r\n	color: #294B5F;\r\n	font-size: 1.1em;\r\n	line-height: 1.3em;\r\n	margin: 0 0 0.25em 0;\r\n}\r\nh6 {\r\n	color: #294B5F;\r\n	font-size: 1em;\r\n	line-height: 1.3em;\r\n	margin: 0 0 0.25em 0;\r\n}\r\n/* END HEADINGS */\r\n/* TEXT */\r\np {\r\n/* default p font size, this is set different in some other divs */\r\n	font-size: 1em;\r\n/* some air around p elements */\r\n	margin: 0 0 1.5em 0;\r\n	line-height: 1.4em;\r\n	padding: 0;\r\n}\r\nblockquote {\r\n	border-left: 10px solid #ddd;\r\n	margin-left: 10px;\r\n}\r\nstrong, b {\r\n/* explicit setting for these */\r\n	font-weight: bold;\r\n}\r\nem, i {\r\n/* explicit setting for these */\r\n	font-style: italic;\r\n}\r\n/* Wrapping text in <code> tags. Makes CSS not validate */\r\ncode, pre {\r\n/* css-3 */\r\n	white-space: pre-wrap;\r\n/* Mozilla, since 1999 */\r\n	white-space: -moz-pre-wrap;\r\n/* Opera 4-6 */\r\n	white-space: -pre-wrap;\r\n/* Opera 7 */\r\n	white-space: -o-pre-wrap;\r\n/* Internet Explorer 5.5+ */\r\n	word-wrap: break-word;\r\n	font-family: \"Courier New\", Courier, monospace;\r\n	font-size: 1em;\r\n}\r\npre {\r\n/* black border for pre blocks */\r\n	border: 1px solid #000;\r\n/* set different from surroundings to stand out */\r\n	background-color: #ddd;\r\n	margin: 0 1em 1em 1em;\r\n	padding: 0.5em;\r\n	line-height: 1.5em;\r\n	font-size: 90%;\r\n}\r\n/* Separating the divs on the template explanation page */\r\ndiv.templatecode {\r\n	margin: 0 0 2.5em;\r\n}\r\n/* END TEXT */\r\n/* LISTS */\r\n/* lists in content need some margins to look nice */\r\ndiv#main ul,\r\ndiv#main ol,\r\ndiv#main dl {\r\n	font-size: 1.0em;\r\n	line-height: 1.4em;\r\n	margin: 0 0 1.5em 0;\r\n}\r\ndiv#main ul li,\r\ndiv#main ol li {\r\n	margin: 0 0 0.25em 3em;\r\n}\r\n/* definition lists topics on bold */\r\ndiv#main dl {\r\n	margin-bottom: 2em;\r\n	padding-bottom: 1em;\r\n	border-bottom: 1px solid #c0c0c0;\r\n}\r\ndiv#main dl dt {\r\n	font-weight: bold;\r\n	margin: 0 0 0 1em;\r\n}\r\ndiv#main dl dd {\r\n	margin: 0 0 1em 1em;\r\n}\r\n/* END LISTS */','screen','','2006-07-25 21:22:32','2009-05-10 14:06:00'),(33,'Navigation: CSSMenu - Vertical','/* Vertical menu for the CMS CSS Menu Module */\r\n/* by Alexander Endresen and mark and Nuno */\r\n/* The wrapper determines the width of the menu elements */\r\n#menuwrapper {\r\n/* just smaller than it\'s containing div */\r\n	width: 95%;\r\n	margin-left: 0px;\r\n/* room at bottom */\r\n	margin-bottom: 10px;\r\n}\r\n/* Unless you know what you do, do not touch this */\r\n#primary-nav, #primary-nav ul {\r\n/* remove any default bullets */\r\n	list-style: none;\r\n	margin: 0px;\r\n	padding: 0px;\r\n/* make sure it fills out */\r\n	width: 100%;\r\n/* just a little bump */\r\n	margin-left: 1px;\r\n}\r\n#primary-nav ul {\r\n/* make the ul stay in place so when we hover it lets the drops go over the content below else it will push everything below out of the way */\r\n	position: absolute;\r\n/* just a little bump down for second level ul */\r\n	top: 5px;\r\n/* keeps the left side of this ul on the right side of the one it came out of */\r\n	left: 100%;\r\n/* keeps it hidden till hover event */\r\n	display: none;\r\n}\r\n#primary-nav ul ul {\r\n/* no bump down for third level ul */\r\n	top: 0px;\r\n}\r\n#primary-nav li {\r\n/* negative bottom margin pulls them together, images look like one border between */\r\n	margin-bottom: -1px;\r\n/* keeps within it\'s container */\r\n	position: relative;\r\n/* bottom padding pushes \"a\" up enough to show our image */\r\n	padding: 0px 0px 4px 0px;\r\n/* you can set your own image here */\r\n	background: url([[root_url]]/uploads/ngrey/liup.gif) no-repeat right bottom;\r\n}\r\n#primary-nav li li {\r\n/* you can set your width here, if no width or set auto it will only be as wide as the text in it  */\r\n	width: 220px;\r\n	padding: 0px;\r\n/* removes first level li image */\r\n	background-image: none;\r\n}\r\n/* Styling the basic apperance of the menu \"a\" elements */\r\nul#primary-nav li a {\r\n/* specific font size, this could be larger or smaller than default font size */\r\n	font-size: 1em;\r\n/* make sure we keep the font normal */\r\n	font-weight: normal;\r\n/* set default link colors */\r\n	color: #595959;\r\n/* pushes li out from the text, sort of like making links a certain size, if you give them a set width and/or height you may limit you ability to have as much text as you need */\r\n	padding: 0.8em 0.5em 0.5em 0.5em;\r\n/* makes it hold a shape */\r\n	display: block;\r\n/* removes underline from default link setting */\r\n	text-decoration: none;\r\n/* you can set your own image here this is tall enough to cover text heavy links */\r\n	background: url([[root_url]]/uploads/ngrey/libk.gif) no-repeat right top;\r\n}\r\nul#primary-nav a span {\r\n/* makes it hold a shape */\r\n	display: block;\r\n/* pushes text to right */\r\n	padding-left: 1.5em;\r\n}\r\nul#primary-nav li a:hover {\r\n/* stops image flicker in some browsers */\r\n	background: url([[root_url]]/uploads/ngrey/libk.gif) no-repeat right top;\r\n/* changes text color on hover */\r\n	color: #899092;\r\n}\r\nul#primary-nav li li a:hover {\r\n/* you can set your own image here, second level \"a\" */\r\n	background:  url([[root_url]]/uploads/ngrey/darknav.png) repeat-x left center;\r\n/* contrast color to image behind it */\r\n	color: #FFF;\r\n}\r\nul#primary-nav li a.menuactive {\r\n/* black and bold to set it off from non active */\r\n	color: #000;\r\n	font-weight: bold;\r\n}\r\nul#primary-nav li li a.menuactive {\r\n/* contrast color to image behind it, set below */\r\n	color: #FFF;\r\n/* not bold as text color and image behind it set it off from non active */\r\n	font-weight: normal;\r\n}\r\nul#primary-nav li ul a {\r\n/* insures alignment */\r\n	text-align: left;\r\n	margin: 0px;\r\n/* relative to it\'s container */\r\n	position: relative;\r\n/* more padding to left than default */\r\n	padding: 6px 3px 6px 15px;\r\n	font-weight: normal;\r\n/* darker than first level \"a\" */\r\n	color: #000;\r\n/* removes any borders that may have been set in first level */\r\n	border-top: 0 none;\r\n	border-right: 0 none;\r\n	border-left: 0 none;\r\n/* removes image set in first level \"a\" */\r\n	background: none;\r\n}\r\nul#primary-nav li ul {\r\n/* very lite grey color, by now you should know what the rest mean */\r\n	background: #F3F5F5;\r\n	margin: 0px;\r\n	padding: 0px;\r\n	position: absolute;\r\n	width: auto;\r\n	height: auto;\r\n	display: none;\r\n	position: absolute;\r\n	z-index: 999;\r\n	border-top: 1px solid #FFFFFF;\r\n	border-bottom: 1px solid #374B51;\r\n	/*Info: The opacity property is  CSS3, however, will be valid just in CSS 3.1) http://jigsaw.w3.org/css-validator2) More Options chose CSS3 3) is full validate;)*/\r\n	opacity: 0.95;\r\n/* CSS 3 */\r\n}\r\n/* Fixes IE7 bug */\r\n#primary-nav li, #primary-nav li.menuparent {\r\n	min-height: 1em;\r\n}\r\n/* Styling the basic apperance of the second level active page elements (shows what page in the menu is being displayed) */\r\n#primary-nav li li.menuactive, #primary-nav li.menuactive.menuparenth li.menuactive {\r\n/* set your image here, dark grey image with white text set above*/\r\n	background:  url([[root_url]]/uploads/ngrey/darknav.png) repeat-x left center;\r\n}\r\n#primary-nav li.menuparent span {\r\n/* padding on left for image */\r\n	padding-left: 1.5em;\r\n/* down arrow to note it has children, left side of text */\r\n	background: url([[root_url]]/uploads/ngrey/active.png) no-repeat left center;\r\n}\r\n#primary-nav li.menuparent:hover li.menuparent span {\r\n/* remove left padding as image is on right side of text */\r\n	padding-left: 0;\r\n/* right arrow to note it has children, right side of text */\r\n	background: url([[root_url]]/uploads/ngrey/parent.png) no-repeat right center;\r\n}\r\n#primary-nav li.menuparenth li.menuparent span,\r\n#primary-nav li.menuparenth li.menuparenth span {\r\n/* same as above but this is for IE6, gif image as it can\'t handle transparent png */\r\n	padding-left: 0;\r\n	background: url([[root_url]]/uploads/ngrey/parent.gif) no-repeat right center;\r\n}\r\n#primary-nav li.menuparenth span,\r\n#primary-nav li.menuparent:hover span,\r\n#primary-nav li.menuparent.menuactive span,\r\n#primary-nav li.menuparent.menuactiveh span, {\r\n/* right arrow to note hover */\r\n	background: url([[root_url]]/uploads/ngrey/parent.png) no-repeat left center;\r\n}\r\n#primary-nav li li span,\r\n#primary-nav li.menuparent li span,\r\n#primary-nav li.menuparent:hover li span,\r\n#primary-nav li.menuparenth li span,\r\n#primary-nav li.menuparenth li.menuparenth li span,\r\n#primary-nav li.menuparent li.menuparent li span,\r\n#primary-nav li.menuparent li.menuparent:hover li span  {\r\n/* removes any images set above unless it\'s a parent or active parent */\r\n	background:  none;\r\n/* removes padding that is used for arrows */\r\n	padding-left: 0px;\r\n}\r\n/* IE6 flicker fix */\r\n#primary-nav li.menuh,\r\n#primary-nav li.mnuparenth,\r\n#primary-nav li.mnuactiveh {\r\n	background: url([[root_url]]/uploads/ngrey/libk.gif) no-repeat right top;\r\n	color: #899092;\r\n}\r\n#primary-nav li:hover li a {\r\n/* removes any images set above unless it\'s a parent or active parent */\r\n	background:  none;\r\n	color: #000;\r\n}\r\n/* The magic - set to work for up to a 3 level menu, but can be increased unlimited, for fourth level add\r\n#primary-nav li:hover ul ul ul,\r\n#primary-nav li.menuparenth ul ul ul,\r\n*/\r\n#primary-nav ul,\r\n#primary-nav li:hover ul,\r\n#primary-nav li:hover ul ul,\r\n#primary-nav li.menuparenth ul,\r\n#primary-nav li.menuparenth ul ul {\r\n	display: none;\r\n}\r\n/* for fourth level add\r\n#primary-nav ul ul ul li:hover ul,\r\n#primary-nav ul ul ul li.menuparenth ul,\r\n*/\r\n#primary-nav li:hover ul,\r\n#primary-nav ul li:hover ul,\r\n#primary-nav ul ul li:hover ul,\r\n#primary-nav li.menuparenth ul,\r\n#primary-nav ul li.menuparenth ul,\r\n#primary-nav ul ul li.menuparenth ul {\r\n	display: block;\r\n}\r\n/* IE Hack, will cause the css to not validate */\r\n#primary-nav li,\r\n#primary-nav li.menuparenth {\r\n	_float: left;\r\n	_height: 1%;\r\n}\r\n#primary-nav li a {\r\n	_height: 1%;\r\n}\r\n/* BIG NOTE: I didn\'t do anything to these 2, never tested */\r\n#primary-nav li.sectionheader {\r\n	border-left: 1px solid #006699;\r\n	border-top: 1px solid #006699;\r\n	font-size: 130%;\r\n	font-weight: bold;\r\n	padding: 1.5em 0 0.8em 0.5em;\r\n	background-color: #fff;\r\n	margin: 0;\r\n	width: 100%;\r\n}\r\n/* separator */\r\n#primary-nav li hr.separator {\r\n	display: block;\r\n	height: 0.5em;\r\n	color: #abb0b6;\r\n	background-color: #abb0b6;\r\n	width: 100%;\r\n	border: 0;\r\n	margin: 0;\r\n	padding: 0;\r\n	border-top: 1px solid #006699;\r\n	border-right: 1px solid #006699;\r\n}','screen','','2006-07-25 21:22:32','2009-05-10 20:20:30'),(34,'Navigation: CSSMenu - Horizontal','/* by Alexander Endresen and mark and Nuno */\r\n#menu_vert {\r\n/* no margin/padding so it fills the whole div */\r\n	margin: 0;\r\n	padding: 0;\r\n}\r\n.clearb {\r\n/* needed for some browsers */\r\n	clear: both;\r\n}\r\n#menuwrapper {\r\n/* set the background color for the menu here */\r\n	background-color: #243135;\r\n/* IE6 Hack */\r\n	height: 1%;\r\n	width: auto;\r\n/* one border at the top */\r\n	border-top: 1px solid #3F565C;\r\n	margin: 0;\r\n	padding: 0;\r\n}\r\nul#primary-nav, ul#primary-nav ul {\r\n/* remove any default bullets */\r\n	list-style-type: none;\r\n	margin: 0;\r\n	padding: 0;\r\n}\r\nul#primary-nav {\r\n/* pushes the menu div up to give room above for background color to show */\r\n	padding-top: 10px;\r\n/* keeps the first menu item off the left side */\r\n	padding-left: 10px;\r\n}\r\nul#primary-nav ul {\r\n/* make the ul stay in place so when we hover it lets the drops go over the content below else it will push everything below out of the way */\r\n	position: absolute;\r\n/* top being the bottom of the li it comes out of */\r\n	top: auto;\r\n/* keeps it hidden till hover event */\r\n	display: none;\r\n/* same size but different color for each border */\r\n	border-top: 1px solid #C8D3D7;\r\n	border-right: 1px solid #C8D3D7;\r\n	border-bottom: 1px solid #ADC0C7;\r\n	border-left: 1px solid #A5B9C0;\r\n}\r\nul#primary-nav ul ul {\r\n/* now we move the next level ul down from the top a little for distinction */\r\n	margin-top: 1px;\r\n/* pull it in on the left, helps us not lose the hover effect when going to next level */\r\n	margin-left: -1px;\r\n/* keeps the left side of this ul on the right side of the one it came out of */\r\n	left: 100%;\r\n/* sets the top of it inline with the li it came out of */\r\n	top: 0px;\r\n}\r\nul#primary-nav li {\r\n/* floating left will set menu items to line up left to right else they will stack top to bottom */\r\n	float: left;\r\n/* no margin/padding keeps them next to each other, the padding will be in the \"a\" */\r\n	margin: 0px;\r\n	padding: 0px;\r\n}\r\n#primary-nav li li {\r\n/* Set the width of the menu elements at second level. Leaving first level flexible. */\r\n	width: 220px;\r\n/* removes any left margin it may have picked up from the first li */\r\n	margin-left: 0px;\r\n/* keeps them tight to the one above, no missed hovers */\r\n	margin-top: -1px;\r\n/* removes the left float set in first li so these will stack from top down */\r\n	float: none;\r\n/* relative to the ul they are in */\r\n	position: relative;\r\n}\r\n/* set the \"a\" link look here */\r\nul#primary-nav li a {\r\n/* specific font size, this could be larger or smaller than default font size */\r\n	font-size: 1em;\r\n/* make sure we keep the font normal */\r\n	font-weight: normal;\r\n/* set default link colors */\r\n	color: #fff;\r\n/* pushes out from the text, sort of like making links a certain size, if you give them a set width and/or height you may limit you ability to have as much text as you need */\r\n	padding: 12px 15px 15px;\r\n	display: block;\r\n/* sets no underline on links */\r\n	text-decoration: none;\r\n}\r\nul#primary-nav li a:hover {\r\n/* kind of obvious */\r\n	background-color: transparent;\r\n}\r\nul#primary-nav li li a:hover {\r\n/* this is set to #000, black, below so hover will be white text */\r\n	color: #FFF;\r\n}\r\nul#primary-nav li a.menuactive {\r\n	color: #000;\r\n/* bold to set it off from non active */\r\n	font-weight: bold;\r\n/* set your image here */\r\n	background:  url([[root_url]]/uploads/ngrey/nav.png) repeat-x left 0px;\r\n}\r\nul#primary-nav li a.menuactive:hover {\r\n	color: #000;\r\n/* keep it the same */\r\n	font-weight: bold;\r\n}\r\n#primary-nav li li a.menuparent span {\r\n/* makes it hold a shape */\r\n	display: block;\r\n/* set your image here, right arrow, 98% over from the left, 100% or \'right\' puts it to far */\r\n	background:  url([[root_url]]/uploads/ngrey/parent.png) no-repeat 98% center;\r\n}\r\n/* gif for IE6, as it can\'t handle transparent png */\r\n* html #primary-nav li li a.menuparent span {\r\n/* set your image here, right arrow, 98% over from the left, 100% or \'right\' puts it to far */\r\n	background:  url([[root_url]]/uploads/ngrey/parent.gif) no-repeat 98% center;\r\n}\r\nul#primary-nav li ul a {\r\n/* insures alignment */\r\n	text-align: left;\r\n	margin: 0px;\r\n/* keeps it relative to it\'s container */\r\n	position: relative;\r\n/* less padding than first level no need for large links here */\r\n	padding: 6px 3px 6px 15px;\r\n/* if first level is set to bold this will reset this level */\r\n	font-weight: normal;\r\n/* first level is #FFF/white, we need black to contrast with light background */\r\n	color: #000;\r\n	border-top: 0 none;\r\n	border-right: 0 none;\r\n	border-left: 0 none;\r\n}\r\nul#primary-nav li ul {\r\n/* very lite grey color, by now you should know what the rest mean */\r\n	background: #F3F5F5;\r\n	margin: 0px;\r\n	padding: 0px;\r\n	position: absolute;\r\n	width: auto;\r\n	height: auto;\r\n	display: none;\r\n	position: absolute;\r\n	z-index: 999;\r\n	border-top: 1px solid #FFFFFF;\r\n	border-bottom: 1px solid #374B51;\r\n/*Info: The opacity property is  CSS3, however, will be valid just in CSS 3.1) http://jigsaw.w3.org/css-validator2) More Options chose CSS3 3) is full validate;)*/\r\n	opacity: 0.95;\r\n/* CSS 3 */\r\n}\r\nul#primary-nav li ul ul {\r\n/*Info: The opacity property is  CSS3, however, will be valid just in CSS 3.1) http://jigsaw.w3.org/css-validator2) More Options chose CSS3 3) is full validate;)*/\r\n	opacity: 95;\r\n/* CSS 3 */\r\n}\r\n/* Styling the appearance of menu items on hover */\r\n#primary-nav li:hover,\r\n#primary-nav li.menuh,\r\n#primary-nav li.menuparenth,\r\n#primary-nav li.menuactiveh {\r\n/* set your image here, dark grey image */\r\n	background:  url([[root_url]]/uploads/ngrey/darknav.png) repeat-x left center;\r\n	color: #000\r\n}\r\n/* The magic - set to work for up to a 3 level menu, but can be increased unlimited, for fourth level add\r\n#primary-nav li:hover ul ul ul,\r\n#primary-nav li.menuparenth ul ul ul,\r\n*/\r\n#primary-nav ul,\r\n#primary-nav li:hover ul,\r\n#primary-nav li:hover ul ul,\r\n#primary-nav li.menuparenth ul,\r\n#primary-nav li.menuparenth ul ul {\r\n	display: none;\r\n}\r\n/* for fourth level add\r\n#primary-nav ul ul ul li:hover ul,\r\n#primary-nav ul ul ul li.menuparenth ul,\r\n*/\r\n#primary-nav li:hover ul,\r\n#primary-nav ul li:hover ul,\r\n#primary-nav ul ul li:hover ul,\r\n#primary-nav li.menuparenth ul,\r\n#primary-nav ul li.menuparenth ul,\r\n#primary-nav ul ul li.menuparenth ul {\r\n	display: block;\r\n}\r\n/* IE6 Hacks */\r\n#primary-nav li li {\r\n	float: left;\r\n	clear: both;\r\n}\r\n#primary-nav li li a {\r\n	height: 1%;\r\n}','screen','','2006-07-25 21:22:32','2009-05-10 16:52:41'),(35,'Module: News','div#news {\r\n/* margin for the entire div surrounding the news items */\r\n	margin: 2em 0 1em 1em;\r\n/* border set here */\r\n	border: 1px solid #909799;\r\n/* sets it off from surroundings */\r\n	background: #f5f5f5;\r\n}\r\ndiv#news h2 {\r\n	line-height: 2em;\r\n/* you can set your own image here */\r\n	background: url([[root_url]]/uploads/ngrey/darknav.png) repeat-x left center;\r\n	color: #f5f5f5;\r\n	border: none\r\n}\r\n.NewsSummary {\r\n/* padding for the news article summary */\r\n	padding: 0.5em 0.5em 1em;\r\n/* margin to the bottom of the news article summary */\r\n	margin: 0 0.5em 1em 0.5em;\r\n	border-bottom: 1px solid #ccc;\r\n}\r\n.NewsSummaryPostdate {\r\n/* smaller than default text size */\r\n	font-size: 90%;\r\n/* bold to set it off from text */\r\n	font-weight: bold;\r\n}\r\n.NewsSummaryLink {\r\n/* bold to set it off from text */\r\n	font-weight: bold;\r\n/* little more room at top */\r\n	padding-top: 0.2em;\r\n}\r\n.NewsSummaryCategory {\r\n/* italic to set it off from text */\r\n	font-style: italic;\r\n	margin: 5px 0;\r\n}\r\n.NewsSummaryAuthor {\r\n/* italic to set it off from text */\r\n	font-style: italic;\r\n	padding-bottom: 0.5em;\r\n}\r\n.NewsSummarySummary, .NewsSummaryContent {\r\n/* larger than default text */\r\n	line-height: 140%;\r\n}\r\n.NewsSummaryMorelink {\r\n	padding-top: 0.5em;\r\n}\r\n#NewsPostDetailDate {\r\n/* smaller text */\r\n	font-size: 90%;\r\n	margin-bottom: 5px;\r\n/* bold to set it off from text */\r\n	font-weight: bold;\r\n}\r\n#NewsPostDetailSummary {\r\n/* larger than default text */\r\n	line-height: 150%;\r\n}\r\n#NewsPostDetailCategory {\r\n/* italic to set it off from text */\r\n	font-style: italic;\r\n	border-top: 1px solid #ccc;\r\n	margin-top: 0.5em;\r\n	padding: 0.2em 0;\r\n}\r\n#NewsPostDetailContent {\r\n	margin-bottom: 15px;\r\n/* larger than default text */\r\n	line-height: 150%;\r\n}\r\n#NewsPostDetailAuthor {\r\n	padding-bottom: 1.5em;\r\n/* italic to set it off from text */\r\n	font-style: italic;\r\n}\r\n/* more divs, left unstyled, just so you know the IDs of them */ \r\n#NewsPostDetailTitle {\r\n}\r\n#NewsPostDetailHorizRule {\r\n}\r\n#NewsPostDetailPrintLink {\r\n}\r\n#NewsPostDetailReturnLink {\r\n}\ndiv#news ul li {\n	padding: 2px 2px 2px 5px;\n	margin-left: 20px;\n}','screen','','2006-07-25 21:22:32','2009-05-09 23:29:39'),(38,'Navigation: Simple - Horizontal','/********************MENU*********************/\r\n/* hack for IE6 */\r\n* html div#menu_horiz {\r\n/* hide ie/mac \\*/\r\n	height: 1%;\r\n/* end hide */\r\n}\r\ndiv#menu_horiz {\r\n/* background color for the entire menu row */\r\n	background-color: #243135;\r\n/* insure full width */\r\n	width: 100%;\r\n/* set height */\r\n	height: 49px;\r\n	margin: 0;\r\n}\r\ndiv#menu_horiz ul {\r\n/* remove any default bullets */\r\n	list-style-type: none;\r\n	margin: 0;\r\n/* pushes the menu div up to give room above for background color to show */\r\n	padding-top: 10px;\r\n/* keeps the first menu item off the left side */\r\n	padding-left: 10px;\r\n}\r\n/* menu list items */\r\ndiv#menu_horiz li {\r\n/* makes the list horizontal */\r\n	float: left;\r\n/* remove any default bullets */\r\n	list-style: none;\r\n/* still no margin */\r\n	margin: 0;\r\n}\r\n/* the links, that is each list item */\r\ndiv#menu_horiz a, div#menu_horiz h3 span, div#menu_horiz .sectionheader span {\r\n/* pushes li out from the text, sort of like making links a certain size, if you give them a set width and/or height you may limit you ability to have as much text as you need */\r\n	padding: 12px 15px 15px 0px;\r\n/* still no margin */\r\n	margin: 0;\r\n/* removes default underline */\r\n	text-decoration: none;\r\n/* default link color */\r\n	color: #FFF;\r\n/* makes it hold a shape, IE has problems with this, fixed above */\r\n	display: block;\r\n}\r\n/* hover state for links */\r\ndiv#menu_horiz li a:hover {;\r\n/* set your image here, dark grey image with white text set above*/\r\n	background:  url([[root_url]]/uploads/ngrey/nav.png) repeat-x left -50px;\r\n}\r\ndiv#menu_horiz a span {\r\n/* compensates for no left padding on the \"a\" */\r\n	padding-left: 15px;\r\n}\r\ndiv#menu_horiz li.parent a span {\r\n/* no left padding on the \"a\" we can set it here, it lets us use the span for an image */\r\n	padding-left: 20px;\r\n/* set your image here, down arrow to note it has children, left side of text */\r\n	background: url([[root_url]]/uploads/ngrey/active.gif) no-repeat 0.3em center;\r\n}\r\ndiv#menu_horiz li.parent a:hover span {\r\n	padding-left: 20px;\r\n/* hover replaces default with right arrow image */\r\n	background: url([[root_url]]/uploads/ngrey/parent.gif) no-repeat 0.3em center;\r\n}\r\ndiv#menu_horiz li.menuactive a span {\r\n	padding-left: 20px;\r\n/* menuactive replaces default with right arrow image */\r\n	background: url([[root_url]]/uploads/ngrey/parent.gif) no-repeat 0.5em center;\r\n	color: #000;\r\n}\r\ndiv#menu_horiz li.currentpage h3 span {\r\n	padding-left: 12px;\r\n/* menuactive replaces default with right arrow image */\r\n	background: url([[root_url]]/uploads/ngrey/nav.png) repeat-x left 0px;\r\n	color: #000;\r\n}\r\ndiv#menu_horiz .sectionheader span {\r\n/* compensates for no left padding on the \"sectionheader\" */\r\n	padding-left: 15px;\r\n}\r\n/* active parent, that is the first level parent of a child page that is the current page */\r\ndiv#menu_horiz li.menuactive, div#menu_horiz li.menuactive a:hover {\r\n/* set your image here, light image with #000/black text set below*/\r\n	background:  url([[root_url]]/uploads/ngrey/nav.png) repeat-x left 0px;\r\n	color: #000;\r\n}','screen','','2006-07-25 21:22:32','2010-05-29 13:06:18'),(39,'Layout: Top menu + 2 columns','/* browsers interpret margin and padding a little differently, we\'ll remove all default padding and margins and set them later on */\r\n* {\r\n	margin: 0;\r\n	padding: 0;\r\n}\r\n/*Set initial font styles*/\r\nbody {\r\n	text-align: left;\r\n	font-family: Verdana, Geneva, Arial, Helvetica, sans-serif;\r\n	font-size: 75.01%;\r\n	line-height: 1em;\r\n}\r\n/*set font size for all divs, this overrides some body rules*/\r\ndiv {\r\n	font-size: 1em;\r\n}\r\n/*if img is inside \"a\" it would have borders, we don\'t want that*/\r\nimg {\r\n	border: 0;\r\n}\r\n/*default link styles*/\r\n/* set all links to have underline and bluish color */\r\na, a:link a:active {\r\n	text-decoration: underline;\r\n/* css validation will give a warning if color is set without background color. this will explicitly tell this element to inherit bg colour from parent element */\r\n	background-color: inherit;\r\n	color: #18507C;\r\n}\r\na:visited {\r\n	text-decoration: underline;\r\n	background-color: inherit;\r\n	color: #18507C;\r\n/* a different color can be used for visited links */\r\n}\r\n/* remove underline on hover and change color */\r\na:hover {\r\n	text-decoration: none;\r\n	background-color: inherit;\r\n	color: #385C72;\r\n}\r\n/*****************basic layout *****************/\r\nbody {\r\n	margin: 0;\r\n	padding: 0;\r\n/* default text color for entire site*/\r\n	color: #333;\r\n/* you can set your own image and background color here */\r\n	background: #f4f4f4 url([[root_url]]/uploads/ngrey/body.png) repeat-x left top;\r\n}\r\ndiv#pagewrapper {\r\n/* min max width, IE wont understand these, so we will use java script magic in the <head> */\r\n	max-width: 99em;\r\n	min-width: 60em;\r\n/* now that width is set this centers wrapper */\r\n	margin: 0 auto;\r\n	background-color: #fefefe;\r\n	color: black;\r\n}\r\n/* header, we will hide h1 a text and replace it with an image, we assign a height for it so the image wont cut off */\r\ndiv#header {\r\n/* adjust according your image size */\r\n	height: 100px;\r\n	margin: 0;\r\n	padding: 0;\r\n	/* you can set your own image here, will go behind h1 a image */\r\n	background: #f4f4f4 url([[root_url]]/uploads/ngrey/bg_banner.png) repeat-x left top;\r\n/* border just the bottom */\r\n	border-bottom: 1px solid #D9E2E6;\r\n}\r\ndiv#header h1 a {\r\n/* you can set your own image here */\r\n	background: url([[root_url]]/uploads/ngrey/logoCMS.png) no-repeat left top;\r\n/* this will make the \"a\" link a solid shape */\r\n	display: block;\r\n/* adjust according your image size */\r\n	height: 100px;\r\n/* this hides the text */\r\n	text-indent: -999em;\r\n/* old firefox would have shown underline for the link, this explicitly hides it */\r\n	text-decoration: none;\r\n}\r\ndiv#header h1 {\r\n	margin: 0;\r\n	padding: 0;\r\n/*these keep IE6 from pushing the header to more than the set size*/\r\n	line-height: 0;\r\n	font-size: 0;\r\n/* this will keep IE6 from flickering on hover */\r\n	background: url([[root_url]]/uploads/ngrey/logoCMS.png) no-repeat left top;\r\n}\r\ndiv#header h2 {\r\n/* this is where the site name is */\r\n	float: right;\r\n	line-height: 1.2em;\r\n/* this keeps IE6 from not showing the whole text */\r\n	font-size: 1.5em;\r\n/* keeps the size uniform */\r\n	margin: 35px 65px 0px 0px;\r\n/* adjust according your text size */\r\n	color: #f4f4f4;\r\n}\r\ndiv.crbk {\r\n/* sets all to 0 */\r\n	margin: 0;\r\n	padding: 0;\r\n/* you can set your own image here */\r\n	background: url([[root_url]]/uploads/ngrey/mainrtup.gif) no-repeat right bottom;\r\n}\r\ndiv.breadcrumbs {\r\n/* CSS short hand rule first value is top then right, bottom and left */\r\n	padding: 1em 0em 1em 1em;\r\n/* its good to set font sizes to be relative, this way viewer can change his/her font size */\r\n	font-size: 90%;\r\n/* css shorthand rule will be opened to be \"0px 0px 0px 0px\" */\r\n	margin: 0px;\r\n/* you can set your own image here */\r\n	background: url([[root_url]]/uploads/ngrey/mainleftup.gif) no-repeat left bottom;\r\n}\r\ndiv.breadcrumbs span.lastitem {\r\n	font-weight: bold;\r\n}\r\ndiv#search {\r\n/* position for the search box */\r\n	float: right;\r\n/* enough width for the search input box */\r\n	width: 27em;\r\n	text-align: right;\r\n	padding: 0.5em 0 0.2em 0;\r\n	margin: 0 1em;\r\n}\r\n/* a class for Submit button for the search input box */\r\ninput.search-button {\r\n	border: none;\r\n	height: 22px;\r\n	width: 53px;\r\n	margin-left: 5px;\r\n	padding: 0px 2px 2px 0px;\r\n/* makes the hover cursor show, you can set your own cursor here */\r\n	cursor: pointer;\r\n/* you can set your own image here */\r\n	background: url([[root_url]]/uploads/ngrey/search.gif) no-repeat center center;\r\n}\r\ndiv#content {\r\n/* some air above and under menu and content */\r\n	margin: 1.5em auto 2em 0;\r\n	padding: 0px;\r\n}\r\n/* this gets all the outside calls that were used on the div#main before  */\r\ndiv.back1 {\r\n/* this will give room for sidebar to be on the left side, make sure this number is bigger than sidebar width */\r\n	margin-left: 29%;\r\n/* and some air on the right */\r\n	margin-right: 2%;\r\n/* you can set your own image here */\r\n	background: url([[root_url]]/uploads/ngrey/mainrt1.gif) no-repeat right top;\r\n}\r\n/* this is an IE6 hack, you may see these through out the CSS */\r\n* html div.back1 {\r\n/* unlike other browser IE6 needs float:right and a width */\r\n	float: right;\r\n	width: 69%;\r\n/* and we take this out or it will stop at the bottom  */\r\n	margin-left: 0%;\r\n/* and some air on the right */\r\n	margin-right: 10px;\r\n/* you can set your own image here */\r\n	background: url([[root_url]]/uploads/ngrey/mainrt1.gif) no-repeat right top;\r\n}\r\ndiv.back2 {\r\n/* you can set your own image here */\r\n	background: url([[root_url]]/uploads/ngrey/mainleft1.gif) no-repeat left top;\r\n}\r\ndiv.back3 {\r\n/* you can set your own image here */\r\n	background: url([[root_url]]/uploads/ngrey/wbtmleft.gif) no-repeat left bottom;\r\n}\r\ndiv#main {\r\n/* this is the last inside div so we set the space inside it to keep all content away from the edges of images/box */\r\n	padding: 10px 15px;\r\n/* you can set your own image here */\r\n	background: url([[root_url]]/uploads/ngrey/rtup.gif) no-repeat right bottom;\r\n}\r\ndiv#sidebar {\r\n/* set sidebar left. Change to right, float: right; instead, but you will need to change the margins. */\r\n	float: left;\r\n/* sidebar width, if you change this change div.back and/or div.back1 margins */\r\n	width: 26%;\r\n/* FIX IE double margin bug */\r\n	display: inline;\r\n/* the 20px is on the bottom, insures space above footer if longer than content */\r\n	margin: 0px 0px 20px;\r\n	padding: 0px;\r\n/* you can set your own image here */\r\n	background: url([[root_url]]/uploads/ngrey/mainrt.gif) no-repeat right top;\r\n}\r\ndiv#sidebarb {\r\n	padding: 10px 15px 10px 20px;\r\n/* this one is for sidebar with content and no menu */\r\n	background: url([[root_url]]/uploads/ngrey/mainrtup.gif) no-repeat right bottom;\r\n}\r\ndiv#sidebarb div#news {\r\n/* less margin surrounding the news, sidebarb has enough */\r\n	margin: 2em 0 1em 0em;\r\n}\r\ndiv#sidebara {\r\n	padding: 10px 15px 15px 0px;\r\n/* this one is for sidebar with menu and no content */\r\n	background: url([[root_url]]/uploads/ngrey/mainrtup.gif) no-repeat right bottom;\r\n}\r\ndiv.footback {\r\n/* keep footer below content and menu */\r\n	clear: both;\r\n/* this sets 10px on right to let the right image show, the balance 10px left on next div */\r\n	padding: 0px 10px 0px 0px;\r\n/* you can set your own image here */\r\n	background: url([[root_url]]/uploads/ngrey/wfootrt.gif) no-repeat right top;\r\n}\r\ndiv#footer {\r\n/* this sets 10px on left to balance 10px right on last div */\r\n	padding: 0px 0px 0px 10px;\r\n/* color of text, the link color is set below */\r\n	color: #595959;\r\n/* you can set your own image here */\r\n	background: url([[root_url]]/uploads/ngrey/wtopleft.gif) no-repeat left top;\r\n}\r\ndiv.leftfoot {\r\n	float: left;\r\n	width: 30%;\r\n	margin-left: 20px\r\n}\r\ndiv#footer p {\r\n/* sets different font size from default */\r\n	font-size: 0.8em;\r\n/* some air for footer */\r\n	padding: 1.5em;\r\n/* centered text */\r\n	text-align: center;\r\n	margin: 0;\r\n}\r\ndiv#footer p a {\r\n/* footer link would be same color as default we want it same as footer text */\r\n	color: #595959;\r\n}\r\n/* as we hid all hr for accessibility we create new hr with div class=\"hr\" element */\r\ndiv.hr {\r\n	height: 1px;\r\n	padding: 1em;\r\n	border-bottom: 1px dotted black;\r\n	margin: 1em;\r\n}\r\n/* relational links under content */\r\ndiv.left49 {\r\n/* combined percentages of left+right equaling 100%  might lead to rounding error on some browser */\r\n	width: 70%;\r\n}\r\ndiv.right49 {\r\n	float: right;\r\n	width: 29%;\r\n/* set right to keep text on right */\r\n	text-align: right;\r\n}\r\n/********************CONTENT STYLING*********************/\r\n/* HEADINGS */\r\ndiv#content h1 {\r\n/* font size for h1 */\r\n	font-size: 2em;\r\n	line-height: 1em;\r\n	margin: 0;\r\n}\r\ndiv#content h2 {\r\n	color: #294B5F;\r\n/* font size for h2 the higher the h number the smaller the font size, most times */\r\n	font-size: 1.5em;\r\n	text-align: left;\r\n/* some air around the text */\r\n	padding-left: 0.5em;\r\n	padding-bottom: 1px;\r\n/* set borders around header */\r\n	border-bottom: 1px solid #899092;\r\n	border-left: 1.1em solid #899092;\r\n/* a larder than h1 line height */\r\n	line-height: 1.5em;\r\n/* and some air under the border */\r\n	margin: 0 0 0.5em 0;\r\n}\r\ndiv#content h3 {\r\n	color: #294B5F;\r\n	font-size: 1.3em;\r\n	line-height: 1.3em;\r\n	margin: 0 0 0.5em 0;\r\n}\r\ndiv#content h4 {\r\n	color: #294B5F;\r\n	font-size: 1.2em;\r\n	line-height: 1.3em;\r\n	margin: 0 0 0.25em 0;\r\n}\r\ndiv#content h5 {\r\n	color: #294B5F;\r\n	font-size: 1.1em;\r\n	line-height: 1.3em;\r\n	margin: 0 0 0.25em 0;\r\n}\r\nh6 {\r\n	color: #294B5F;\r\n	font-size: 1em;\r\n	line-height: 1.3em;\r\n	margin: 0 0 0.25em 0;\r\n}\r\n/* END HEADINGS */\r\n/* TEXT */\r\np {\r\n/* default p font size, this is set different in some other divs */\r\n	font-size: 1em;\r\n/* some air around p elements */\r\n	margin: 0 0 1.5em 0;\r\n	line-height: 1.4em;\r\n	padding: 0;\r\n}\r\nblockquote {\r\n	border-left: 10px solid #ddd;\r\n	margin-left: 10px;\r\n}\r\nstrong, b {\r\n/* explicit setting for these */\r\n	font-weight: bold;\r\n}\r\nem, i {\r\n/* explicit setting for these */\r\n	font-style: italic;\r\n}\r\n/* Wrapping text in <code> tags. Makes CSS not validate */\r\ncode, pre {\r\n/* css-3 */\r\n	white-space: pre-wrap;\r\n/* Mozilla, since 1999 */\r\n	white-space: -moz-pre-wrap;\r\n/* Opera 4-6 */\r\n	white-space: -pre-wrap;\r\n/* Opera 7 */\r\n	white-space: -o-pre-wrap;\r\n/* Internet Explorer 5.5+ */\r\n	word-wrap: break-word;\r\n	font-family: \"Courier New\", Courier, monospace;\r\n	font-size: 1em;\r\n}\r\npre {\r\n/* black border for pre blocks */\r\n	border: 1px solid #000;\r\n/* set different from surroundings to stand out */\r\n	background-color: #ddd;\r\n	margin: 0 1em 1em 1em;\r\n	padding: 0.5em;\r\n	line-height: 1.5em;\r\n	font-size: 90%;\r\n}\r\n/* Separating the divs on the template explanation page */\r\ndiv.templatecode {\r\n	margin: 0 0 2.5em;\r\n}\r\n/* END TEXT */\r\n/* LISTS */\r\n/* lists in content need some margins to look nice */\r\ndiv#main ul,\r\ndiv#main ol,\r\ndiv#main dl {\r\n	font-size: 1.0em;\r\n	line-height: 1.4em;\r\n	margin: 0 0 1.5em 0;\r\n}\r\ndiv#main ul li,\r\ndiv#main ol li {\r\n	margin: 0 0 0.25em 3em;\r\n}\r\n/* definition lists topics on bold */\r\ndiv#main dl {\r\n	margin-bottom: 2em;\r\n	padding-bottom: 1em;\r\n	border-bottom: 1px solid #c0c0c0;\r\n}\r\ndiv#main dl dt {\r\n	font-weight: bold;\r\n	margin: 0 0 0 1em;\r\n}\r\ndiv#main dl dd {\r\n	margin: 0 0 1em 1em;\r\n}\r\n/* END LISTS */','screen','','2006-07-25 21:22:32','2009-05-10 00:13:04'),(42,'Navigation: Simple - Vertical','/******************** MENU *********************/\n#menu_vert {\n	margin: 0;\n	padding: 0;\n}\n#menu_vert ul {\n/* remove any bullets */\n	list-style: none;\n/* margin/padding set in li */\n	margin: 0px;\n	padding: 0px;\n}\n#menu_vert ul ul {\n	margin: 0;\n/* padding right sets second level li in on right from first li */\n	padding: 0px 5px 0px 0px;\n/* replaces bottom of li.menuactive menuparent, looks like li below it, set in 5px more, is sitting on top of it */\n	background: transparent url([[root_url]]/uploads/ngrey/liup.gif) no-repeat right -4px;\n}\n#menu_vert li {\n/* remove any bullets */\n	list-style: none;\n/* negative bottom margin pulls them together, images look like one border between */\n	margin: 0px 0px -1px;\n/* bottom padding pushes \"a\" up enough to show our image */\n	padding: 0px 0px 4px 0px;\n/* you can set your own image here */\n	background: transparent url([[root_url]]/uploads/ngrey/liup.gif) no-repeat right bottom;\n}\n#menu_vert li.currentpage {\n	padding: 0px 0px 3px 0px;\n}\n#menu_vert li.menuactive {\n	margin: 0;\n	padding: 0px;\n/* replaced by image in ul ul */\n	background: none;\n}\n#menu_vert li.menuactive ul {\n	margin: 0;\n}\n#menu_vert li.activeparent {\n	margin: 0;\n	padding: 0px;\n}\n/* fix stupid IE6 bug with display:block; */\n* html #menu_vert li {\n	height: 1%;\n}\n* html #menu_vert li a {\n	height: 1%;\n}\n* html #menu_vert li hr {\n	height: 1%;\n}\n/** end fix **/\n/* first level links */\ndiv#menu_vert a {\n/* IE6 has problems with this, fixed above */\n	display: block;\n/* some air for it */\n	padding: 0.8em 0.3em 0.5em 1.5em;\n/* this will be link color for all levels */\n	color: #18507C;\n/* Fixes IE7 whitespace bug */\n	min-height: 1em;\n/* no underline for links */\n	text-decoration: none;\n/* you can set your own image here this is tall enough to cover text heavy links */\n	background: transparent url([[root_url]]/uploads/ngrey/libk.gif) no-repeat right top;\n}\n/* next level links, more padding and smaller font */\ndiv#menu_vert ul ul a {\n	font-size: 90%;\n	padding: 0.8em 0.3em 0.5em 2.8em;\n}\n/* third level links, more padding */\ndiv#menu_vert ul ul ul a {\n	padding: 0.5em 0.3em 0.3em 3em;\n}\n/* hover state for all links */\ndiv#menu_vert a:hover {\n	background-color: transparent;\n	color: #595959;\n	text-decoration: underline;\n}\ndiv#menu_vert a.activeparent:hover {\n	color: #595959;\n}\n/* active parent, that is the first level parent of a child page that is the current page */\ndiv#menu_vert li.activeparent {\n/* you can set your own image here */\n	background: transparent url([[root_url]]/uploads/ngrey/liup.gif) no-repeat right -65px;\n/* white to contrast with background image */\n	color: #fff;\n}\ndiv#menu_vert li.activeparent a.activeparent {\n/* you can set your own image here */\n	background: transparent url([[root_url]]/uploads/ngrey/libk.gif) no-repeat right top;\n/* to contrast with background image */\n	color: #000;\n}\ndiv#menu_vert li a.parent {\n/* takes left padding out so span image has room on left */\n	padding-left: 0em;\n}\ndiv#menu_vert ul ul li a.parent {\n/* increased padding on left offsets it from one above */\n	padding-left: 0.9em;\n}\ndiv#menu_vert li a.parent span {\n	display: block;\n	margin: 0;\n/* adds left padding taken out of \"a.parent\" */\n	padding-left: 1.5em;\n/* arrow on left for pages with children, points down, you can set your own image here */\n	background: transparent url([[root_url]]/uploads/ngrey/active.png) no-repeat 2px center;\n}\ndiv#menu_vert li a.parent:hover {\n/* removes underline hover effect */\n	text-decoration: none;\n}\ndiv#menu_vert li a.parent:hover span {\n	display: block;\n	margin: 0;\n	padding-left: 1.5em;\n/* arrow on left for pages with children, points right for hover, you can set your own image here */\n	background: transparent url([[root_url]]/uploads/ngrey/parent.png) no-repeat 2px center;\n}\ndiv#menu_vert li a.menuactive.menuparent {\n/* sets it in a little more than a.parent */\n	padding-left: 0.35em;\n}\ndiv#menu_vert ul ul li a.menuactive.menuparent {\n/* sets it in a little more on next level */\n	padding-left: 0.99em;\n}\ndiv#menu_vert li a.menuactive.menuparent span {\n	display: block;\n	margin: 0;\n/* to contrast with non active pages */\n	font-weight: bold;\n	padding-left: 1.5em;\n/* arrow on left for active pages with children, points right, you can set your own image here */\n	background: transparent url([[root_url]]/uploads/ngrey/parent.png) no-repeat 2px center;\n}\ndiv#menu_vert li a.menuactive.menuparent:hover {\n	text-decoration: none;\n	color: #18507C;\n}\ndiv#menu_vert ul ul li a.activeparent {\n	color: #fff;\n}\n/* current pages in the default Menu Manager template are unclickable. This is for current page on first level */\ndiv#menu_vert ul h3 {\n	display: block;\n/* some air for it */\n	padding: 0.8em 0.5em 0.5em 1.5em;\n/* this will be link color for all levels */\n	color: #000;\n/* instead of the normal font size for <h3> */\n	font-size: 1em;\n/* as <h3> normally has some margin by default */\n	margin: 0;\n/* you can set your own image here, same as \"a\" */\n	background: transparent url([[root_url]]/uploads/ngrey/libk.gif) no-repeat right top;\n}\n/* next level current pages, more padding, smaller font and no background color or bottom border */\ndiv#menu_vert ul ul h3 {\n	font-size: 90%;\n	padding: 0.8em 0.5em 0.5em 2.8em;\n/* you can set your own image here, same as \"a\" */\n	background: transparent url([[root_url]]/uploads/ngrey/libk.gif) no-repeat right top;\n	color: #000;\n}\n/* current page on third level, more padding */\ndiv#menu_vert ul ul ul h3 {\n	padding: 0.6em 0.5em 0.2em 3em;\n}\n/* BIG NOTE: I didn\'t do anything to these, never tested */\n/* section header */\ndiv#menu_vert li.sectionheader {\n	border-right: none;\n	padding: 0.8em 0.5em 0.5em 1.5em;\n	background: transparent url([[root_url]]/uploads/ngrey/libk.gif) no-repeat right top;\n	line-height: 1em;\n	margin: 0;\n        color: #18507C;\n        cursor:text;\n}\n/* separator */\ndiv#menu_vert .separator {\n	height: 1px !important;\n	margin-top: -1px;\n	margin-bottom: 0;\n	-padding: 2px 0 2px 0;\n	background-color: #000;\n	overflow: hidden !important;\n	line-height: 1px !important;\n	font-size: 1px;\n/* for ie */\n}\ndiv#menu_vert li.separator hr {\n	display: none;\n/* this is for accessibility */\n}','screen','','2009-04-30 01:09:15','2009-07-23 00:17:42'),(43,'Navigation: ShadowMenu - Horizontal','/* by Alexander Endresen and mark */\r\n#menu_vert {\r\n/* no margin/padding so it fills the whole div */\r\n	margin: 0;\r\n	padding: 0;\r\n}\r\n.clearb {\r\n/* needed for some browsers */\r\n	clear: both;\r\n}\r\n#menuwrapper {\r\n/* set the background color for the menu here */\r\n	background-color: #243135;\r\n/* IE6 Hack */\r\n	height: 1%;\r\n	width: auto;\r\n/* one border at the top */\r\n	border-top: 1px solid #3F565C;\r\n	margin: 0;\r\n	padding: 0;\r\n}\r\nul#primary-nav {\r\n	list-style-type: none;\r\n	margin: 0px;\r\n	padding-top: 10px;\r\n	padding-left: 10px;\r\n}\r\n#primary-nav ul {\r\n/* remove any default bullets */\r\n	list-style-type: none;\r\n/* sets width of second level ul to background image */\r\n	width: 210px;\r\n	margin: 0px;\r\n	padding: 0px;\r\n/* make the ul stay in place so when we hover it lets the drops go over the content instead of displacing it */\r\n	position: absolute;\r\n/* top being the bottom of the li it comes out of */\r\n	top: auto;\r\n/* keeps it hidden till hover event */\r\n	display: none;\r\n/* room at top for li so image top shows correct */\r\n	padding-top: 9px;\r\n/* set your image here, tall enough for the ul */\r\n	background: url([[root_url]]/uploads/ngrey/ultopup.png) no-repeat left top;\r\n}\r\n/* IE6 hacks on the above code */\r\n* html #primary-nav ul {\r\n	padding-top: 13px;\r\n	background: url([[root_url]]/uploads/ngrey/ultopup.gif) no-repeat left top;\r\n}\r\n#primary-nav ul ul {\r\n/* insures no top margins */\r\n	margin-top: 0px;\r\n/* pulls the last ul back over the preceding ul */\r\n	margin-left: -1px;\r\n/* keeps the left side of this ul on the right side of the preceding ul */\r\n	left: 100%;\r\n/* negative margin pulls the left centered in li next to it */\r\n	top: -3px;\r\n/* set your image here, tall enough for the ul, this is the left arrow for third level ul */\r\n	background: url([[root_url]]/uploads/ngrey/ultoprt.png) no-repeat left top;\r\n}\r\n/* IE6 hacks on the above code */\r\n* html #primary-nav ul ul {\r\n	margin-top: 0px;\r\n	padding-left: 5px;\r\n	left: 100%;\r\n	top: -7px;\r\n/* IE6 gets gif as it can\'t handle transparent png */\r\n	background: url([[root_url]]/uploads/ngrey/ultoprt.gif) no-repeat right top;\r\n}\r\n#primary-nav li {\r\n/* a little space to the left of each top level menu item */\r\n	margin-left: 5px;\r\n/* floating left will set menu items to line up left to right else they will stack top to bottom */\r\n	float: left;\r\n}\r\n#primary-nav li li {\r\n/* a little more space to the left of each menu item */\r\n	margin-left: 8px;\r\n/* keeps them tight to the one above, no missed hovers */\r\n	margin-top: -1px;\r\n/* removes the left float set in first li so these will stack from top down */\r\n	float: none;\r\n/* relative to the ul they are in */\r\n	position: relative;\r\n}\r\n/* IE6 hacks on the above code */\r\n* html #primary-nav li li {\r\n	margin-left: 6px;\r\n/* helps hold it inside the ul */\r\n	width: 171px;\r\n}\r\nul#primary-nav li a {\r\n/* specific font size, this could be larger or smaller than default font size */\r\n	font-size: 1em;\r\n/* make sure we keep the font normal */\r\n	font-weight: normal;\r\n/* set default link colors */\r\n	color: #fff;\r\n/* doing tab menus require a bit different padding, this will give room on right for image to show, adjust to width of your image */\r\n	padding: 0px 11px 0px 0px;\r\n/* makes it hold a shape */\r\n	display: block;\r\n/* remove default \"a\" underline */\r\n	text-decoration: none;\r\n}\r\nul#primary-nav li a span {\r\n/* takes normal \"a\" padding minus some for right image */\r\n	padding: 12px 4px 12px 15px;\r\n/* makes it hold a shape */\r\n	display: block;\r\n}\r\nul#primary-nav li a:hover {\r\n/* kind of obvious */\r\n	background-color: transparent;\r\n}\r\nul#primary-nav li {\r\n/* set your image here */\r\n	background:  url([[root_url]]/uploads/ngrey/navrttest.gif) no-repeat right -51px;\r\n}\r\nul#primary-nav li span {\r\n/* set your image here */\r\n	background:  url([[root_url]]/uploads/ngrey/navlefttest.gif) repeat-x left -51px;\r\n/* set text color here also to insure color */\r\n	color: #fff;\r\n/* just to be sure */\r\n	font-weight: normal;\r\n}\r\nul#primary-nav li li {\r\n/* remove any image set in first level li */\r\n	background:  none;\r\n}\r\nul#primary-nav li li span {\r\n/* remove any image set in first level li span */\r\n	background:  none;\r\n/* set text color here also to insure color */\r\n	color: #fff;\r\n/* just to be sure */\r\n	font-weight: normal;\r\n}\r\nul#primary-nav li:hover,\r\nul#primary-nav li.menuh,\r\nul#primary-nav li.menuparenth {\r\n/* set hover image, right side */\r\n	background:  url([[root_url]]/uploads/ngrey/navrttest.gif) no-repeat right 0px;\r\n}\r\nul#primary-nav li:hover span,\r\nul#primary-nav li.menuh span,\r\nul#primary-nav li.menuparenth span {\r\n/* set hover image, left side */\r\n	background:  url([[root_url]]/uploads/ngrey/navlefttest.gif) repeat-x left 0px;\r\n/* change text color on hover */\r\n	color: #000;\r\n	font-weight: normal;\r\n}\r\n/* IE6 hacks, the JS used for hover effect in IE6 puts class menuh on li, unless they have a class then just an \"h\" as seen above and below */\r\nul#primary-nav li li.menuh {\r\n	background:  none;\r\n	font-weight: normal;\r\n}\r\n/* IE6 hacks */\r\nul#primary-nav li.menuparenth li span {\r\n	background:  none;\r\n	color: #000;\r\n	font-weight: normal;\r\n}\r\n/* IE6 hacks */\r\nul#primary-nav li.menuparenth li.menuparent span {\r\n/* gif for IE6, as it can\'t handle transparent png */\r\n	background:  url([[root_url]]/uploads/ngrey/parent.gif) no-repeat right center;\r\n	color: #000\r\n}\r\n/* IE6 hacks */\r\nul#primary-nav li.menuparenth li.menuh span {\r\n	background:  none;\r\n	color: #FFF;\r\n	font-weight: normal;\r\n}\r\n/* IE6 hacks */\r\nul#primary-nav li.menuparenth li.menuparenth {\r\n	background:  none;\r\n	color: #FFF;\r\n	font-weight: normal;\r\n}\r\nul#primary-nav li.menuactive a {\r\n/* set your image here for active tab right */\r\n	background:  url([[root_url]]/uploads/ngrey/navrttest.gif) no-repeat right 0px;\r\n}\r\nul#primary-nav li a.menuactive span {\r\n/* set your image here for active tab left */\r\n	background:  url([[root_url]]/uploads/ngrey/navlefttest.gif) repeat-x left 0px;\r\n/* non active is #FFF/white, we need #000/black to contrast with light background */\r\n	color: #000;\r\n/* bold to set it off from non active */\r\n	font-weight: bold;\r\n}\r\n#primary-nav li li a {\r\n/* second level padding, no image and not as big */\r\n	padding: 5px 10px;\r\n/* to keep it within li */\r\n	width: 165px;\r\n/* space between them */\r\n	margin: 5px;\r\n	background: none;\r\n}\r\n/* IE6 hacks to above code */\r\n* html #primary-nav li li a {\r\n	padding: 5px 10px;\r\n	width: 165px;\r\n	margin: 0px;\r\n	color: #000;\r\n}\r\n#primary-nav li li:hover {\r\n/* remove image set in first level */\r\n	background: none;\r\n}\r\n#primary-nav li li a:hover {\r\n/* set different image than first level */\r\n	background:  url([[root_url]]/uploads/ngrey/darknav.png) repeat-x left center;\r\n/* we need #FFF/white to contrast with dark background */\r\n	color: #FFF;\r\n}\r\n#primary-nav li.menuparent li a:hover span {\r\n/* insures text color */\r\n	color: #FFF;\r\n}\r\nul#primary-nav li:hover li a span {\r\n/* first level is #FFF/white, we need #000/black to contrast with light background */\r\n	color: #000;\r\n/* just to insure normal */\r\n	font-weight: normal;\r\n}\r\n#primary-nav li li.menuactive a.menuactive, #primary-nav li li.menuactive a.menuactive:hover {\r\n/* set your image here, lighter than hover */\r\n	background:  url([[root_url]]/uploads/ngrey/nav.png) repeat-x left 0px;\r\n/* non active is #FFF/white, we need #000/black to contrast with light background */\r\n	color: #000;\r\n}\r\n#primary-nav li li.menuactive a.menuactive span {\r\n/* insures text color */\r\n	color: #000\r\n}\r\n#primary-nav li li.menuactive a.menuactive:hover span {\r\n/* insures text color */\r\n	color: #000;\r\n}\r\n/* IE6 hacks to above code */\r\n#primary-nav li li.menuparenth a.menuparent span {\r\n/* right arrow for menu parent, IE6 gif */\r\n	background:  url([[root_url]]/uploads/ngrey/parent.gif) no-repeat right center;\r\n	color: #000\r\n}\r\n/* IE6 hacks to above code */\r\n#primary-nav li li.menuparenth a.menuparent:hover span {\r\n	color: #FFF\r\n}\r\n#primary-nav li li.menuparent a.menuparent span {\r\n/* right arrow for parent item */\r\n	background:  url([[root_url]]/uploads/ngrey/parent.gif) no-repeat right center;\r\n}\r\n#primary-nav li.menuactive li a:hover span {\r\n/* black text */\r\n	color: #000\r\n}\r\nul#primary-nav li li a.menuactive  span {\r\n/* remove image set in first level */\r\n	background:  none;\r\n	font-weight: normal;\r\n}\r\n#primary-nav li.menuactive li a {\r\n/* second level active link color */\r\n	color: #0587A9;\r\n	text-decoration: none;\r\n	background: none;\r\n}\r\n#primary-nav li.menuactive li a:hover {\r\n/* dark image for hover */\r\n	background:  url([[root_url]]/uploads/ngrey/darknav.png) repeat-x left center;\r\n}\r\n#primary-nav li.menuactive li a:hover span {\r\n/* white text to contrast with dark background image on hover */\r\n	color: #FFF;\r\n}\r\nul#primary-nav li:hover li a span, ul#primary-nav li.menuparenth li a span {\r\n	padding: 0px;\r\n	background:  none;\r\n}\r\n/* this is a special li type from the menu template, used to hold the bottom image for ul set above */\r\n#primary-nav ul li.separator, #primary-nav .separator:hover {\r\n/* set same as ul */\r\n	width: 210px;\r\n/* height of image */\r\n	height: 9px;\r\n/* negative margin pulls it down to cover ul image */\r\n	margin: 0px 0px -8px;\r\n/* set your image here */\r\n	background: url([[root_url]]/uploads/ngrey/ulbtmrt.png) no-repeat left bottom;\r\n}\r\n/* same as above for next level to insure it shows correct */\r\n#primary-nav ul ul li.separator, #primary-nav ul ul li.separator:hover {\r\n	height: 9px;\r\n	margin: 0px 0px -8px;\r\n	background: url([[root_url]]/uploads/ngrey/ulbtmrt.png) no-repeat left bottom;\r\n}\r\n/* IE6 hacks */\r\n* html #primary-nav ul li.separator {\r\n	height: 2px;\r\n	background: url([[root_url]]/uploads/ngrey/ulbtmrt.gif) no-repeat left bottom;\r\n}\r\n/* IE6 hacks */\r\n* html #primary-nav ul li.separatorh {\r\n	margin: 0px 0px -8px;\r\n	height: 2px;\r\n	background: url([[root_url]]/uploads/ngrey/ultop.gif) no-repeat left top;\r\n}\r\n/* The magic - set to work for up to a 3 level menu, but can be increased unlimited, for fourth level add\r\n#primary-nav li:hover ul ul ul,\r\n#primary-nav li.menuparenth ul ul ul,\r\n*/\r\n#primary-nav ul,\r\n#primary-nav li:hover ul,\r\n#primary-nav li:hover ul ul,\r\n#primary-nav li.menuparenth ul,\r\n#primary-nav li.menuparenth ul ul {\r\n	display: none;\r\n}\r\n/* for fourth level add\r\n#primary-nav ul ul ul li:hover ul,\r\n#primary-nav ul ul ul li.menuparenth ul,\r\n*/\r\n#primary-nav li:hover ul,\r\n#primary-nav ul li:hover ul,\r\n#primary-nav ul ul li:hover ul,\r\n#primary-nav li.menuparenth ul,\r\n#primary-nav ul li.menuparenth ul,\r\n#primary-nav ul ul li.menuparenth ul {\r\n	display: block;\r\n}\r\n/* IE Hacks */\r\n#primary-nav li li {\r\n	float: left;\r\n	clear: both;\r\n}\r\n#primary-nav li li a {\r\n	height: 1%;\r\n}','screen','','2009-05-01 04:32:33','2009-07-20 18:18:21'),(45,'Navigation: ShadowMenu - Vertical','/* Vertical menu for the CMS CSS Menu Module */\r\n/* by Alexander Endresen and mark */\r\n#menuwrapper {\r\n/* just smaller than it\'s containing div */\r\n	width: 95%;\r\n	margin-left: 0px;\r\n/* room at bottom */\r\n	margin-bottom: 10px;\r\n}\r\n/* Unless you know what you do, do not touch this */\r\n#primary-nav, #primary-nav ul {\r\n/* remove any default bullets */\r\n	list-style: none;\r\n	margin: 0px;\r\n	padding: 0px;\r\n/* make sure it fills out */\r\n	width: 100%;\r\n/* just a little bump */\r\n	margin-left: 1px;\r\n}\r\n#primary-nav li {\r\n/* negative bottom margin pulls them together, images look like one border between */\r\n	margin-bottom: -1px;\r\n/* keeps within it\'s container */\r\n	position: relative;\r\n/* bottom padding pushes \"a\" up enough to show our image */\r\n	padding: 0px 0px 4px 0px;\r\n/* you can set your own image here */\r\n	background: url([[root_url]]/uploads/ngrey/liup.gif) no-repeat right bottom;\r\n}\r\n#primary-nav li li {\r\n/* you can set your width here, if no width or set auto it will only be as wide as the text in it  */\r\n	width: 190px;\r\n/* changes padding inherited from first level */\r\n	padding: 0px 10px;\r\n/* removes first level li image */\r\n	background-image: none;\r\n}\r\n/* Styling the basic appearance of the menu \"a\" elements */\r\nul#primary-nav li a {\r\n/* specific font size, this could be larger or smaller than default font size */\r\n	font-size: 1em;\r\n/* make sure we keep the font normal */\r\n	font-weight: normal;\r\n/* set default link colors */\r\n	color: #595959;\r\n/* pushes li out from the text, sort of like making links a certain size, if you give them a set width and/or height you may limit you ability to have as much text as you need */\r\n	padding: 0.8em 0.5em 0.5em 0.5em;\r\n/* makes it hold a shape */\r\n	display: block;\r\n/* removes underline from default link setting */\r\n	text-decoration: none;\r\n/* you can set your own image here this is tall enough to cover text heavy links */\r\n	background: url([[root_url]]/uploads/ngrey/libk.gif) no-repeat right top;\r\n}\r\nul#primary-nav a span {\r\n/* makes it hold a shape */\r\n	display: block;\r\n/* pushes text to right */\r\n	padding-left: 1.5em;\r\n}\r\nul#primary-nav li a:hover {\r\n/* stops image flicker in some browsers */\r\n	background: url([[root_url]]/uploads/ngrey/libk.gif) no-repeat right top;\r\n/* changes text color on hover */\r\n	color: #899092\r\n}\r\nul#primary-nav li li a:hover {\r\n/* you can set your own image here, second level \"a\" */\r\n	background:  url([[root_url]]/uploads/ngrey/darknav.png) repeat-x left center;\r\n/* contrast color to image behind it */\r\n	color: #FFF\r\n}\r\nul#primary-nav li a.menuactive {\r\n/* black and bold to set it off from non active */\r\n	color: #000;\r\n	font-weight: bold;\r\n}\r\nul#primary-nav li ul a {\r\n/* insure alignment */\r\n	text-align: left;\r\n	margin: 0px;\r\n/* relative to it\'s container */\r\n	position: relative;\r\n/* even padding all 4 sides */\r\n	padding: 6px;\r\n/* make sure we keep the font normal */\r\n	font-weight: normal;\r\n/* set default link colors from here on */\r\n	color: #000;\r\n/* remove any background that may have been set in level above */\r\n	background: none;\r\n}\r\nul#primary-nav li ul {\r\n/* remove any default bullets */\r\n	list-style-type: none;\r\n/* sets width of second level ul to background image */\r\n	width: 209px;\r\n	height: auto;\r\n/* negative margin pulls it over the parent ul */\r\n	margin: 0px 0px 0px -2px;\r\n/* top padding gives room for image shadow and pushes li down into image */\r\n	padding: 10px 0px 0px;\r\n/* make the ul stay in place so when we hover it lets the drops go over the content instead of displacing it */\r\n	position: absolute;\r\n/* keeps the left side of this ul on the right side of the preceding ul */\r\n	left: 100%;\r\n/* negative top pulls up so left arrow centered in li next to it */\r\n	top: -2px;\r\n	display: none;\r\n/* set your image here, tall enough for the ul, this is the left arrow for second ul and on */\r\n	background: url([[root_url]]/uploads/ngrey/ultoprt.png) no-repeat left top;\r\n}\r\n/* a lot of the same as above, minor changes */\r\nul#primary-nav li ul ul {\r\n	list-style-type: none;\r\n/* bit more negative left margin */\r\n	margin: 0px 0px 0px -8px;\r\n/* you can call a property twice but not a property:\'value\', this flat lines it */\r\n	padding: 0px;\r\n/* now we just change one with \'property\'-top:value */\r\n	padding-top: 10px;\r\n	position: absolute;\r\n	width: 209px;\r\n	height: auto;\r\n/* negative top pulls up so left arrow centered in li next to it, more on 3rd ul covers default drop increase */\r\n	top: -5px;\r\n	left: 100%;\r\n	display: none;\r\n/* set your image here */\r\n	background: url([[root_url]]/uploads/ngrey/ultoprt.png) no-repeat left top;\r\n}\r\n* html ul#primary-nav li ul {\r\n/* gif for IE6, as it can\'t handle transparent png */\r\n	background: url([[root_url]]/uploads/ngrey/ultoprt.gif) no-repeat left top;\r\n}\r\n* html ul#primary-nav li ul ul {\r\n/* gif for IE6, as it can\'t handle transparent png */\r\n	background: url([[root_url]]/uploads/ngrey/ultoprt.gif) no-repeat left top;\r\n}\r\n/* this is a special li type from the menu template, used to hold the bottom image for ul set above */\r\n#primary-nav ul li.separator, #primary-nav .separator:hover {\r\n/* set same as ul */\r\n	width: 209px;\r\n	padding: 0px;\r\n/* height of image */\r\n	height: 9px;\r\n/* negative margin pulls it down to cover ul image */\r\n	margin: 0px 0px -9px;\r\n/* set your image here */\r\n	background: url([[root_url]]/uploads/ngrey/ulbtmrt.png) no-repeat left bottom;\r\n}\r\n/* IE6 \'star html\' Hack */\r\n* html #primary-nav  li ul li.separator {\r\n	height: 2px;\r\n/* set your image here */\r\n	background: url([[root_url]]/uploads/ngrey/ulbtmrt.gif) no-repeat left bottom;\r\n}\r\n/* Fixes IE7 bug*/\r\n#primary-nav li, #primary-nav li.menuparent {\r\n	min-height: 1em;\r\n}\r\n/* Styling the basic apperance of the active page elements (shows what page in the menu is being displayed) */\r\n#primary-nav li li.menuactive a.menuactive {\r\n/* contrast color to image behind it */\r\n	color: #FFF;\r\n/* not bold as text color and image behind it set it off from non active */\r\n	font-weight: normal;\r\n/* set your image here, dark grey image with white text set above*/\r\n	background:  url([[root_url]]/uploads/ngrey/darknav.png) repeat-x left center;\r\n}\r\n#primary-nav li.menuparent span {\r\n/* padding on left for image */\r\n	padding-left: 1.5em;\r\n/* down arrow to note it has children, left side of text */\r\n	background: url([[root_url]]/uploads/ngrey/active.png) no-repeat left center;\r\n}\r\n#primary-nav li.menuparent:hover li.menuparent span {\r\n/* remove left padding as image is on right side of text */\r\n	padding-left: 0;\r\n/* right arrow to note it has children, right side of text */\r\n	background: url([[root_url]]/uploads/ngrey/parent.png) no-repeat right center;\r\n}\r\n#primary-nav li.menuparenth li.menuparent span,\r\n#primary-nav li.menuparenth li.menuparenth span {\r\n/* same as above but this is for IE6, gif image as it can\'t handle transparent png */\r\n	padding-left: 0;\r\n	background: url([[root_url]]/uploads/ngrey/parent.gif) no-repeat right center;\r\n}\r\n#primary-nav li.menuparent:hover span,\r\n#primary-nav li.menuparent.menuactive span,\r\n#primary-nav li.menuparent.menuactiveh span,\r\n#primary-nav li.menuparenth span {\r\n/* right arrow on hover */\r\n	background: url([[root_url]]/uploads/ngrey/parent.png) no-repeat left center;\r\n}\r\n#primary-nav li li span,\r\n#primary-nav li.menuparent li span,\r\n#primary-nav li.menuparent:hover li span,\r\n#primary-nav li.menuparenth li span,\r\n#primary-nav li.menuparenth li.menuparenth li span,\r\n#primary-nav li.menuparent li.menuparent li span,\r\n#primary-nav li.menuparent li.menuparent:hover li span {\r\n/* removes any images set above unless it\'s a parent or active parent */\r\n	background:  none;\r\n	padding-left: 0px;\r\n}\r\n/* Styling the appearance of menu items on hover */\r\n#primary-nav li:hover li a,\r\n#primary-nav li.menuh li a,\r\n#primary-nav li.menuparenth li a,\r\n#primary-nav li.menuactiveh li a {\r\n/* removes any images set above unless it\'s a parent or active parent */\r\n	background:  none;\r\n	color: #000;\r\n}\r\n/* The magic - set to work for up to a 3 level menu, but can be increased unlimited, for fourth level add\r\n#primary-nav li:hover ul ul ul,\r\n#primary-nav li.menuparenth ul ul ul,\r\n*/\r\n#primary-nav ul,\r\n#primary-nav li:hover ul,\r\n#primary-nav li:hover ul ul,\r\n#primary-nav li.menuparenth ul,\r\n#primary-nav li.menuparenth ul ul {\r\n	display: none;\r\n}\r\n/* for fourth level add\r\n#primary-nav ul ul ul li:hover ul,\r\n#primary-nav ul ul ul li.menuparenth ul,\r\n*/\r\n#primary-nav li:hover ul,\r\n#primary-nav ul li:hover ul,\r\n#primary-nav ul ul li:hover ul,\r\n#primary-nav li.menuparenth ul,\r\n#primary-nav ul li.menuparenth ul,\r\n#primary-nav ul ul li.menuparenth ul {\r\n	display: block;\r\n}\r\n/* IE Hack, will cause the css to not validate */\r\n#primary-nav li, #primary-nav li.menuparenth {\r\n	_float: left;\r\n	_height: 1%;\r\n}\r\n#primary-nav li a {\r\n	_height: 1%;\r\n}\r\n/* BIG NOTE: I didn\'t do anything to these 2, never tested */\r\n#primary-nav li.sectionheader {\r\n	border-left: 1px solid #006699;\r\n	border-top: 1px solid #006699;\r\n	font-size: 130%;\r\n	font-weight: bold;\r\n	padding: 1.5em 0 0.8em 0.5em;\r\n	background-color: #fff;\r\n	margin: 0;\r\n	width: 100%;\r\n}\r\n/* separator */\r\n#primary-nav li hr.separator {\r\n	display: block;\r\n	height: 0.5em;\r\n	color: #abb0b6;\r\n	background-color: #abb0b6;\r\n	width: 100%;\r\n	border: 0;\r\n	margin: 0;\r\n	padding: 0;\r\n	border-top: 1px solid #006699;\r\n	border-right: 1px solid #006699;\r\n}','screen','','2009-05-02 00:20:03','2009-05-11 00:43:17'),(46,'Navigation: FatFootMenu','#footer ul {\r\n/* some margin is set in the footer padding */\r\n   margin: 0px;\r\n/* calling a specific side, left in this case */\r\n   margin-left: 5px;\r\n   padding: 0px;\r\n/* remove any default bullets, image used in li call */\r\n   list-style: none;\r\n}\r\n#footer ul li {\r\n/* remove any default bullets, image used for consistency */\r\n   list-style: none;\r\n/* float left to set first level li items across the top */\r\n   float:left;\r\n/* a little margin at top */\r\n   margin: 5px 0px 0px;\r\n/* padding all the way around */\r\n   padding: 5px;\r\n/* you can set your own image here, used for consistency */\r\n   background: url([[root_url]]/uploads/ngrey/dot.gif) no-repeat left 10px;\r\n}\r\n#footer ul li a {\r\n/* this will make the \"a\" link a solid shape */\r\n   display:block;\r\n   margin: 2px 0px 4px;\r\n   padding: 0px 5px 5px 5px;\r\n}\r\n/* set h3 to look like \"a\" */\r\n#footer li h3 {\r\n   font-weight:normal;\r\n   font-size:100%;\r\n   margin: 2px 0px 2px 0px;\r\n   padding: 0px 5px 5px 5px;\r\n}\r\n/* set h3 to look like \"a\", less margin at this level */\r\n#footer li li h3 {\r\n   font-weight:normal;\r\n   font-size:100%;\r\n   margin: 0px;\r\n   padding: 0px 5px 5px 5px;\r\n}\r\n#footer ul li li {\r\n/* remove any default bullets, image used for consistency */\r\n   list-style: none;\r\n/* remove float so they line up under top li */\r\n   float:none;\r\n/* less margin/padding */\r\n   margin: 0px;\r\n   padding: 0px 0px 0px 5px;\r\n/* you can set your own image here, used for consistency */\r\n   background: url([[root_url]]/uploads/ngrey/dot.gif) no-repeat left 3px;\r\n}\r\n/* fix for IE6 */\r\n* html #footer ul li a {\r\n   margin: 2px 0px 0px;\r\n   padding: 0px 5px 5px 5px;\r\n}\r\n* html #footer ul li li a {\r\n   margin: 0px 0px 0px;\r\n   padding: 0px 5px 0px 5px;\r\n}\r\n/* End fix for IE6 */\r\n#footer ul ul {\r\n/* remove float so they line up under top li */\r\n   float:none;\r\n/* a little margin to offset it */\r\n   margin: 0px 0px 0px 8px;\r\n   padding: 0;\r\n}\r\n#footer ul ul ul {\r\n/* remove float so they line up under li above it */\r\n   float:none;\r\n/* a little margin to offset it */\r\n   margin: 0px 0px 0px 8px;\r\n   padding: 0;\r\n}','screen','','2009-05-02 15:05:04','2009-05-09 23:47:45'),(47,'ncleanbluecore','/*\r\n  @Nuno Costa [criacaoweb.net] Core CSS.\r\n  @Licensed under GPL and MIT.\r\n  @Status: Stable\r\n  @Version: 0.1-20090418\r\n  \r\n  @Contributors:\r\n  \r\n  --------------------------------------------------------------- \r\n*/\r\n/*----------- Global Containers ----------- */\r\n/* \r\n.core-wrap-100   =  width - 100% of Browser Fluid\r\n.core-wrap-960   =  width - 960px  - fixed\r\n.core-wrap-780   =  width - 780px  - fixed\r\n.custom-wrap-x   =  width -  custom   - declared in another css (your site css)\r\n*/\r\n.core-wrap-100 {\r\n	width: 100%;\r\n}\r\n.core-wrap-960 {\r\n	width: 960px;\r\n}\r\n.core-wrap-780 {\r\n	width: 780px;\r\n}\r\n.core-wrap-100,\r\n.core-wrap-960,\r\n.core-wrap-780,\r\n.custom-wrap-x {\r\n	margin-left: auto;\r\n	margin-right: auto;\r\n}\r\n/*----------- Global Float ----------- */\r\n.core-wrap-100  .core-float-left,\r\n.core-wrap-960  .core-float-left,\r\n.core-wrap-780  .core-float-left,\r\n.custom-wrap-x  .core-float-left {\r\n	float: left;\r\n	display: inline;\r\n}\r\n.core-wrap-100  .core-float-right,\r\n.core-wrap-960  .core-float-right,\r\n.core-wrap-780  .core-float-right,\r\n.custom-wrap-x  .core-float-right {\r\n	float: right;\r\n	display: inline;\r\n}\r\n/*----------- Global Center ----------- */\r\n.core-wrap-100   .core-center,\r\n.core-wrap-960   .core-center,\r\n.core-wrap-780   .core-center,\r\n.custom-wrap-x   .core-center {\r\n	margin-left: auto;\r\n	margin-right: auto;\r\n}','screen','','2009-05-06 14:28:28','2009-05-11 02:35:43'),(48,'ncleanblueutils','/*\r\n  @Nuno Costa [criacaoweb.net] Utils CSS.\r\n  @Licensed under GPL2 and MIT.\r\n  @Status: Stable\r\n  @Version: 0.1-20090418\r\n  \r\n  @Contributors:\r\n        -  http://meyerweb.com/eric/tools/css/reset/index.html \r\n  \r\n  --------------------------------------------------------------- \r\n*/\r\n/* From: http://meyerweb.com/eric/tools/css/reset/index.html  (Original) */\r\n/* v1.0 | 20080212 */\r\nhtml, body, div, span, applet, object, iframe,\r\nh1, h2, h3, h4, h5, h6, p, blockquote, pre,\r\na, abbr, acronym, address, big, cite, code,\r\ndel, dfn, em, font, img, ins, kbd, q, s, samp,\r\nsmall, strike, strong, sub, sup, tt, var,\r\nb, u, i, center,\r\ndl, dt, dd, ol, ul, li,\r\nfieldset, form, label, legend,\r\ntable, caption, tbody, tfoot, thead, tr, th, td {\r\n	margin: 0;\r\n	padding: 0;\r\n	border: 0;\r\n	outline: 0;\r\n	font-size: 100%;\r\n	vertical-align: baseline;\r\n	background: transparent;\r\n}\r\n/*\r\nStantby for nowbody {\r\n	line-height: 1;\r\n}\r\n*/\r\nol, ul {\r\n	list-style: none;\r\n}\r\nblockquote, q {\r\n	quotes: none;\r\n}\r\nblockquote:before,\r\nblockquote:after,\r\nq:before, q:after {\r\n	content: \'\';\r\n	content: none;\r\n}\r\n/* remember to define focus styles! */\r\n:focus {\r\n	outline: 0;\r\n}\r\n/* remember to highlight inserts somehow! */\r\nins {\r\n	text-decoration: none;\r\n}\r\ndel {\r\n	text-decoration: line-through;\r\n}\r\n/* tables still need \'cellspacing=\"0\"\' in the markup */\r\ntable {\r\n	border-collapse: collapse;\r\n	border-spacing: 0;\r\n}\r\n/* ------- @Nuno Costa [criacaoweb.net] Utils CSS. ---------- */\r\n* {\r\n	font-weight: inherit;\r\n	font-style: inherit;\r\n	font-family: inherit;\r\n}\r\ndfn {\r\n	display: none;\r\n	overflow: hidden;\r\n}\r\n/* ----------- Clear Floated Elements ----------- */\r\nhtml body .util-clearb {\r\n	background: none;\r\n	border: 0;\r\n	clear: both;\r\n	display: block;\r\n	float: none;\r\n	font-size: 0;\r\n	margin: 0;\r\n	padding: 0;\r\n	position: static;\r\n	overflow: hidden;\r\n	visibility: hidden;\r\n	width: 0;\r\n	height: 0;\r\n}\r\n/* ----------- Fix to Clear Floated Elements ----------- */\r\n.util-clearfix:after {\r\n	clear: both;\r\n	content: \'.\';\r\n	display: block;\r\n	visibility: hidden;\r\n	height: 0;\r\n}\r\n.util-clearfix {\r\n	display: inline-block;\r\n}\r\n* html .util-clearfix {\r\n	height: 1%;\r\n}\r\n.util-clearfix {\r\n	display: block;\r\n}','screen','','2009-05-06 14:29:17','2009-05-11 02:38:10'),(49,'Layout: NCleanBlue','/*  \n@Nuno Costa [criacaoweb.net]\n@Since [cmsms 1.6]\n@Contributors: Mark and Dev-Team\n*/\nbody {\n/* default text for entire site */\n	font: normal 0.8em Tahoma, Verdana, Arial, Helvetica, sans-serif;\n/* default text color for entire site */\n	color: #3A3A36;\n/* you can set your own image and background color here */\n	background: #fff url([[root_url]]/uploads/NCleanBlue/bg__full.png) repeat-x scroll left top;\n}\n/* Mask helper  for browsers ZOOM, Rezise and Decrease */\n#ncleanblue {\n/* set to width of viewport */\n	width: auto;\n/* you can set your own image and background color here */\n	background: #fff url([[root_url]]/uploads/NCleanBlue/bg__full.png) repeat-x scroll left top;\n}\n/* wiki style external links */\n/* external links will have \"(external link)\" text added, lets hide it */\na.external span {\n	position: absolute;\n	left: -5000px;\n	width: 4000px;\n}\na.external {\n/* make some room for the image, css shorthand rules, read: first top padding 0 then right padding 12px then bottom then right */\n	padding: 0 12px 0 0;\n}\n/* colors for external links */\na.external:link {\n	color: #679EBC;\n/* background image for the link to show wiki style arrow */\n	background: url([[root_url]]/uploads/NCleanBlue/external.gif) no-repeat 100% -100px;\n}\na.external:visited {\n	color: #18507C;\n/* a different color can be used for visited external links */\n/* Set the last 0 to -100px to use that part of the external.gif image for different color for active links external.gif is actually 300px tall, we can use different positions of the image to simulate rollover image changes.*/\n	background: url([[root_url]]/uploads/NCleanBlue/external.gif) no-repeat 100% -100px;\n}\na.external:hover {\n	color: #18507C;\n/* Set the last 0 to -200px to use that part of the external.gif image for different color on hover */\n	background: url([[root_url]]/uploads/NCleanBlue/external.gif) no-repeat 100% 0;\n	background-color: inherit;\n}\n/* end wiki style external links */\n/* hr and anything with the class of accessibility is hidden with CSS from visual browsers */\n.accessibility, hr {\n/* absolute lets us put it outside the viewport with the indents, the rest is to clear all defaults */\n	position: absolute;\n	top: -9999em;\n	left: -9999em;\n	background: none;\n	border: 0;\n	clear: both;\n	display: block;\n	float: none;\n	font-size: 0;\n	margin: 0;\n	padding: 0;\n	overflow: hidden;\n	visibility: hidden;\n	width: 0;\n	height: 0;\n	border: none;\n}\n/* ------------ Standard  HTML elements and their default settings ------------ */\nb, strong{font-weight: bold;}i, em{	font-style: italic;}\np {\n	padding: 0;\n	margin-top: 0.5em;\n    margin-bottom: 1em;\n   text-align:left;\n}\nh1, h2, h3, h4, h5 {\n	line-height: 1.6em;\n	font-weight: normal;\n	width: auto;\n	font-family: \"Trebuchet MS\", Arial, Helvetica, sans-serif;\n}\n/*default link styles*/\na {\n	color: #679EBC;\n	text-decoration: none;\n	text-align: left;\n}\na:hover {\n	color: #3A6B85;\n}\na:active {\n	color: #3A6B85;\n}\na:visited {\n	color: #679EBC;\n}\ninput, textarea, select {\n	font-size: 0.95em;\n}\n/* ------------ Wrapper ------------ */\ndiv#pagewrapper {\n	font-size: 95%;\n	position: relative;\n	z-index: 1;\n}\n/* ------------ Header ------------ */\n#header {\n	height: 111px;\n	width: 960px;\n}\n#logo a {\n/* adjust according your image size */\n	height: 75px;\n	width: 215px;\n/* forces full link size */\n	display: block;\n/* this hides the text */\n	text-indent: -9999em;\n	margin-top: 0;\n	margin-left: 0;\n/* you can set your own image here, note size adjustments */\n	background: url([[root_url]]/uploads/NCleanBlue/logo.png) no-repeat left top;\n}\n/* ------------ Header - Search ------------ */\ndiv#search {\n	width: 190px;\n	height: 28px;\n	margin-top: 31px;\n	margin-right: 20px;\n}\ndiv#search label {\n	text-indent: -9999em;\n	height: 0pt;\n	width: 0pt;\n	display: none;\n}\ndiv#search input.search-input {\n/* specific size for image, your image may need these adjusted */\n	width: 143px;\n	height: 17px;\n/* removes default borders, allows use of image */\n	border-style: none;\n/* text color */\n	color: #999;\n/* padding of text */\n	padding: 7px 0px 4px 10px;\n	float: left;\n/* set all font properties at once, weight, size, family */\n	font: bold 0.9em Arial, Helvetica, sans-serif;\n/* left input image, set your own here */\n	background: url([[root_url]]/uploads/NCleanBlue/search.png) no-repeat left top;\n}\ndiv#search input.search-button {\n/* specific size for image, your image may need these adjusted */\n	width: 37px;\n	height: 28px;\n/* removes default borders, allows use of image */\n	border-style: none;\n/* hides text, image has text */\n	text-indent: -9999em;\n	float: left;\n	margin: 0;\n/* provides positive hover effect */\n	cursor: pointer;\n/* removes default size/height */\n	font-size: 0px;\n	line-height: 0px;\n/* submit button image, set your own here */\n	background: transparent url([[root_url]]/uploads/NCleanBlue/search.png) no-repeat right top;\n}\n/* ------------ Content ------------ */\n#content {\n	width: auto;\n/* all text in #content will default align left, changed in other calls */\n	text-align: left;\n}\n#bar {\n	width: auto;\n	height: 40px;\n	padding-right: 1em;\n	padding-left: 1em;\n}\n.print {\n	margin-right: 75px;\n	margin-top: 10px;\n}\n#version {\n	width: 50px;\n	height: 31px;\n	position: absolute;\n	z-index: 5;\n	top: 130px;\n	right: -16px;\n	font-size: 1.6em;\n	font-weight: bold;\n	padding: 28px 15px;\n	color: #FFF;\n	text-align: center;\n	vertical-align: middle;\n	background:  url([[root_url]]/uploads/NCleanBlue/version.png) no-repeat left top;\n}\n/* IE6 fixes */\n* html div#version {\n	top: 150px;\n}\n/* End IE6 fixes */\n/* Site Title */\nh1.title {\n	font-size: 1.8em;\n	color: #666666;\n	margin-bottom: 0.5em;\n}\n/* Breadcrumbs */\ndiv.breadcrumbs {\n	padding: 0.5em 0;\n	font-size: 80%;\n	margin: 0 1em;\n}\ndiv.breadcrumbs span.lastitem {\n	font-weight: bold;\n}\n/* ------------ Side Bar (Left) ------------ */\n#left {\n	width: 250px;\n}\n/* Image that Represents the new CMS design */\n#left .screen {\n	margin: 10px 50px;\n}\n/* End  */\n.sbar-title {\n	font: bold 1.2em Arial, Helvetica, sans-serif;\n	color: #252523;\n}\n.sbar-top {\n	height: 20px;\n	width: auto;\n	padding: 10px;\n	background: url([[root_url]]/uploads/NCleanBlue/bg__content.png) no-repeat left top;\n}\n.sbar-main {\n	width: auto;\n	border-right: 1px solid #E2E2E2;\n	border-left: 1px solid #E2E2E2;\n	background: #F0F0F0;\n}\nspan.sbar-bottom {\n	width: auto;\n	display: block;\n	height: 10px;\n	background: url([[root_url]]/uploads/NCleanBlue/bg__content.png) no-repeat left bottom;\n}\n/* ------------ Main (Right) ------------ */\n#main {\n	width: 690px;\n}\n.main-top {\n	height: 15px;\n	width: auto;\n	background: url([[root_url]]/uploads/NCleanBlue/bg__content.png) no-repeat right top;\n}\n.main-main {\n	width: auto;\n	border-right: 1px solid #E2E2E2;\n	border-left: 1px solid #E2E2E2;\n	background: #F0F0F0;\n	padding: 20px;\n	padding-top: 0px;\n}\n.main-bottom {\n	width: auto;\n	height: 41px;\n	background: url([[root_url]]/uploads/NCleanBlue/bg__content.png) no-repeat right bottom;\n}\n.right49, .left49 {\n	font-size: 0.85em;\n	margin: 7px 5px 5px 10px;\n	font-weight: bold;\n}\n.left49 span {\n	display: block;\n	padding-top: 1px;\n}\n.left49 a {\n	font-weight: normal;\n}\n.right49 {\n	height: 28px;\n	width: 50px;\n	padding-right: 10px;\n	background: url([[root_url]]/uploads/NCleanBlue/bull.png) no-repeat right top;\n}\n.right49 a, .right49 a:visited {\n	padding: 7px 4px;\n	display: block;\n	color: #000;\n	height: 15px;\n	background: url([[root_url]]/uploads/NCleanBlue/bull.png) no-repeat  left top;\n}\n#main h2,\n#main h3,\n#main h4,\n#main h5,\n#main h6 {\n	font-size: 1.4em;\n	color: #301E12;\n}\ndiv#main ul,\ndiv#main ol,\ndiv#main dl,\n#footer ul,\n#footer ol {\n	line-height: 1em;\n	margin: 0 0 1.5em 0;\n}\ndiv#main ul,\n#footer ul {\n	list-style: circle;\n}\ndiv#main ul li,\ndiv#main ol li,\n#footer ul li,\n#footer ol li {\n	padding: 2px 2px 2px 5px;\n	margin-left: 20px;\n}\n/* definition lists topics on bold */\ndiv#main dl dt {\n	font-weight: bold;\n	margin: 0 0 0 1em;\n}\ndiv#main dl dd {\n	margin: 0 0 1em 1em;\n}\ndiv#main dl {\n	margin-bottom: 2em;\n	padding-bottom: 1em;\n	border-bottom: 1px solid #c0c0c0;\n}\n/* ------------ Footer ------------ */\n#footer-wrapper {\n	min-height: 235px;\n	height: auto!important;\n	height: 235px;\n	width: auto;\n	margin-top: 5px;\n	text-align: center;\n	margin-right: 00px;\n	margin-left: 0px;\n	background: #7CA3B5 url([[root_url]]/uploads/NCleanBlue/bg__footer.png) repeat-x left top;\n}\n#footer {\n	color: #FFF;\n	font-size: 0.8em;\n	min-height: 235px;\n	height: auto!important;\n	height: 235px;\n	background: #7CA3B5 url([[root_url]]/uploads/NCleanBlue/bg__footer.png) repeat-x left top;\n}\n#footer .block {\n	width: 300px;\n	margin: 20px 10px 10px;\n}\n#footer .cms {\n	text-align: right;\n}\n/* ------------ Footer Links ------------ */\n#footer ul {\n	width: auto;\n	text-align: left;\n	margin-left: 50px;\n}\n#footer ul ul {\n	margin-left: 0px;\n}\n#footer ul li a {\n	color: #FFF;\n	display: block;\n	font-weight: normal;\n	margin-bottom: 0.5em;\n	text-decoration: none;\n}\n#footer a {\n	color: #DCEDF1;\n	text-decoration: underline;\n	font-weight: bold;\n}\n/* ------------ END LAYOUT ---------------*/\n/* ------------  Menu  ROOT  ------------ */\n.page-menu {\n	width: auto;\n	height: 35px;\n	margin: 3px 0 0 20px;\n}\n.menuwrapper {}\n\nul#primary-nav li hr.menu_separator{\n        position: relative;\n        visibility: hidden;\n        display:block;\n        width:5px;\n       	height: 32px;\n       	margin: 0px 5px 0px;\n}\n.page-menu ul#primary-nav {\n	height: 1%;\n	float: left;\n	list-style: none;\n	padding: 0;\n	margin: 0;\n}\n.page-menu ul#primary-nav li {\n	float: left;\n}\n.page-menu ul#primary-nav li a,\n.page-menu ul#primary-nav li a span {\n	display: block;\n	padding: 0 10px;\n	background-repeat: no-repeat;\n	background-image: url([[root_url]]/uploads/NCleanBlue/tabs.gif);\n}\n.page-menu ul#primary-nav li a {\n	padding-left: 0;\n	color: #000;\n	font-weight: bold;\n	line-height: 2.15em;\n	text-decoration: none;\n	margin-left: 1px;\n	font-size: 0.85em;\n}\n.page-menu ul#primary-nav li a:hover,\n.page-menu ul#primary-nav li a:active {\n	color: #000;\n}\n.page-menu ul#primary-nav li a.menuactive,\n.page-menu ul#primary-nav li a:hover span {\n	color: #000;\n}\n.page-menu ul#primary-nav li a span {\n	padding-top: 6px;\n	padding-right: 0;\n	padding-bottom: 5px;\n}\n.page-menu ul#primary-nav li a.menuparenth,\n.page-menu ul#primary-nav li a.menuactive,\n.page-menu ul#primary-nav li a:hover,\n.page-menu ul#primary-nav li a:focus,\n.page-menu ul#primary-nav li a:active {\n	background-position: 100% -120px;\n}\n.page-menu ul#primary-nav li a {\n	background-position: 100% -80px;\n}\n.page-menu ul#primary-nav li a.menuactive span,\n.page-menu ul#primary-nav li a:hover span,\n.page-menu ul#primary-nav li a:focus span,\n.page-menu ul#primary-nav li a:active span {\n	background-position: 0 -40px;\n}\n.page-menu ul#primary-nav li a span {\n	background-position: 0 0;\n}\n.page-menu ul#primary-nav .sectionheader,\n.page-menu ul#primary-nav li a:link.menuactive,\n.page-menu ul#primary-nav li a:visited.menuactive {\n/* @ Opera, use pseudo classes otherwise it confuses cursor... */\n	cursor: text;\n}\n.page-menu ul#primary-nav li span,\n.page-menu ul#primary-nav li a,\n.page-menu ul#primary-nav li a:hover,\n.page-menu ul#primary-nav li a:focus,\n.page-menu ul#primary-nav li a:active {\n/* @ Opera, we need to be explicit again here now... */\n	cursor: pointer;\n}\n/* Additional IE specific bug fixes... */\n* html .page-menu ul#primary-nav {\n	display: inline-block;\n}\n*:first-child+html .page-menu ul#primary-nav {\n	display: inline-block;\n}\n/* --------------------  menu dropdow  -------------------------\n/* Unless you know what you do, do not touch this */\n/* Reset all ROOT menu styles. */\nul#primary-nav ul.unli li li a span,\nul#primary-nav ul.unli li a span,\nul#primary-nav .menuparent .unli .menuparent .unli li a span {\n	font-weight: normal;\n	background-image: none;\n	display: block;\n	padding-top: 0px;\n	padding-left: 0px;\n	padding-right: 0px;\n	padding-bottom: 0px;\n}\n#primary-nav {\n	margin: 0px;\n	padding: 0px;\n}\n#primary-nav ul {\n	list-style: none;\n	margin: -6px 0px 0px;\n	padding: 0px;\n/* Set the width of the menu elements at second level. Leaving first level flexible. */\n	width: 209px;\n}\n#primary-nav ul {\n	position: absolute;\n	z-index: 1001;\n	top: auto;\n	display: none;\n	padding-top: 9px;\n	background: url([[root_url]]/uploads/NCleanBlue/ultop.png) no-repeat left top;\n}\n* html #primary-nav ul.unli {\n	padding-top: 12px;\n	background: url([[root_url]]/uploads/NCleanBlue/ultop.gif) no-repeat left top;\n}\n#primary-nav ul.unli ul {\n	margin-left: -7px;\n	left: 100%;\n	top: 3px;\n}\n* html #primary-nav ul.unli ul {\n	margin-left: -0px;\n}\n#primary-nav li {\n	margin: 0px;\n	float: left;\n}\n#primary-nav li li {\n	margin-left: 7px;\n	margin-top: -1px;\n	float: none;\n	position: relative;\n}\n/* Styling the basic appearance of the menu elements */\nul#primary-nav ul hr.menu_separator{\n        position: relative;\n        visibility: visible;\n        display:block;\n        width:130px;\n       	height: 1px;\n       	margin: 2px 30px 2px;\n	padding: 0em;\n	border-bottom: 1px solid #ccc;\n	border-top-width: 0px;\n	border-right-width: 0px;\n	border-left-width: 0px;\n	border-top-style: none;\n	border-right-style: none;\n	border-left-style: none;\n}\n#primary-nav .separator,\n#primary-nav .separatorh {\n	height: 9px;\n	width: 209px;\n	margin: 0px 0px -8px;\n	background: url([[root_url]]/uploads/NCleanBlue/ulbtm.png) no-repeat left bottom;\n}\n* html #primary-nav .separator {\n       z-index:-1;\n	background: url([[root_url]]/uploads/NCleanBlue/ulbtm.gif) no-repeat left bottom;\n}\n*:first-child+html #primary-nav .separator {\n       z-index:-1;\n}\n#primary-nav ul.unli li a {\n	padding: 0px 10px;\n	width: 165px;\n	margin: 5px;\n	background-image: none;\n}\n* html #primary-nav ul.unli li a {\n	padding: 0px 10px 0px 5px;\n	width: 165px;\n	margin: 5px 0px;\n}\n#primary-nav li li a:hover {\n	background-color: #DBE7F2;\n}\n/* Styling the basic appearance of the active page elements (shows what page in the menu is being displayed) */\n#primary-nav li.menuactive li a {\n	text-decoration: none;\n	background: none;\n}\n#primary-nav ul.unli li.menuparenth,\n#primary-nav ul.unli a:hover,\n#primary-nav ul.unli a.menuactive {\n	background-color: #DBE7F2;\n}\n/* Styling the basic apperance of the menuparents - here styled the same on hover (fixes IE bug) */\n#primary-nav ul.unli li .menuparent,\n#primary-nav ul.unli li .menuparent:hover,\n#primary-nav ul.unli li .menuparent,\n#primary-nav .menuactive.menuparent .unli .menuactive.menuparent .menuactive.menuparent {\n	background-image: url([[root_url]]/uploads/NCleanBlue/arrow.gif);\n	background-position: center right;\n	background-repeat: no-repeat;\n}\n/* The magic - set to work for up to a 3 level menu, but can be increased unlimited */\n#primary-nav ul,\n#primary-nav li:hover ul,\n#primary-nav li:hover ul ul,\n#primary-nav li:hover ul ul ul,\n#primary-nav li.menuparenth ul,\n#primary-nav li.menuparenth ul ul,\n#primary-nav li.menuparenth ul ul ul {\n	display: none;\n}\n#primary-nav li:hover ul,\n#primary-nav ul li:hover ul,\n#primary-nav ul ul li:hover ul,\n#primary-nav ul ul ul li:hover ul,\n#primary-nav li.menuparenth ul,\n#primary-nav ul li.menuparenth ul,\n#primary-nav ul ul li.menuparenth ul,\n#primary-nav ul ul ul li.menuparenth ul {\n	display: block;\n}\n/* IE Hacks */\n#primary-nav li li {\n	float: left;\n	clear: both;\n}\n#primary-nav li li a {\n	height: 1%;\n}\n/*************** End Menu *****************/\n/* ------------ News Module ------------ */\n#news {\n	padding: 10px;\n}\n.NewsSummary {\n}\n.NewsSummaryPostdate,\n.NewsSummaryCategory,\n.NewsSummaryAuthor {\n	font-style: italic;\n	font-size: 0.8em;\n}\n.NewsSummaryLink {\n	margin: 2px 0;\n}\n.NewsSummaryContent {\n	margin: 10px 0;\n}\n.NewsSummaryMorelink {\n	margin: 5px 0 15px;\n}\n/* ------------ End News Module ------------ */','screen','','2009-05-06 14:30:25','2009-07-22 17:39:51'),(50,'Simplex: Core','[[strip]][[* using strip in stylesheet to remove unneeded empty space, will reduce the file size *]]\r\n/* =====================================\r\nBASE STYLES\r\n===================================== */\r\narticle, aside, details, figcaption, figure, footer, header, hgroup, nav, section { \r\n    display: block\r\n}\r\n/* taken from HTML5 Boilerplate http://h5bp.com */\r\nhtml { \r\n    font-size: 100%; \r\n    -webkit-text-size-adjust: 100%; \r\n    -ms-text-size-adjust: 100%\r\n}\r\naudio, canvas, video { \r\n    display: inline-block; \r\n    *display: inline; \r\n    *zoom: 1\r\n}\r\naudio:not([controls]) { \r\n    display: none\r\n}\r\n[hidden] { \r\n    display: none\r\n}\r\n/* text selection */\r\n.content-wrapper ::-moz-selection { \r\n    background: #f39c2c;\r\n    background: rgba(243,156,44,0.7);\r\n    color: #555;\r\n    text-shadow: none\r\n}\r\n.content-wrapper ::selection { \r\n    background: #f39c2c; \r\n    background: rgba(243,156,44,0.7);\r\n    color: #555;\r\n    text-shadow: none \r\n}\r\n/* Consistent box sizing and appearance */\r\ninput[type=\"checkbox\"], input[type=\"radio\"] { \r\n    box-sizing: border-box; \r\n    padding: 0; \r\n    *width: 13px; \r\n    *height: 13px\r\n}\r\ninput[type=\"search\"] { \r\n    -webkit-appearance: textfield; \r\n    -moz-box-sizing: content-box; \r\n    -webkit-box-sizing: content-box; \r\n    box-sizing: content-box\r\n}\r\ninput[type=\"search\"]::-webkit-search-decoration, input[type=\"search\"]::-webkit-search-cancel-button { \r\n    -webkit-appearance: none\r\n}\r\n/* Remove inner padding and border in FF3/4 */\r\nbutton::-moz-focus-inner, input::-moz-focus-inner { \r\n    border: 0; \r\n    padding: 0\r\n}\r\n/*\r\n * 1. Remove default vertical scrollbar in IE6/7/8/9\r\n * 2. Allow only vertical resizing\r\n */\r\ntextarea { \r\n    overflow: auto; \r\n    vertical-align: top; \r\n    resize: vertical\r\n}\r\nul, ol { \r\n    margin: 1em 0; \r\n    padding: 0 0 0 40px\r\n}\r\ndd { \r\n    margin: 0 0 0 40px\r\n}\r\nnav ul, nav ol { \r\n    list-style: none; \r\n    list-style-image: none; \r\n    margin: 0; \r\n    padding: 0\r\n}\r\n/* Redeclare monospace font family */\r\npre, code, kbd, samp { \r\n    font-family: monospace, serif; _font-family: \'courier new\', monospace; \r\n    font-size: 1em }\r\n/* Improve readability of pre-formatted text in all browsers */\r\npre { \r\n    white-space: pre;\r\n    white-space: pre-wrap; \r\n    word-wrap: break-word\r\n}\r\nq { \r\n    quotes: none\r\n}\r\nq:before, q:after { \r\n    content: \"\"; \r\n    content: none\r\n}\r\nsmall { \r\n    font-size: 85%\r\n}\r\n/* Hide from both screenreaders and browsers */\r\n.hidden { \r\n    display: none !important; \r\n    visibility: hidden\r\n}\r\n/* Hide only visually, but have it available for screenreaders */\r\n.visuallyhidden { \r\n    border: 0; \r\n    clip: rect(0,0,0,0); \r\n    height: 1px; \r\n    margin: -1px; \r\n    overflow: hidden; \r\n    padding: 0; \r\n    position: absolute; \r\n    width: 1px\r\n}\r\n/* Extends the .visuallyhidden class to allow the element to be focusable when navigated to via the keyboard */\r\n.visuallyhidden.focusable:active, \r\n.visuallyhidden.focusable:focus { \r\n    clip: auto; \r\n    height: auto; \r\n    margin: 0; \r\n    overflow: visible; \r\n    position: static; \r\n    width: auto\r\n}\r\n/* Hide visually and from screenreaders, but maintain layout */\r\n.invisible { \r\n    visibility: hidden\r\n}\r\n/* correct text resizing */\r\nhtml { \r\n    font-size: 100%; \r\n    -webkit-text-size-adjust: 100%; \r\n    -ms-text-size-adjust: 100% \r\n}\r\nbody { \r\n    margin: 0; \r\n    font-size: 1em;\r\n   /* -webkit-font-smoothing: antialiased */\r\n}\r\n/* =====================================\r\n12 COLUMN GRID\r\n===================================== */\r\n\r\n/* ================================\r\nDesktop\r\n================================ */\r\n\r\n/* the wraping container */\r\n.container {\r\n    width: 92%;\r\n    min-width: 980px;\r\n    max-width: 1260px\r\n}\r\n/* align the site */\r\n.leftaligned {\r\n    margin: 0 auto 0  0\r\n}\r\n.rightaligned {\r\n    margin: 0 0 0 auto\r\n}\r\n.centered {\r\n    margin: 0 auto\r\n}\r\n/* Global Grid layout */\r\n.grid_1,\r\n.grid_2,\r\n.grid_3,\r\n.grid_4,\r\n.grid_5,\r\n.grid_6,\r\n.grid_7,\r\n.grid_8,\r\n.grid_9,\r\n.grid_10,\r\n.grid_11,\r\n.grid_12 {\r\n	display:inline;\r\n	float: left;\r\n	position: relative;\r\n	margin-left: .96%;\r\n	margin-right: .96%   \r\n}\r\n\r\n/* alpha and omega classes remove margins, aplha = no margin left, omega = no margin right */\r\n.alpha { margin-left: 0 }\r\n.omega { margin-right: 0 }\r\n\r\n/* Grid sizes up to 12 columns */\r\n.container .grid_1 { width:6.333% }\r\n.container .grid_2 { width:14.667% }\r\n.container .grid_3 { width:23.0% }\r\n.container .grid_4 { width:31.333% }\r\n.container .grid_5 { width:39.667% }\r\n.container .grid_6 { width:48.0% }\r\n.container .grid_7 { width:56.333% }\r\n.container .grid_8 { width:64.667% }\r\n.container .grid_9 { width:73.0% }\r\n.container .grid_10 { width:81.333% }\r\n.container .grid_11 { width:89.667% }\r\n.container .grid_12 { width:98.0% }\r\n\r\n/* Prefix to add extra space left */\r\n.container .prefix_1 { padding-left:8.333% }\r\n.container .prefix_2 { padding-left:16.667% }\r\n.container .prefix_3 { padding-left:25.0% }\r\n.container .prefix_4 { padding-left:33.333% }\r\n.container .prefix_5 { padding-left:41.667% }\r\n.container .prefix_6 { padding-left:50.0% }\r\n.container .prefix_7 { padding-left:58.333% }\r\n.container .prefix_8 { padding-left:66.667% }\r\n.container .prefix_9 { padding-left:75.0% }\r\n.container .prefix_10 { padding-left:83.333% }\r\n.container .prefix_11 { padding-left:91.667% }\r\n\r\n/* Suffix to add extra space right */\r\n.container .suffix_1 { padding-right:8.333% }\r\n.container .suffix_2 { padding-right:16.667% }\r\n.container .suffix_3 { padding-right:25.0% }\r\n.container .suffix_4 { padding-right:33.333% }\r\n.container .suffix_5 { padding-right:41.667% }\r\n.container .suffix_6 { padding-right:50.0% }\r\n.container .suffix_7 { padding-right:58.333% }\r\n.container .suffix_8 { padding-right:66.667% }\r\n.container .suffix_9 { padding-right:75.0% }\r\n.container .suffix_10 { padding-right:83.333% }\r\n.container .suffix_11 { padding-right:91.667% }\r\n\r\n/* Push columns to right */\r\n.container .push_1 { left:8.333% }\r\n.container .push_2 { left:16.667% }\r\n.container .push_3 { left:25.0% }\r\n.container .push_4 { left:33.333% }\r\n.container .push_5 { left:41.667% }\r\n.container .push_6 { left:50.0% }\r\n.container .push_7 { left:58.333% }\r\n.container .push_8 { left:66.667% }\r\n.container .push_9 { left:75.0% }\r\n.container .push_10 { left:83.333% }\r\n.container .push_11 { left:91.667% }\r\n\r\n/* Pull columns to left */\r\n.container .pull_1 { left:-8.333% }\r\n.container .pull_2 { left:-16.667% }\r\n.container .pull_3 { left:-25.0% }\r\n.container .pull_4 { left:-33.333% }\r\n.container .pull_5 { left:-41.667% }\r\n.container .pull_6 { left:-50.0% }\r\n.container .pull_7 { left:-58.333% }\r\n.container .pull_8 { left:-66.667% }\r\n.container .pull_9 { left:-75.0% }\r\n.container .pull_10 { left:-83.333% }\r\n.container .pull_11 { left:-91.667% }\r\n\r\n/* =====================================\r\nTablet (Portrait) \r\n===================================== */\r\n@media only screen and (min-width: 768px) and (max-width: 1024px) and (orientation : portrait) {\r\n    .container {\r\n        width: 92%;\r\n        min-width: 768px;\r\n        max-width: 1024px\r\n    } \r\n}\r\n\r\n/* =====================================\r\nSmartphones (Portait) \r\n===================================== */\r\n@media only screen and (max-width: 320px) {\r\n    .container {\r\n        width: 92%;\r\n        min-width: 300px;\r\n        max-width: 320px\r\n    } \r\n    .container .grid_1, \r\n    .container .grid_2,\r\n    .container .grid_3,\r\n    .container .grid_4,\r\n    .container .grid_5,\r\n    .container .grid_6,\r\n    .container .grid_7,\r\n    .container .grid_8,\r\n    .container .grid_9,\r\n    .container .grid_10,\r\n    .container .grid_11,\r\n    .container .grid_12 { \r\n        width: 98%;  \r\n        margin: 0 1%;\r\n        float: none\r\n    }\r\n}\r\n\r\n/* =====================================\r\nSmartphones (Landscape) \r\n===================================== */\r\n@media only screen and (min-width: 321px) and (max-width: 767px) {\r\n    .container {\r\n        width: 92%;\r\n        min-width: 321px;\r\n        max-width: 767px\r\n    } \r\n    .container .grid_1, \r\n    .container .grid_2,\r\n    .container .grid_3,\r\n    .container .grid_4,\r\n    .container .grid_5,\r\n    .container .grid_6,\r\n    .container .grid_7,\r\n    .container .grid_8,\r\n    .container .grid_9,\r\n    .container .grid_10,\r\n    .container .grid_11,\r\n    .container .grid_12 { \r\n        width: 98%;\r\n        margin: 0 1%;\r\n        display: block;\r\n        float: none\r\n    }    \r\n}\r\n\r\n/* =====================================\r\nSmartphones (Portrait & Landscape) \r\n===================================== */\r\n@media only screen and (min-width: 300px) and (max-width: 767px) {\r\n    .container .prefix_1,\r\n    .container .prefix_2,\r\n    .container .prefix_3,\r\n    .container .prefix_4,\r\n    .container .prefix_5,\r\n    .container .prefix_6,\r\n    .container .prefix_7,\r\n    .container .prefix_8,\r\n    .container .prefix_9,\r\n    .container .prefix_10,\r\n    .container .prefix_11,\r\n    .container .suffix_1,\r\n    .container .suffix_2,\r\n    .container .suffix_3,\r\n    .container .suffix_4,\r\n    .container .suffix_5,\r\n    .container .suffix_6,\r\n    .container .suffix_7,\r\n    .container .suffix_8,\r\n    .container .suffix_9,\r\n    .container .suffix_10,\r\n    .container .suffix_11 { \r\n        padding-right: 0;\r\n        padding-left: 0\r\n    } \r\n    .container .push_1,\r\n    .container .push_2,\r\n    .container .push_3,\r\n    .container .push_4,\r\n    .container .push_5,\r\n    .container .push_6,\r\n    .container .push_7,\r\n    .container .push_8,\r\n    .container .push_9,\r\n    .container .push_10,\r\n    .container .push_11,\r\n    .container .pull_1,\r\n    .container .pull_2,\r\n    .container .pull_3,\r\n    .container .pull_4,\r\n    .container .pull_5,\r\n    .container .pull_6,\r\n    .container .pull_7,\r\n    .container .pull_8,\r\n    .container .pull_9,\r\n    .container .pull_10,\r\n    .container .pull_11 {\r\n        left: auto;\r\n        right: auto\r\n    }\r\n}\r\n\r\n/* =====================================\r\niPhone 4, iPad2, Retina stuff ?\r\n===================================== */\r\n@media only screen and (-webkit-min-device-pixel-ratio : 1.5), only screen and (min-device-pixel-ratio : 1.5) {\r\n\r\n/* if you buy me one i might test and add something here */\r\n\r\n}\r\n\r\n/* =====================================\r\nCLEARING FLOATS\r\n===================================== */\r\n.clear {\r\n	clear: both;\r\n	display: block;\r\n	overflow: hidden;\r\n	visibility: hidden;\r\n	width: 0;\r\n	height: 0\r\n}\r\n\r\n.cf:before, \r\n.cf:after,\r\n.row:before,\r\n.row:after{ \r\n    content: \"\"; \r\n    display: table\r\n}\r\n.cf:after,\r\n.row:after{ \r\n    clear: both\r\n}\r\n.cf,\r\n.row { \r\n    *zoom: 1\r\n}\r\n\r\n[[/strip]]','','screen','2012-04-24 13:15:51','2012-05-06 18:49:29'),(51,'Simplex: Layout','[[strip]][[* using strip in stylesheet to remove unneeded empty space, will reduce the file size *]]\r\n\r\n[[* APPEARANCE *]]\r\n[[* \r\nBy adding #boxed id to body tag you can easily change appearance of the site.\r\nThis would add a background image to body and content would be wrapped in a box.\r\nBy removing that id the background is removed and site is presented in white.\r\n\r\nHow: Go to Template -> Simplex and find <body>\r\nNow simply edit as following <body id=\'boxed\'>\r\n\r\nYou can as well reposition your site by changing class on wrapping div.\r\nFind in Simplex Template following: \r\n\r\n<div class=\'container centered\' id=\'wrapper\'>\r\n\r\nNow change \"centered\" to \"left\" or \"right\" and page will be left or right aligned.\r\n*]]\r\n\r\n[[* assign the images path to a variable *]]\r\n[[capture assign=\'path\']][[uploads_url]]/simplex/images[[/capture]]\r\n\r\n[[* COLORS *]]\r\n\r\n[[assign var=\'boxed_bg\' value=\"#d1d1d1 url(`$path`/boxed-bg.gif)\"]]\r\n\r\n[[assign var=\'light_grey\' value=\'#f1f1f1\']]\r\n[[assign var=\'grey\' value=\'#e9e9e9\']]\r\n[[assign var=\'dark_grey\' value=\'#555\']]\r\n[[assign var=\'white\' value=\'#fff\']]\r\n[[assign var=\'orange\' value=\'#f39c2c\']]\r\n[[assign var=\'dark_orange\' value=\'#e6870e\']]\r\n[[assign var=\'yellow\' value=\'#fdbd34\']]\r\n\r\n\r\n/* =====================================\r\nBASIC STYLES\r\n===================================== */\r\nbody {\r\n    background: [[$white]];\r\n    font-family: sans-serif; /* sans-serif falls back to default OS and Browser font, usually Arial or Helvetica and so on */\r\n    font-size: 12px;\r\n    color: [[$dark_grey]];\r\n    line-height: 1.3\r\n}\r\n/* you can change appearance of the page by adding or removing #boxed id to body tag. */\r\nbody#boxed {\r\n    background: [[$boxed_bg]] repeat\r\n}\r\n/* add some space inside the boxed container */\r\n#boxed .container {\r\n    padding: 0 1%\r\n}\r\na img {\r\n    border: none\r\n}\r\n/* you can use these classes to align images to left or right */\r\n.right {\r\n    float: right\r\n}\r\n.left {\r\n    float:left\r\n}\r\n/* if image needs some space add this class to img tag\r\n * so at the end a left floating image would be <img src=\'some.jpg\' class=\'left spacing\' alt=\'foo\' />\r\n */\r\n.spacing {\r\n    margin: 10px\r\n}\r\n.spacing.left {\r\n    margin: 10px 10px 10px 0\r\n}\r\n.spacing.right {\r\n    margin: 10px 0 10px 10px\r\n}\r\n/* or add a 2 px border to image or something, change as you need it */\r\n.border {\r\n    border: 2px solid [[$grey]]\r\n}\r\n/* some styling for code chunks */\r\ncode, samp, kbd {\r\n    font-family: Consolas, \'Andale Mono WT\', \'Andale Mono\', \'Lucida Console\', \'Lucida Sans Typewriter\', monospace;\r\n    color: [[$dark_grey]]\r\n}\r\npre code {\r\n    line-height: 1.4;\r\n    font-size: 11px\r\n}\r\npre {\r\n    padding: 10px;\r\n    margin: 10px 0;\r\n    overflow: auto;\r\n    width: 93%;\r\n    background: [[$light_grey]];\r\n    border-radius: 6px;\r\n    -webkit-border-radius: 6px;\r\n    -moz-border-radius: 6px;\r\n    -o-border-radius: 6px\r\n}\r\n/* target IE7 and IE6 */\r\n*:first-child+html pre {\r\n    padding-bottom: 20px;\r\n    overflow-y: hidden;\r\n    overflow: visible;\r\n    overflow-x: auto\r\n}\r\n* html pre {\r\n    padding-bottom: 20px;\r\n    overflow: visible;\r\n    overflow-x: auto\r\n}\r\n/* horizontal ruler */\r\nhr { \r\n    border: solid [[$grey]]; \r\n    border-width: 1px 0 0 0; \r\n    clear: both; \r\n    margin: 10px 0 30px 0; \r\n    height: 0\r\n}\r\n/* =====================================\r\nCOMMON TYPOGRAPHY\r\n===================================== */\r\n\r\n/* link default styles */\r\na { \r\n    color: [[$orange]];\r\n}\r\na:visited {  \r\n    color: [[$dark_orange]] \r\n}\r\na:hover { \r\n    color: [[$dark_grey]];\r\n    transition: transform 0.6s ease-out;\r\n    -webkit-transition: color 0.6s ease-out;\r\n    -moz-transition: color 0.6s ease-out;\r\n    -o-transition: color 0.6s ease-out;     \r\n    text-decoration: underline\r\n}\r\na:focus { \r\n    outline: thin dotted\r\n}\r\na:hover, a:active { \r\n    outline: 0\r\n}\r\n/* add icon to links with class external */\r\na.external span {\r\n    display: inline-block;\r\n    width: 9px;\r\n    height: 9px;\r\n    text-indent: -999em;\r\n    margin: 0 3px;\r\n    /* using sprite image, but left as reference to single image \r\n    background: transparent url([[$path]]/external-icon.png) no-repeat 0 0\r\n    */\r\n    background: transparent url([[$path]]/simplex-sprite.png) no-repeat -10px -130px;\r\n}\r\na.external:hover span {\r\n    background-position: -10px -139px\r\n}\r\n/* default heading styles */\r\nh1,\r\nh2,\r\nh3 {\r\n    font-family: \'Oswald\', Impact, Haettenschweiler, \'Arial Narrow Bold\', sans-serif;\r\n}\r\nh1 {\r\n    color: [[$orange]];\r\n    margin: 10px 0;\r\n    font-size: 28px;\r\n    text-transform: uppercase;\r\n}\r\nh2 {\r\n    color: [[$dark_grey]];\r\n    font-size: 22px\r\n}\r\nh3 {\r\n    color: [[$dark_grey]];\r\n    font-weight: 300;\r\n    font-size: 18px\r\n}\r\n/* blockquotes and cites */\r\nblockquote, \r\nblockquote p { \r\n    font-size: 14px; \r\n    line-height: 1.5; \r\n    color: [[$dark_grey]]; \r\n    font-style: italic;\r\n    font-family: Georgia, Times New Roman, serif\r\n}\r\nblockquote { \r\n    margin: 0 0 20px 0; \r\n    padding: 9px 10px 10px 19px; \r\n    border-left: 5px solid [[$light_grey]]\r\n}\r\nblockquote cite { \r\n    display: block; \r\n    font-size: 12px; \r\n    color: [[$dark_grey]] \r\n}\r\nblockquote cite:before { \r\n    content: \"\\2014 \\0020\"; \r\n}\r\nblockquote cite a, \r\nblockquote cite a:visited, \r\nblockquote cite a:visited {\r\n    font-family: Georgia, Times New Roman, serif;    \r\n}\r\n\r\n/* =====================================\r\nLAYOUT\r\n===================================== */\r\n/* wrapping the page in a box */\r\n#wrapper {\r\n    margin-top: 10px;\r\n    border-top: 5px solid [[$orange]]\r\n}\r\n/* you can switch appearance of the page by adding or removing id #boxed to body tag */\r\n#boxed #wrapper {\r\n    background: [[$white]];\r\n    box-shadow: 2px 2px 8px [[$dark_grey]]\r\n}\r\n   \r\n/* ------ HEADER SECTION ------ */\r\n/* if you need height or something for header part add style here */\r\n.header {\r\n \r\n}\r\n/* the logo */\r\n.logo {\r\n    margin-top: 12px;\r\n    position: relative\r\n}\r\n/* having some fun with palm, rotating with css3, will not work in IE */\r\n.logo .palm {\r\n    position: absolute;\r\n    top: 5px;\r\n    left: 45px;\r\n    /* using sprite image as background, left as reference to single image \r\n    background: url([[$path]]/palm-circle.png) no-repeat;\r\n    */\r\n    background: url([[$path]]/simplex-sprite.png) no-repeat -10px -10px;\r\n    display: block;\r\n    width: 48px;\r\n    height: 48px;\r\n    transition: transform 0.6s ease-out;    \r\n    -webkit-transition: -webkit-transform 0.6s ease-out;\r\n    -moz-transition: -moz-transform 0.6s ease-out;\r\n    -o-transition: -o-transform 0.6s ease-out;\r\n    -webkit-perspective: 1000;\r\n    -webkit-backface-visibility: hidden;     \r\n}\r\n/* css3 transform rotating palm on hover */\r\n.logo a:hover .palm {\r\n    transform: rotate(360deg);    \r\n    -webkit-transform: rotate(360deg);\r\n    -moz-transform: rotate(360deg);\r\n    -o-transform: rotate(360deg)   \r\n}\r\n.top .header {\r\n    border-bottom: 1px solid [[$light_grey]]\r\n}\r\n\r\n/* ------ NAVIGATION ------ */\r\n\r\n/* first level */\r\nnav.main-navigation {\r\n    z-index: 990;\r\n    height: 55px;\r\n    line-height: 37px;\r\n    margin-top: 20px;\r\n}\r\nnav.main-navigation > ul {\r\n    float:right;\r\n    padding: 0\r\n}\r\nnav.main-navigation > ul > li {\r\n    float: left;\r\n    padding: 0;\r\n    margin:0 12px;\r\n    position: relative\r\n}\r\nnav.main-navigation > ul > li:first-child,\r\nnav.main-navigation > ul > li.first {\r\n    margin-left: 0\r\n}\r\nnav.main-navigation > ul > li:last-child,\r\nnav.main-navigation > ul > li.last {\r\n    margin-right: 0\r\n}\r\nnav.main-navigation > ul > li > a,\r\nnav.main-navigation > ul > li.sectionheader span {\r\n    font-family: \'Oswald\', Impact, Haettenschweiler, \'Arial Narrow Bold\', sans-serif;\r\n    color: [[$dark_grey]];\r\n    text-decoration: none;\r\n    font-size: 14px;\r\n    font-weight: 600;\r\n    cursor: pointer;\r\n    text-transform: uppercase\r\n}\r\n/* Second Level */\r\nnav.main-navigation ul li ul {\r\n    top: -999em;\r\n    left: -999em;\r\n    position: absolute;\r\n    display: block;\r\n    height: 0px;\r\n    width: 200px;  \r\n    padding: 10px;\r\n    background: [[$white]];\r\n    background: rgba(255,255,255,.95);    \r\n    box-shadow: 1px 1px 8px [[$dark_grey]];\r\n    -webkit-box-shadow: 1px 1px 8px [[$dark_grey]];\r\n    -moz-box-shadow: 1px 1px 8px [[$dark_grey]];\r\n    -o-box-shadow: 1px 1px 8px [[$dark_grey]];\r\n    border-radius: 6px;\r\n    -webkit-border-radius: 6px;\r\n    -moz-border-radius: 6px;\r\n    -o-border-radius: 6px;\r\n    border: 1px solid [[$grey]] \r\n}\r\nnav.main-navigation > ul > li:hover > ul {    \r\n    height: auto;\r\n    z-index: 9999;\r\n    top: 37px;\r\n    right: 0;\r\n    left: auto;\r\n    display: block\r\n}\r\nnav.main-navigation ul ul li {\r\n    position: relative;\r\n    line-height: 1;\r\n    margin: 0;\r\n    padding: 0;\r\n    border-bottom: 1px dotted [[$grey]]\r\n}\r\n/* third level */\r\nnav.main-navigation > ul > li > ul > li:hover > ul { \r\n    height: auto;\r\n    top: 0;\r\n    right: auto;\r\n    left: -210px;\r\n    z-index: 999;    \r\n    display: block\r\n}\r\n/* navigation text color */\r\nnav.main-navigation ul li li a,\r\nnav.main-navigation ul li li.sectionheader span {\r\n    padding: 6px 12px;\r\n    font-family: sans-serif;\r\n    text-transform: none;\r\n    font-weight: normal;\r\n    font-size: 12px;\r\n    text-decoration: none;\r\n    color: [[$dark_grey]];\r\n    display: block\r\n}\r\nnav.main-navigation a:hover,\r\nnav.main-navigation a.current,\r\nnav.main-navigation li.sectionheader span:hover,\r\nnav.main-navigation li.sectionheader span.current,\r\nnav.main-navigation li.sectionheader span.parent,\r\nnav.main-navigation ul ul li a:hover,\r\nnav.main-navigation ul ul li a.current {\r\n    color: [[$orange]]\r\n}\r\n/* bottom part of header*/\r\n.header-bottom {\r\n    height: 55px;\r\n    line-height: 55px\r\n}\r\n/* catchphrase */\r\n.phrase span {\r\n    font-family: \'Oswald\', Impact, Haettenschweiler, \'Arial Narrow Bold\', sans-serif;\r\n    text-transform: uppercase;\r\n    color: #ddd;\r\n    font-size: 16px;\r\n    font-weight: 700\r\n}\r\n/* search */\r\n.search {\r\n    text-align: right;\r\n}\r\n/* webkit browser add icons to input of type search, we dont want it here now */\r\ninput.search-input::-webkit-search-decoration,\r\ninput.search-input::-webkit-search-results-button,\r\ninput.search-input::-webkit-search-results-decoration {\r\n    -webkit-appearance:none\r\n}\r\n/* styling the search input field */\r\ninput.search-input {\r\n    border: 1px solid [[$light_grey]];  \r\n    height: 17px;\r\n    line-height: 17px;\r\n    outline: 0;\r\n    margin: 13px 0 0 0;\r\n    width: 165px;\r\n    padding: 5px 0 3px 35px;\r\n    font-size: 11px;\r\n    color: [[$dark_grey]];\r\n    transition: all .35s ease-in-out;\r\n    -webkit-transition: all .35s ease-in-out;\r\n    -moz-transition: all .35s ease-in-out;\r\n    -o-transition: all .35s ease-in-out; \r\n    /* using sprite image, left as reference to single image \r\n    background: [[$white]] url([[$path]]/search-icon.png) 10px 50% no-repeat\r\n    */\r\n    background: [[$white]] url([[$path]]/simplex-sprite.png) 0px -434px no-repeat\r\n}\r\ninput.search-input:focus {\r\n    border: 1px solid [[$orange]];\r\n    width: 240px;      \r\n    box-shadow: 0 0 3px [[$orange]];    \r\n    -webkit-box-shadow: 0 0 3px [[$orange]];\r\n    -moz-box-shadow: 0 0 3px [[$orange]];\r\n    -o-box-shadow: 0 0 3px [[$orange]];\r\n}\r\n   \r\n/* ------ BANNER AREA ------ */\r\n.banner {\r\n    overflow: hidden;\r\n    background: [[$orange]]\r\n}\r\n/* left text in orange box */\r\n.banner-text {\r\n    padding:0 0 0 1%;\r\n    position: relative;\r\n    float: left;\r\n    max-height: 275px;\r\n    width: 30.333%\r\n}\r\n.banner-text ul {\r\n    padding: 32px 0;\r\n}\r\n.banner-text li {\r\n    list-style: none;\r\n    display: block;\r\n    color: [[$dark_orange]];\r\n    text-shadow: 0px 1px 0 [[$yellow]], 0 -1px 0 rgba(0,0,0,0.3);\r\n    font-size: 36px;\r\n    font-weight: 700;\r\n    transition: all 2s linear;\r\n    -webkit-transition: all 1.5s linear;\r\n    -moz-transition: all 1.5s linear;\r\n    -o-transition: all 1.5s linear;\r\n    display: block\r\n}\r\n/* animating unordered list text in banner */\r\n.banner-text li:hover {\r\n    text-indent: 120px;\r\n    opacity: 0;\r\n    transform: scale(2) rotate(35deg);\r\n    -webkit-transform: scale(2) rotate(35deg);\r\n    -moz-transform: scale(2) rotate(35deg);\r\n    -o-transform: scale(2) rotate(35deg)\r\n}\r\n/* images on the right */\r\n.banner-image {\r\n    float:right;\r\n    display: block;\r\n    position: relative;\r\n    width: 67.667%;\r\n    overflow: hidden;\r\n    background: [[$grey]]\r\n}\r\n.banner-image div {\r\n    position: absolute;\r\n    z-index: 0;\r\n    width: 100%;\r\n    min-height: 100px;\r\n    overflow: hidden;\r\n    display: block;\r\n    top: 0;\r\n    left: 0\r\n}\r\n.banner-image img {\r\n    display: block;\r\n	height: auto;\r\n    width: 100%;\r\n    bottom: 0;\r\n    max-width: 100%;\r\n}\r\n/* ------ CONTENT AREA ------ */\r\n.content-wrapper {\r\n    padding-top: 20px\r\n}\r\n.content-top {\r\n    background: url([[$path]]/dots.gif) repeat-x 0 50%;\r\n    font-family: Georgia, Times New Roman, serif;\r\n    color: [[$dark_grey]];\r\n    font-style: italic;\r\n    line-height: 20px\r\n}\r\n\r\n/* breadcrumbs */\r\n.breadcrumb {\r\n    display: inline-block;\r\n    background: [[$white]];\r\n    width: auto;\r\n    padding-right: 6px\r\n}\r\n.breadcrumb a {\r\n    color: [[$dark_grey]];\r\n    display: inline-block;\r\n    width: auto;\r\n    background: [[$white]]\r\n}\r\n\r\n/* print button */\r\na.printbutton {\r\n    display: block;\r\n    padding-left: 6px;\r\n    width: 16px;\r\n    height: 16px;\r\n    float:right;\r\n    text-indent: -999em;\r\n    /* using sprite image, left as reference to single image\r\n    background: [[$white]] url([[$path]]/print-icon.png) no-repeat 6px -16px;\r\n    */\r\n    background: [[$white]] url([[$path]]/simplex-sprite.png) no-repeat -4px -94px;\r\n    transition: all 0.2s ease-out;    \r\n    -webkit-transition: all 0.2s ease-out;\r\n    -moz-transition: all 0.2s ease-out;\r\n    -o-transition: all 0.2s ease-out     \r\n}\r\na.printbutton:hover {\r\n    /* using sprite image, left as reference to single image\r\n    background: [[$white]] url([[$path]]/print-icon.png) no-repeat 6px 0;\r\n    */\r\n    background: [[$white]] url([[$path]]/simplex-sprite.png) no-repeat -4px -78px;\r\n}\r\n\r\n/* news module summary -> content */\r\n.content .news-summary  span.heading {\r\n    display: none\r\n}\r\n.content .news-article {\r\n    margin-bottom: 15px;\r\n    padding-bottom: 15px;\r\n    border-bottom: 1px dotted [[$grey]]\r\n}\r\n.content .news-summary ul.category-list {\r\n    margin: 15px 0\r\n}\r\n.content .news-summary ul.category-list li a,\r\n.news-summary ul.category-list li span {\r\n    border-radius: 4px\r\n}\r\n.news-summary ul.category-list li span {\r\n    opacity: .4\r\n}\r\n/* news module summary -> sitewide (content + sidebar) */\r\n/* article heading */\r\n.news-article h2 {\r\n    margin: 0 0 15px 0\r\n}\r\n.news-article h2 a {\r\n    font-family: \'Oswald\', Impact, Haettenschweiler, \'Arial Narrow Bold\', sans-serif;\r\n    text-transform: uppercase;\r\n    color: [[$dark_grey]];\r\n    font-size: 16px;\r\n    text-decoration: none;\r\n    font-weight: 700\r\n}\r\n/* date circle, well square for IE  */\r\n.news-article .date {\r\n    background: [[$orange]];\r\n    color: [[$white]];\r\n    display: block;\r\n    float:left;\r\n    width: 40px;\r\n    padding: 6px;\r\n    height: 40px;\r\n    border-radius: 26px;\r\n    text-align: center;\r\n    font-family: Georgia, Times New Roman, serif\r\n}\r\n.news-article .day {\r\n    font-size: 20px;\r\n    line-height: 1;\r\n    padding-bottom: 2px;\r\n    font-style: italic;\r\n    display: block\r\n}\r\n.news-article.month {\r\n    font-size: 11px;\r\n    display: block\r\n}\r\n/* author and category */\r\n.news-article .author,\r\n.news-article .category {\r\n    font-family: Georgia, Times New Roman, serif;\r\n    display: block;\r\n    padding-left: 60px;\r\n    font-size: 11px;\r\n    font-style: italic\r\n}\r\n/* category list on top of summary */\r\n.news-summary ul.category-list {\r\n    margin:15px 0 0 0;\r\n    padding:0;\r\n    list-style: none\r\n}\r\n.news-summary ul.category-list li {\r\n    float:left;\r\n    display: block;\r\n    width: auto;\r\n    margin-right: 5px\r\n}\r\n.news-summary ul.category-list li a,\r\n.news-summary ul.category-list li span {\r\n    display: block;\r\n    color: [[$dark_grey]];\r\n    padding: 4px 8px;\r\n    background: [[$light_grey]];\r\n    border-radius: 4px 4px 0 0;\r\n    text-decoration: none;\r\n    font-size: 11px;\r\n    text-transform: uppercase\r\n}\r\n.news-summary ul.category-list li a:hover {\r\n    color: [[$orange]]\r\n}\r\n.news-summary .paginate {\r\n    font: italic 11px/1.2 Georgia, Times New Roman, serif;\r\n    \r\n}\r\n.news-summary .paginate a {\r\n    padding: 0 3px;\r\n}\r\n.news-meta {\r\n    background: [[$light_grey]];\r\n    padding: 10px;\r\n    margin: 10px 0\r\n}\r\n/* more link */\r\n.more,\r\n.more a,\r\n/* back link */\r\n.back,\r\n.back a,\r\n/* previous, next links */\r\n.previous a,\r\n.next a,\r\n.previous,\r\n.next {\r\n    font:  italic 12px/1.3 Georgia, Times New Roman, serif;\r\n    color: [[$dark_grey]];\r\n    text-decoration: none\r\n} \r\n/* hover behavior of more, next, previous links */\r\n.more a:hover,\r\n.back a:hover,\r\n.previous a:hover,\r\n.next a:hover {\r\n    text-decoration: underline\r\n}\r\n.previous,\r\n.next {\r\n    padding: 6px 0;\r\n}\r\n/* align next link to right */\r\n.previous {\r\n    float:left;\r\n}\r\n.next {\r\n    float: right\r\n}\r\n\r\n/* ------ SIDEBAR AREA ------ */\r\n\r\n/* news module summary -> sidebar */\r\n.sidebar .news-summary  span.heading {\r\n    background: url([[$path]]/dots.gif) repeat-x 0 50%;\r\n    color: [[$dark_grey]];\r\n    font:  normal 16px/20px Georgia, Times New Roman, serif;\r\n    margin: 0 0 15px 0;\r\n    display: block\r\n}\r\n.sidebar .news-summary .heading span {\r\n    display: inline-block;\r\n    width: auto;\r\n    background: [[$white]];\r\n    padding-right: 6px\r\n}\r\n.sidebar .news-article {\r\n    padding: 15px;\r\n    position: relative;\r\n    background: [[$light_grey]];\r\n    margin-bottom: 20px;\r\n    border-radius: 0 0 6px 0\r\n}\r\n/* creating a bubble box with css3 */\r\n.sidebar .news-article:before {\r\n    content:\'\';\r\n    position: absolute;\r\n    bottom: -15px;\r\n    right: 25px;\r\n    width: 10px;\r\n    height: 35px;\r\n    -webkit-transform: rotate(55deg) skewY(55deg);\r\n    -moz-transform: rotate(55deg) skewY(55deg);\r\n    -o-transform: rotate(55deg) skewY(55deg);\r\n    -ms-transform: rotate(55deg) skewY(55deg);\r\n    transform: rotate(55deg) skewY(55deg);\r\n    background: [[$light_grey]]\r\n}\r\n\r\n/* ------ FOOTER AREA ------ */\r\n/* footer wrapper */\r\n.footer {\r\n    position: relative;\r\n    background: transparent url([[$path]]/footer-background.png) repeat-x top;\r\n    border-bottom: 1px dotted [[$grey]];\r\n    margin: 25px 0 10px 0;\r\n    padding: 20px 0\r\n}\r\n/* copyright text */\r\n.copyright {\r\n    padding-top: 15px\r\n}\r\n.copyright p,\r\n.copyright a {\r\n    color: [[$dark_grey]];\r\n    font-size: 11px\r\n}\r\n/* social icons */\r\n.footer ul.social {\r\n    padding: 0;\r\n    margin: 0\r\n}\r\n.footer .social li {\r\n    float:left;\r\n    margin: 0;\r\n    padding: 0;\r\n    list-style: none;\r\n    margin-right: 6px\r\n}\r\n.footer .social li a {\r\n    display: block;\r\n    width: 24px;\r\n    height: 24px;\r\n    transition: all 0.2s ease-out;    \r\n    -webkit-transition: all 0.2s ease-out;\r\n    -moz-transition: all 0.2s ease-out;\r\n    -o-transition: all 0.2s ease-out;     \r\n    text-indent: -999em\r\n}\r\n.footer .social li.facebook a { \r\n    /* using sprite image, left as reference to single image \r\n    background: transparent url([[$path]]/facebook-icon.png) no-repeat 0 -24px\r\n    */\r\n    background: transparent url([[$path]]/simplex-sprite.png) no-repeat -10px -260px\r\n}\r\n.footer .social li.facebook a:hover {\r\n    /* using sprite image, left as reference to single image \r\n    background: transparent url([[$path]]/facebook-icon.png) no-repeat 0 0\r\n    */\r\n    background: transparent url([[$path]]/simplex-sprite.png) no-repeat -10px -236px\r\n}\r\n.footer .social li.twitter a { \r\n    /* background: transparent url([[$path]]/twitter-icon.png) no-repeat 0 -24px */\r\n    background: transparent url([[$path]]/simplex-sprite.png) no-repeat -10px -192px\r\n}\r\n.footer .social li.twitter a:hover {\r\n    /* background: transparent url([[$path]]/twitter-icon.png) no-repeat 0 0 */\r\n    background: transparent url([[$path]]/simplex-sprite.png) no-repeat -10px -168px\r\n}\r\n.footer .social li.linkedin a { \r\n    /* background: transparent url([[$path]]/linkedin-icon.png) no-repeat 0 -24px */\r\n    background: transparent url([[$path]]/simplex-sprite.png) no-repeat -10px -328px\r\n}\r\n.footer .social li.linkedin a:hover {\r\n   /*  background: transparent url([[$path]]/linkedin-icon.png) no-repeat 0 0 */\r\n   background: transparent url([[$path]]/simplex-sprite.png) no-repeat -10px -304px\r\n}\r\n.footer .social li.youtube a { \r\n    /* background: transparent url([[$path]]/youtube-icon.png) no-repeat 0 -24px */\r\n    background: transparent url([[$path]]/simplex-sprite.png) no-repeat -10px -396px\r\n}\r\n.footer .social li.youtube a:hover {\r\n    /* background: transparent url([[$path]]/youtube-icon.png) no-repeat 0 0 */\r\n    background: transparent url([[$path]]/simplex-sprite.png) no-repeat -10px -372px\r\n}\r\n/* back to top anchor */\r\n.back-top a {\r\n    display: inline-block;\r\n    width: auto;\r\n    padding: 8px;\r\n    border-left: 5px solid [[$white]];\r\n    border-right: 5px solid [[$white]];\r\n    font:  normal italic 11px/20px Georgia, Times New Roman, serif;\r\n    text-decoration: none;\r\n    color: [[$dark_grey]];\r\n    background: [[$light_grey]];\r\n    color: [[$dark_grey]];\r\n    border-radius: 10px 0 10px 0;\r\n    -webkit-border-radius: 10px 0 10px 0;\r\n    -moz-border-radius: 10px 0 10px 0;\r\n    -o-border-radius: 10px 0 10px 0;\r\n    position: absolute;\r\n    top: -14px;\r\n    left: 48%\r\n}\r\n/* Footer navigation */\r\n.footer-navigation {\r\n    padding-top: 15px\r\n}\r\n.footer-navigation > ul > li {\r\n    float:left;\r\n    width: 32.333%\r\n}\r\n.footer-navigation > ul > li > a,\r\n.footer-navigation > ul > li span.sectionheader {\r\n    font-family: \'Oswald\', Impact, Haettenschweiler, \'Arial Narrow Bold\', sans-serif;\r\n    text-transform: uppercase;\r\n    color: [[$dark_grey]];\r\n    text-decoration: none;\r\n    display: block\r\n}\r\n/* second level */\r\n.footer-navigation > ul ul {\r\n    margin-top: 10px\r\n}\r\n.footer-navigation > ul > li li {\r\n    float: none;\r\n    width: 100%;\r\n    display: block\r\n}\r\n.footer-navigation > ul > li li a,\r\n.footer-navigation > ul > li.sectionheader li a,\r\n.footer-navigation > ul > li li span.sectionheader  {\r\n    text-decoration: none;\r\n    font-family: sans-serif;\r\n    font-weight: normal;\r\n    text-transform: none; \r\n    display: block;\r\n    padding: 2px 0;\r\n    color: [[$dark_grey]]\r\n}\r\n.footer-navigation > ul > li li a:hover {\r\n    color: [[$orange]]\r\n}\r\n\r\n[[/strip]]','','screen','2012-04-24 13:16:21','2013-04-17 14:33:49'),(52,'Simplex: Print','/* reset body background and color, just in case */\r\nbody {\r\n    background: #fff;\r\n    color: #000;\r\n    font-family: Georgia, Times New Roman, serif;\r\n    font-size: 12pt\r\n}\r\n/* any element with class noprint or listed below should not be printed */\r\n.noprint,\r\n.visuallyhidden {\r\n    display: none\r\n}\r\n/* display image as block */\r\nimg {\r\n    display: block;\r\n    float: none\r\n}\r\n/* remove width and floats from elements */\r\n#wrapper,\r\n.container,\r\n.container .grid_1, \r\n.container .grid_2,\r\n.container .grid_3,\r\n.container .grid_4,\r\n.container .grid_5,\r\n.container .grid_6,\r\n.container .grid_7,\r\n.container .grid_8,\r\n.container .grid_9,\r\n.container .grid_10,\r\n.container .grid_11,\r\n.container .grid_12 {\r\n    width: 100%;\r\n    margin: 0;\r\n    float: none    \r\n}\r\n/* links arent clickable on paper, lets display url */\r\na:link:after {\r\n    content: \" (\" attr(href) \") \";\r\n}\r\na {\r\n    text-decoration: underline\r\n}\r\n','print','','2012-04-26 07:47:10','2012-05-06 17:10:32'),(53,'Simplex: Mobile','[[strip]][[* using strip in stylesheet to remove unneeded empty space, will reduce the file size *]]\r\n\r\n/* Default styles for screens up to 1024px width */\r\n/* realign logo for mobile devices */\r\n.logo.grid_4 {\r\n    float: none;\r\n    display: block;\r\n    text-align: center;\r\n    margin:10px 0;\r\n    padding:0;\r\n    width: 100%\r\n}\r\n/* hide rotating palm */\r\n.logo .palm {\r\n    display: none\r\n}\r\n/* realign navigation for mobile devices */\r\nnav.main-navigation {\r\n    float: none;\r\n    margin: 0;\r\n    height: auto;\r\n    line-height: 1\r\n}\r\nnav.main-navigation > ul {\r\n    float:none;\r\n    position: relative;\r\n    padding: 0\r\n}\r\nnav.main-navigation ul li {\r\n    background: #f1f1f1;\r\n    display: block;\r\n    position: relative;\r\n    border-radius: 4px 4px 0 0;\r\n    padding: 0 10px;\r\n    margin: 0 1px\r\n}\r\nnav.main-navigation > ul > li > a,\r\nnav.main-navigation > ul > li.sectionheader > span {\r\n    font-size: 12px;\r\n    line-height: 28px;\r\n}\r\n/* second level navigation */\r\nnav.main-navigation ul li ul {\r\n    top: -999em;\r\n    left: -999em;\r\n    width: 200px;\r\n    height: auto;\r\n    display: block;\r\n    position: absolute;\r\n}\r\nnav.main-navigation > ul > li:hover > ul,\r\nnav.main-navigation > ul > li.active > ul {\r\n    top: 28px;\r\n    left: 0;\r\n    z-index: 999;\r\n    right: auto\r\n}\r\nnav.main-navigation ul ul li {\r\n    position: relative;\r\n    background: #fff;\r\n    line-height: 1;\r\n    height: auto;\r\n    margin: 0;\r\n    padding: 0\r\n} \r\nnav.main-navigation > ul > li li a {\r\n    line-height: 1\r\n}\r\n/* third level */\r\nnav.main-navigation > ul > li > ul > li:hover > ul {\r\n    left: 0;\r\n    top: 28px\r\n}\r\n/* close button (appended to dropdown with jquery) */\r\n.close-button {\r\n    display: block;\r\n    background: url([[uploads_url]]/simplex/images/close_button.png) no-repeat;\r\n    text-indent: -999em;\r\n    position: absolute;\r\n    bottom: -5px;\r\n    right: -5px;\r\n    width: 24px;\r\n    height: 24px\r\n}\r\n/* display phrase text and search box in full width */\r\n.header-bottom {\r\n    height: auto;\r\n    line-height: 1.2;\r\n    padding: 10px 0\r\n}\r\n.search input {\r\n    text-align: center;\r\n    padding: 5px 0 3px 0;\r\n    display: block\r\n}\r\n/* phrase */\r\n.phrase .grid_7 {\r\n    margin: 0;\r\n    width: 100%;\r\n    float: none;\r\n    display: block\r\n}\r\n/* hide banner text and size image area */\r\n.banner-text {\r\n    display: none;\r\n    width: 0\r\n}\r\n.banner-image {\r\n    display: block;\r\n    width: 100%;\r\n    float:none;\r\n    margin: 0;\r\n    padding: 0\r\n}\r\n/* hide print button */\r\na.printbutton {\r\n    display: none\r\n}\r\n\r\n/* =====================================\r\nTablet (Portrait) \r\n===================================== */\r\n@media only screen and (min-width: 768px) and (max-width: 1024px) and (orientation : portrait) {\r\n    /* realign navigation for mobile devices */\r\n    nav.main-navigation {\r\n        float: none;\r\n        margin: 0;\r\n        line-height: 1\r\n    }\r\n    nav.main-navigation ul li {\r\n        position: static\r\n    }\r\n    nav.main-navigation > ul > li > a,\r\n    nav.main-navigation > ul > li.sectionheader > span {\r\n        font-size: 14px\r\n    } \r\n    .header-bottom {\r\n        height: auto;\r\n        line-height: 1.2;\r\n        padding: 10px 0\r\n    }\r\n    .search input {\r\n        width: 60%;\r\n        text-align: center;\r\n        padding: 5px 0 3px 0;\r\n        display: block\r\n    }\r\n}\r\n\r\n/* =====================================\r\nSmartphones (Landscape) \r\n===================================== */\r\n@media only screen and (min-width: 321px) and (max-width: 767px) { \r\n    nav.main-navigation ul li {\r\n        position: static\r\n    }    \r\n    nav.main-navigation > ul > li > a.\r\n    nav.main-navigation > ul > li.sectionheader > span {\r\n        font-size: 10px\r\n    }\r\n}\r\n\r\n/* =====================================\r\nSmartphones (Portait) \r\n===================================== */\r\n@media only screen and (max-width: 480px) {\r\n    .logo img {\r\n        margin: 20px auto\r\n    }\r\n    /* realing navigation */\r\n    nav.main-navigation {\r\n        line-height: 1\r\n    }\r\n    nav.main-navigation > ul > li:hover > ul,\r\n    nav.main-navigation > ul > li.active > ul {\r\n        top: 58px;\r\n        left: 2%;\r\n        right: auto\r\n    }    \r\n    nav.main-navigation ul li {\r\n        float: none;\r\n        position: relative;\r\n        background: none;\r\n        border-bottom: 1px dotted #f1f1f1;\r\n        border-radius: 0;\r\n        padding: 8px 0;\r\n        margin: 0\r\n    }\r\n    nav.main-navigation > ul > li > a,\r\n    nav.main-navigation > ul > li.sectionheader span {\r\n        font-size: 20px\r\n    }\r\n    /* search box */\r\n    .grid_5.search {\r\n        float:none;\r\n        margin: 0 auto;\r\n        width: 100%;\r\n    }    \r\n    .search input {\r\n        width: 80%;\r\n        text-align: center;\r\n        padding: 5px 0 3px 0;\r\n        display: block\r\n    }     \r\n    /* hiding footer navigation or it is squeezed to much */\r\n    .footer-navigation {\r\n        display: none\r\n    }\r\n    .footer .copyright {\r\n        text-align: center\r\n    }\r\n}\r\n\r\n[[/strip]]','','screen and (min-width: 300px) and (max-width: 1024px)','2012-04-30 12:27:44','2013-04-17 14:36:32'),(54,'IAState','/*=======================================================*/\r\n/*== Miscellaneous ======================================*/\r\n/*=======================================================*/\r\n\r\n#content table {\r\nborder-spacing:0;\r\nborder-collapse: separate;\r\n	border: 1px solid #DDDDDD;\r\n	border-radius: 4px 4px 4px 4px;\r\nwidth:100%;\r\n}\r\n\r\n#content table td {\r\n\r\n}\r\n\r\n#content table th {\r\n	background: url(\"themes/OneEleven/images/layout/sprite_repeatx.png\") repeat-x scroll 831px -99px #4B4840;\r\n	color: #FFFFFF;\r\n    height: 45px;\r\n    padding-left: 5px;\r\n    padding-right: 5px;\r\n    text-align: left;\r\n    text-shadow: -1px -1px 0 #000000;\r\n    white-space: nowrap;\r\n}\r\n\r\n#content table th:first-child {\r\n    border-top-left-radius: 4px;\r\n}\r\n\r\n#content table th:last-child {\r\n    border-top-right-radius: 4px;\r\n}\r\n\r\n.hidden{\r\n	display: none !important;\r\n}\r\n\r\n#wiki-link {\r\n        padding-right:15px;\r\n        margin-top: -2px;\r\n        text-align: right;\r\n        font: bold 14px arial,sans-serif;\r\n        color: #DFBD00;\r\n        border-left: 1px solid #AAAAAA;\r\n}\r\n\r\n#wiki-link a{\r\n        margin-top: -5px;\r\n        padding-left:10px;\r\n        font: bold 18px arial,sans-serif;\r\n}\r\n\r\n#ribbon h1{\r\n	margin-bottom: 16px;\r\n}\r\n\r\n#ribbon div.description {\r\n        display: table;\r\n        margin-top:14px;\r\n        margin-bottom:9px;\r\n        margin-left: 30px;\r\n        border-left: 1px solid #DFBD00;\r\n        color: #FFFFFF;\r\n        font: 16px arial,sans-serif;\r\n        max-width: 240px;\r\n        height: 60px;\r\n}\r\n\r\n#ribbon div.description > p {\r\n        display: table-cell;\r\n        vertical-align:middle;\r\n        text-align:center;\r\n}\r\n\r\n#main-nav ul.navigation > li > ul > li > :first-child,\r\n#footer-nav ul.navigation > li > ul > li > :first-child{\r\n	transition: background-color 0.2s,  color 0.2s;\r\n	-moz-transition: background-color 0.2s,  color 0.2s;\r\n	-webkit-transition: background-color 0.2s,  color 0.2s;\r\n}\r\n\r\n/*=======================================================*/\r\n/*== ISU Navigation =====================================*/\r\n/*=======================================================*/\r\n\r\n#main-nav{\r\n	overflow: visible;\r\n}\r\n\r\n#main-nav ul.navigation{\r\n	font-size: 0;\r\n	list-style: none;\r\n	margin: 0;\r\n	padding: 0 0 0px;\r\n	text-align: center;\r\n}\r\n\r\n#main-nav ul.navigation > li{\r\n	border-left: 1px solid #7e0e19;\r\n	display: inline-block;\r\n	position: relative;\r\n        background-repeat: no-repeat;\r\n        background-position: 0px 50%;\r\n}\r\n\r\n#main-nav ul.navigation > li > :first-child {\r\n	border-left: 1px solid #ac3440;\r\n	color: #fff;\r\n	display: block;\r\n	font-size: 14px;\r\n        min-width: 90px;\r\n	letter-spacing: 1px;\r\n	outline: none;\r\n	padding: 4px 10px 6px;\r\n	text-decoration: none;\r\n	text-shadow: 0 0 0 #fff, -1px 1px 3px #333;\r\n}\r\n\r\n#main-nav ul.navigation > li > :first-child:focus{\r\n	outline: 1px solid #dfbd00;\r\n	position: relative;\r\n	z-index: 20;\r\n}\r\n\r\n#main-nav ul.navigation > li.menuactive > :first-child,\r\n#main-nav ul.navigation > li.active > :first-child,\r\n#main-nav ul.navigation > li:hover > :first-child{\r\n	background-image: url(\"data:image/png;base64,iVBORw0KGgoAAAANSUhEUgAAAAEAAAAgCAYAAADT5RIaAAAAP0lEQVQY0wXBAQGAAAwEIf5CWMD2lpzge94LYsoJYpoTxGSU093UyJHRjmza0e20TY62E5OjoSEmO800Jyb4AcSzETNSokJqAAAAAElFTkSuQmCC\");\r\n	background-image: -moz-linear-gradient(#a41522, #b01724);\r\n	background-image: -webkit-gradient(linear, left top, left bottom, from(#a41522), to(#b01724));\r\n	background-position: center top;\r\n	background-repeat: repeat-x;\r\n	position: relative;\r\n	z-index: 110;\r\n}\r\n\r\n#main-nav ul.navigation > li:hover > span:first-child{\r\n        cursor: default;\r\n}\r\n\r\n#main-nav ul.navigation > li:hover > a[href=\"javascript:;\"]{\r\n	cursor: default;\r\n}\r\n\r\n#main-nav ul.navigation > li:last-child{\r\n	border-right: 1px solid #ac3440;\r\n}\r\n\r\n#main-nav ul.navigation > li:last-child > :first-child{\r\n	border-right: 1px solid #7e0e19;\r\n}\r\n\r\n#main-nav ul.navigation > li > ul{\r\n	background-color: #e4dfcf;\r\n	background-image: -moz-linear-gradient(#f2f2f2, #e4dfcf);\r\n	background-image: -webkit-gradient(linear, left top, left bottom, from(#f2f2f2), to(#e4dfcf));\r\n	border-radius: 0 0 4px 4px;\r\n	-moz-border-radius: 0 0 4px 4px;\r\n	-webkit-border-radius: 0 0 4px 4px;\r\n	box-shadow: 0 0 12px rgba(0, 0, 0, 0.6);\r\n	-moz-box-shadow: 0 0 12px rgba(0, 0, 0, 0.6);\r\n	-webkit-box-shadow: 0 0 12px rgba(0, 0, 0, 0.6);\r\n	display: none;\r\n	filter: progid:DXImageTransform.Microsoft.gradient(startColorstr=#f2f2f2, endColorstr=#e4dfcf);\r\n	list-style: none;\r\n	margin: 0;\r\n	padding: 0 0 4px;\r\n	position: absolute;\r\n	text-align: left;\r\n	width: 100%;\r\n	z-index: 100;\r\n}\r\n\r\n#main-nav ul.navigation > li.active > ul,\r\n#main-nav ul.navigation > li:hover > ul{\r\n	display: block;\r\n}\r\n\r\n#main-nav ul.navigation > li > ul > li > a{\r\n	color: #444;\r\n	display: block;\r\n	font-size: 11px;\r\n	font-weight: bold;\r\n	padding: 8px 12px;\r\n	text-decoration: none;\r\n}\r\n\r\n#main-nav ul.navigation > li > ul > li > :first-child:focus{\r\n	background-color: rgba(223, 189, 0, 0.2);\r\n	outline: 1px solid #dfbd00;\r\n}\r\n\r\n#main-nav ul.navigation > li > ul > li > :first-child:hover{\r\n	background: #bebbaf;\r\n	color: #222;\r\n}\r\n\r\n/*=======================================================*/\r\n/*== Footer =============================================*/\r\n/*=======================================================*/\r\n\r\n#footer-nav{\r\n	overflow: visible;\r\n}\r\n\r\n#footer-nav ul.navigation{\r\n	font-size: 0;\r\n	list-style: none;\r\n	margin: 0;\r\n	padding: 0 0 0 15px;\r\n	text-align: left;\r\n}\r\n\r\n#footer-nav ul.navigation > li{\r\n	display: inline-block;\r\n	position: relative;\r\n}\r\n\r\n#footer-nav ul.navigation > li > :first-child{\r\n	font-size: 14px;\r\n	outline: none;\r\n	padding: 6px;\r\n	text-shadow: 0 0 0 #fff, -1px 1px 3px #333;\r\n}\r\n\r\n#footer-nav ul.navigation > li:hover > a[href=\"javascript:;\"]{\r\n	cursor: default;\r\n}\r\n\r\n#footer a {\r\n        color: #FFFFFF;\r\n        text-decoration: none;\r\n}\r\n\r\n#footer a:hover {\r\n        text-decoration: underline;\r\n}\r\n\r\n#footer .last{\r\n	text-align: center;\r\n}','','','2013-10-03 13:20:17','2013-10-23 16:39:52'),(55,'IAState Base','/**\r\n * Base.css - contains default styles for the new ISU theme.\r\n * \r\n * @version  0.11.3\r\n * @link     http://www.sample.iastate.edu/\r\n */\r\n\r\n/*=======================================================*/\r\n/*== Typography =========================================*/\r\n/*=======================================================*/\r\n\r\nheader, footer, section, aside, nav, article, hgroup, figure, figcaption{\r\n	display: block;\r\n}\r\n\r\nhtml{\r\n	overflow-y: scroll;\r\n}\r\n\r\nbody{\r\n	background-image:url(\'/uploads/images/backgroundphoto.jpg\');\r\n        background-attachment:fixed;\r\n	color: #444;\r\n	font: 12px/1.5 arial, sans-serif;\r\n	margin: 0 0 12px;\r\n}\r\n\r\na{\r\n	color: #900;\r\n	text-decoration: underline;\r\n}\r\n\r\na:hover {\r\n	color: #4169e1;\r\n	text-decoration: underline;\r\n}\r\n\r\na img{\r\n	border: 0;\r\n}\r\n\r\nh1, h2, h3, h4, h5, h6{\r\n	margin-top: 0;\r\n	margin-bottom: 6px;\r\n}\r\n\r\nh1{\r\n	font-size: 20px;\r\n	line-height: normal;\r\n}\r\n\r\nh2{\r\n	font-size: 16px;\r\n	line-height: 1.125;\r\n}\r\n\r\nh3{\r\n	font-size: 14px;\r\n	line-height: 1.286;\r\n}\r\n\r\nh4{\r\n	font-size: 12px;\r\n	line-height: 1.5;\r\n}\r\n\r\np, ul, ol, dl{\r\n	margin-top: 0;\r\n	margin-bottom: 12px;\r\n}\r\n\r\nul, ol{\r\n	margin-left: 0;\r\n	padding-left: 22px;\r\n}\r\n\r\nul ul, ul ol, ol ul, ol ol{\r\n	margin-bottom: 0;\r\n}\r\n\r\nul{\r\n	list-style: disc;\r\n}\r\n\r\nol{\r\n	list-style: decimal;\r\n}\r\n\r\nul.no-bullets, ol.no-bullets{\r\n	list-style: none;\r\n	padding-left: 0;\r\n}\r\n\r\nul.right{\r\n	text-align: right;\r\n}\r\n\r\nul.left > li, ul.right > li{\r\n	display: inline-block;\r\n	vertical-align: bottom;\r\n}\r\n\r\n.lt-ie8 ul.left > li, .lt-ie8 ul.right > li{\r\n	display: inline;\r\n	zoom: 1;\r\n}\r\n\r\ndl > dt + dt,\r\ndl > dd + dt{\r\n	margin-top: 6px;\r\n}\r\n\r\ndl > dt{\r\n	font-weight: bold;\r\n}\r\n\r\ndl > dd{\r\n	margin-left: 24px;\r\n}\r\n\r\nhr{\r\n	border: 0;\r\n	border-top: 1px solid #ccc;\r\n	height: 0;\r\n	margin: 16px 0;\r\n}\r\n\r\nsmall{\r\n	font-size: 11px;\r\n}\r\n\r\n.figure{\r\n	margin: 0 0 6px;\r\n}\r\n\r\nblockquote{\r\n	margin: 0 0 3px;\r\n}\r\n\r\ncite{\r\n	display: block;\r\n	font-size: 11px;\r\n}\r\n\r\n.clear{\r\n	clear: both;\r\n}\r\n\r\n.nowrap{\r\n	white-space: nowrap;\r\n}\r\n\r\n.photo-left{\r\n	float: left;\r\n	margin-right: 3px;\r\n	margin-bottom: 3px;\r\n}\r\n\r\n.photo-right{\r\n	float: right;\r\n	margin-left: 3px;\r\n	margin-bottom: 3px;\r\n}\r\n\r\n/*=======================================================*/\r\n/*== Layout =============================================*/\r\n/*=======================================================*/\r\n\r\ntable.gray, table.cream{\r\n	border-collapse: collapse;\r\n	border-spacing: 0;\r\n}\r\n\r\ntable.full-width{\r\n	width: 100%;\r\n}\r\n\r\ntable.gray th, table.gray td{\r\n	border: 1px solid #bbb;\r\n	border-width: 1px 0;\r\n	padding: 2px 6px;\r\n	text-align: left;\r\n	vertical-align: top;\r\n}\r\n\r\ntable.gray thead tr th{\r\n	background-color: #e3e3e3;\r\n	border-color: #aaa;\r\n}\r\n\r\ntable.gray tbody th{\r\n	background-color: #eee;\r\n	border-color: #a7a7a7;\r\n}\r\n\r\ntable.gray tr.dark-title th{\r\n	background-color: #4a4a4a;\r\n	border-color: #222;\r\n	color: #eee;\r\n}\r\n\r\ntable.gray tbody tr:nth-child(even) td,\r\ntable.gray tbody tr.even td{\r\n	background-color: #f8f8f8;\r\n}\r\n\r\ntable.gray tbody tr:nth-child(odd) td,\r\ntable.gray tbody tr.odd td{\r\n	background-color: #fff;\r\n}\r\n\r\ntable.gray tbody tr td.ops,\r\ntable.cream tbody tr td.ops{\r\n	min-width: 20%;\r\n	white-space: nowrap;\r\n}\r\n\r\ntable.cream th, table.cream td{\r\n	border: 1px solid #c1b78f;\r\n	border-width: 1px 0;\r\n	padding: 2px 6px;\r\n	text-align: left;\r\n	vertical-align: top;\r\n}\r\n\r\ntable.cream thead th{\r\n	background-color: #f5e39a;\r\n	border-color: #c63600;\r\n	color: #333;\r\n}\r\n\r\ntable.cream tbody th{\r\n	background-color: #f3ecd4;\r\n	border-color: #aea581;\r\n}\r\n\r\ntable.cream tbody td{\r\n	border-color: #c1b78f;\r\n}\r\n\r\ntable.cream tbody tr:nth-child(even) td,\r\ntable.cream tbody tr.even td{\r\n	background: #f8f8f0;\r\n}\r\n\r\ntable.cream tbody tr:nth-child(odd) td,\r\ntable.cream tbody tr.odd td{\r\n	background: #fff;\r\n}\r\n\r\ntable.cream tbody tr td.ops a + a{\r\n	margin-left: 10px;\r\n}\r\n\r\ntable.cream tbody a{\r\n	text-decoration: none;\r\n}\r\n\r\ntable.cream tbody a:hover{\r\n	text-decoration: underline;\r\n}\r\n\r\n/*== Form Layouts ==*/\r\n/*==================*/\r\n\r\nform dl.inline-layout,\r\nform dl.table-layout{\r\n	overflow: hidden;\r\n}\r\n\r\nform dl.block-layout > dt > label.required:after,\r\nform dl.inline-layout > dt > label.required:after,\r\nform dl.table-layout > dt > label.required:after{\r\n	color: darkred;\r\n	content: \' *\';\r\n}\r\n\r\nform dl.block-layout > dd > fieldset,\r\nform dl.table-layout > dd > fieldset{\r\n	background-color: #f9f9f9;\r\n	border: 1px solid #ccc;\r\n	margin: 0;\r\n	padding: 6px 9px;\r\n}\r\n\r\nform dl.block-layout > dd > fieldset > dl.block-layout,\r\nform dl.table-layout > dd > fieldset > dl.block-layout{\r\n	margin-bottom: 0;\r\n}\r\n\r\nform dl.block-layout > dd > fieldset > dl.inline-layout,\r\nform dl.table-layout > dd > fieldset > dl.inline-layout{\r\n	margin-bottom: -6px;\r\n}\r\n\r\nform dl.block-layout > dd > fieldset > dl.table-layout,\r\nform dl.table-layout > dd > fieldset > dl.table-layout{\r\n	margin-bottom: 3px;\r\n}\r\n\r\nform dl.block-layout > dd > fieldset > legend,\r\nform dl.table-layout > dd > fieldset > legend{\r\n	font-weight: bold;\r\n}\r\n\r\nform dl.block-layout > dd > ul.errors,\r\nform dl.inline-layout > dd > ul.errors,\r\nform dl.table-layout > dd > ul.errors{\r\n	color: darkred;\r\n	list-style: none;\r\n	margin: 3px 0 0;\r\n	padding: 0;\r\n}\r\n\r\nform dl.block-layout > dd > p,\r\nform dl.inline-layout > dd > p,\r\nform dl.table-layout > dd > p{\r\n	margin: 1px 0 0;\r\n}\r\n\r\nform dl.block-layout > dd > .hint,\r\nform dl.inline-layout > dd > .hint,\r\nform dl.table-layout > dd > .hint{\r\n	color: #555;\r\n	font-style: italic;\r\n}\r\n\r\n/*-- Inline Layout --*/\r\n\r\nform dl.inline-layout > dt{\r\n	float: left;\r\n	margin-top: 2px;\r\n}\r\n\r\nform dl.inline-layout > dt > label{\r\n	display: block;\r\n	font-weight: bold;\r\n	margin-right: 4px;\r\n}\r\n\r\nform dl.inline-layout > dd{\r\n	float: left;\r\n	margin: 0 6px 6px 0;\r\n}\r\n\r\n/*-- Block Layout --*/\r\n\r\nform dl.block-layout > dt > label{\r\n	font-weight: bold;\r\n}\r\n\r\nform dl.block-layout > dd{\r\n	margin: 0 0 6px;\r\n}\r\n\r\n/*-- Table Layout --*/\r\n\r\nform dl.table-layout > dt{\r\n	clear: left;\r\n	float: left;\r\n	margin-top: 1px;\r\n	width: 19%;\r\n}\r\n\r\nform dl.table-layout > dt > label{\r\n	display: block;\r\n	font-weight: bold;\r\n	margin-right: 6px;\r\n	text-align: right;\r\n}\r\n\r\nform dl.table-layout > dd{\r\n	float: left;\r\n	margin: 0 0 6px;\r\n	width: 80%;\r\n}\r\n\r\n/*=======================================================*/\r\n/*== Grids ==============================================*/\r\n/*=======================================================*/\r\n\r\n@media screen {\r\n\r\n.hwrapper{\r\n	min-width: 960px;\r\n}\r\n\r\nbody.grid-layout-720 .hwrapper{\r\n	min-width: 720px;\r\n}\r\n\r\n.grids-12, .grids-24{\r\n	margin-left: auto;\r\n	margin-right: auto;\r\n	overflow: hidden;\r\n}\r\n\r\n.grids-12{ width: 720px }\r\n.grids-24{ width: 960px }\r\n\r\n.grid-1, .grid-2, .grid-3, .grid-4, .grid-5, .grid-6, .grid-7, .grid-8,\r\n.grid-9, .grid-10, .grid-11, .grid-12, .grid-13, .grid-14, .grid-15, .grid-16,\r\n.grid-17, .grid-18, .grid-19, .grid-20, .grid-21, .grid-22, .grid-23, .grid-24{\r\n	float: left;\r\n}\r\n\r\n.grids-12 .grid-1 { width:  60px; }\r\n.grids-12 .grid-2 { width: 120px; }\r\n.grids-12 .grid-3 { width: 180px; }\r\n.grids-12 .grid-4 { width: 240px; }\r\n.grids-12 .grid-5 { width: 300px; }\r\n.grids-12 .grid-6 { width: 360px; }\r\n.grids-12 .grid-7 { width: 420px; }\r\n.grids-12 .grid-8 { width: 480px; }\r\n.grids-12 .grid-9 { width: 540px; }\r\n.grids-12 .grid-10{ width: 600px; }\r\n.grids-12 .grid-11{ width: 660px; }\r\n.grids-12 .grid-12{ width: 720px; }\r\n\r\n.grids-24 .grid-1 { width:  40px; }\r\n.grids-24 .grid-2 { width:  80px; }\r\n.grids-24 .grid-3 { width: 120px; }\r\n.grids-24 .grid-4 { width: 160px; }\r\n.grids-24 .grid-5 { width: 200px; }\r\n.grids-24 .grid-6 { width: 240px; }\r\n.grids-24 .grid-7 { width: 280px; }\r\n.grids-24 .grid-8 { width: 320px; }\r\n.grids-24 .grid-9 { width: 360px; }\r\n.grids-24 .grid-10{ width: 400px; }\r\n.grids-24 .grid-11{ width: 440px; }\r\n.grids-24 .grid-12{ width: 480px; }\r\n.grids-24 .grid-13{ width: 520px; }\r\n.grids-24 .grid-14{ width: 560px; }\r\n.grids-24 .grid-15{ width: 600px; }\r\n.grids-24 .grid-16{ width: 640px; }\r\n.grids-24 .grid-17{ width: 680px; }\r\n.grids-24 .grid-18{ width: 720px; }\r\n.grids-24 .grid-19{ width: 760px; }\r\n.grids-24 .grid-20{ width: 800px; }\r\n.grids-24 .grid-21{ width: 840px; }\r\n.grids-24 .grid-22{ width: 880px; }\r\n.grids-24 .grid-23{ width: 920px; }\r\n.grids-24 .grid-24{ width: 960px; }\r\n\r\n}\r\n\r\n.gutter{\r\n	margin-left: 20px;\r\n	margin-right: 20px;\r\n}\r\n\r\n.gutter.first{\r\n	margin-left: 0 !important;\r\n}\r\n\r\n.gutter.last{\r\n	margin-right: 0 !important;\r\n}\r\n\r\n.gutter-left{\r\n	margin-left: 20px;\r\n}\r\n\r\n.gutter-right{\r\n	margin-right: 20px;\r\n}\r\n\r\n/*=======================================================*/\r\n/*== Header =============================================*/\r\n/*=======================================================*/\r\n\r\n.skip{\r\n}\r\n\r\n.skip a{\r\n	background-color: #eadf9c;\r\n	border-radius: 0 0 3px 3px;\r\n	-moz-border-radius: 0 0 3px 3px;\r\n	-webkit-border-radius: 0 0 3px 3px;\r\n	left: 0;\r\n	margin: auto;\r\n	position: absolute;\r\n	right: 0;\r\n	text-align: center;\r\n	top: -999em;\r\n	width: 200px;\r\n}\r\n\r\n.skip a:focus{\r\n	top: 0;\r\n}\r\n\r\n.hwrapper{\r\n	background: url(\"data:image/png;base64,iVBORw0KGgoAAAANSUhEUgAAAAEAAAAQCAYAAADXnxW3AAAAHElEQVQY02NhYGCwYQESv+HEH1QuEcR/EMEAJgAn3g1Btm9kDwAAAABJRU5ErkJggg%3D%3D\") repeat-x bottom center;\r\n	margin-bottom: -10px;\r\n	padding-bottom: 16px;\r\n}\r\n\r\n#top-strip{\r\n	background-color: #4b4840;\r\n}\r\n\r\n#top-strip ul{\r\n	font-size: 0;\r\n	list-style: none;\r\n	margin: 0;\r\n	padding: 4px 0;\r\n}\r\n\r\n#top-strip ul > li > a{\r\n	border-left: 1px solid #aaa;\r\n	color: #fff;\r\n	display: block;\r\n	font-size: 11px;\r\n	font-weight: bold;\r\n	padding: 0 6px;\r\n	text-decoration: none;\r\n}\r\n\r\n#top-strip ul > li.idx > a{\r\n	border-left: 0;\r\n	border-radius: 2px;\r\n	padding: 0 3px;\r\n	min-width: 7px;\r\n	text-align: center;\r\n}\r\n\r\n#top-strip ul > li > a:hover{\r\n	text-decoration: underline;\r\n}\r\n\r\n#top-strip ul > li.idx > a:hover{\r\n	background: #777;\r\n	text-decoration: none;\r\n}\r\n\r\n#top-strip ul > li.border.first > a{\r\n	margin-left: 3px;\r\n}\r\n\r\n#top-strip ul.left > li:first-child > a{\r\n	border-left: 0;\r\n	padding-left: 0;\r\n}\r\n\r\n#top-strip ul.right > li.last > a{\r\n	padding-right: 0;\r\n}\r\n\r\n/*=======================================================*/\r\n\r\n#ribbon{\r\n	background-color: #cb1a2a;\r\n	background-image: url(\"data:image/png;base64,iVBORw0KGgoAAAANSUhEUgAAAAEAAABVCAYAAACICo5oAAAAI0lEQVQoz2NhAAIWfAQLXi42gpUU80hSTIRt1DaPvq7HrQMAVaYBmH7x3TUAAAAASUVORK5CYII=\");\r\n	background-image: -moz-linear-gradient(transparent, rgba(0, 0, 0, 0.28));\r\n	background-image: -webkit-gradient(linear, left top, left bottom, from(transparent), to(rgba(0, 0, 0, 0.28)));\r\n	background-position: bottom center;\r\n	background-repeat: repeat-x;\r\n	border-top: 1px solid #888;\r\n	border-bottom: 6px solid #dfbd00;\r\n}\r\n\r\n#ribbon a{\r\n	outline: none;\r\n}\r\n\r\n#ribbon h1{\r\n	margin-top: 14px;\r\n	margin-bottom: 9px;\r\n}\r\n\r\n#ribbon h1 > a{\r\n	display: block;\r\n	height: 60px;\r\n	overflow: hidden;\r\n	width: 320px;\r\n}\r\n\r\n#ribbon h2{\r\n	color: #fff;\r\n	font-family: lucida grande, lucida sans unicode, arial, sans-serif;\r\n	font-weight: normal;\r\n	margin-top: 0;\r\n	margin-bottom: 12px;\r\n	text-shadow: 0 1px 3px #333;\r\n}\r\n\r\n#ribbon h2 > a{\r\n	color: #fff;\r\n	text-decoration: none;\r\n}\r\n\r\n#ribbon h2 > a:hover{\r\n	text-shadow: 0 0 6px rgba(255, 255, 255, 0.4), 0 1px 3px #333;\r\n}\r\n\r\n#ribbon h2.site-tagline{\r\n	text-align: right;\r\n}\r\n\r\n#ribbon form{\r\n	font-size: 0;\r\n	margin-top: 19px;\r\n	margin-bottom: 0;\r\n	text-align: right;\r\n}\r\n\r\n#ribbon form > input.search-input{\r\n	background: #97141f;\r\n	background: rgba(0, 0, 0, 0.18);\r\n	border: 2px solid #dfbd00;\r\n	box-shadow: 0 0 3px rgba(0, 0, 0, 0.3) inset;\r\n	-moz-box-shadow: 0 0 3px rgba(0, 0, 0, 0.3) inset;\r\n	-webkit-box-shadow: 0 0 3px rgba(0, 0, 0, 0.3) inset;\r\n	color: #fff;\r\n	height: 16px;\r\n	line-height: 16px;\r\n	margin: 0;\r\n	padding: 1px;\r\n	width: 180px;\r\n}\r\n\r\n#ribbon form > input.search-input::-webkit-input-placeholder{\r\n	color: #fff;\r\n}\r\n\r\n#ribbon form > input.search-button {\r\n	background: #dfbd00 url(/uploads/images/sprite.png) no-repeat 0 -65px;\r\n	border: 0;\r\n	cursor: pointer;\r\n	height: 22px;\r\n	margin: 0 0 0 -1px;\r\n	padding: 0;\r\n	vertical-align: bottom;\r\n	width: 22px;\r\n}\r\n\r\n.lt-ie8 #ribbon form > input.search-button{\r\n	vertical-align: baseline;\r\n}\r\n\r\n#ribbon form > a{\r\n	border-right: 1px solid rgba(255, 255, 255, 0.3);\r\n	color: #fff;\r\n	display: inline-block;\r\n	font-size: 11px;\r\n	margin-left: 6px;\r\n	margin-top: 2px;\r\n	padding-right: 6px;\r\n}\r\n\r\n#ribbon form > a:last-child{\r\n	border-right: 0;\r\n	padding-right: 0;\r\n}\r\n\r\n/*=======================================================*/\r\n/*== Content ============================================*/\r\n/*=======================================================*/\r\n\r\n#container{\r\n	background: #fff;\r\n	border: 1px solid #c8c2a7;\r\n	margin: -16px auto;\r\n	width: 960px;\r\n}\r\n\r\n#titlebar h1{\r\n	border-bottom: 1px solid #c8c2a7;\r\n	font-size: 22px;\r\n	font-weight: normal;\r\n	margin: 0;\r\n	padding: 6px 10px;\r\n}\r\n\r\n#titlebar h1 > a{\r\n	color: #444;\r\n	text-decoration: none;\r\n}\r\n\r\n#titlebar h1 > a:hover{\r\n	color: #666;\r\n	text-decoration: none;\r\n}\r\n\r\n/*=======================================================*/\r\n\r\n#content{\r\n        padding:20px;\r\n	min-height: 480px;\r\nbackground:url(\"data:image/png;base64,iVBORw0KGgoAAAANSUhEUgAAAAEAAAAQCAYAAADXnxW3AAAAHElEQVQY02NhYGCwYQESv+HEH1QuEcR/EMEAJgAn3g1Btm9kDwAAAABJRU5ErkJggg%3D%3D\") repeat-x scroll center top transparent;\r\n}\r\n\r\n#content h1{\r\n    color: #CB1A2A;\r\n    font: bold 24px times,sans-serif;\r\n}\r\n\r\n#content h1 > a{\r\n	color: #CB1A2A;\r\n	text-decoration: none;\r\n}\r\n\r\n/*=======================================================*/\r\n/*== Sidebars ===========================================*/\r\n/*=======================================================*/\r\n\r\n#left-sidebar{\r\n	margin-bottom: 150px;\r\n}\r\n\r\n#left-sidebar ul.navigation, #left-sidebar ul.navigation ul{\r\n	list-style: none;\r\n	margin: 0 0 12px;\r\n	padding: 0;\r\n}\r\n\r\n#left-sidebar ul.navigation ul{\r\n	margin-bottom: 0;\r\n}\r\n\r\n#left-sidebar ul.navigation span,\r\n#left-sidebar ul.navigation a{\r\n	border-bottom: 1px solid #c8c2a7;\r\n	color: #222;\r\n	display: block;\r\n	padding: 2px 10px;\r\n}\r\n\r\n#left-sidebar ul.navigation a{\r\n	text-decoration: none;\r\n	-moz-transition: background-color 0.2s;\r\n	-webkit-transition: background-color 0.2s;\r\n}\r\n\r\n#left-sidebar ul.navigation li.selected > a{\r\n	color: #fff;\r\n	font-weight: bold;\r\n}\r\n\r\n/* First level */\r\n\r\n#left-sidebar ul.navigation > li > span,\r\n#left-sidebar ul.navigation > li.selected > a{\r\n	background-image: url(\"data:image/png;base64,iVBORw0KGgoAAAANSUhEUgAAAAEAAAAZCAYAAADwkER/AAAAIElEQVQY02NgYGBgZIIRTKgEM5yFTRZNHSMqC5ssumIAF1EAYnirD50AAAAASUVORK5CYII%3D\");\r\n	background-image: -moz-linear-gradient(transparent, rgba(0, 0, 0, 0.2));\r\n	background-image: -webkit-gradient(linear, left top, left bottom, from(transparent), to(rgba(0, 0, 0, 0.2)));\r\n	background-position: bottom center;\r\n	background-repeat: repeat-x;\r\n}\r\n\r\n#left-sidebar ul.navigation > li > span{\r\n	background-color: #666;\r\n	border-color: #555;\r\n	color: #fff;\r\n	cursor: default;\r\n	font-weight: bold;\r\n}\r\n\r\n#left-sidebar ul.navigation > li > a:hover{\r\n	background-color: #d8d5cb;\r\n}\r\n\r\n#left-sidebar ul.navigation > li.selected > a{\r\n	background-color: #cb1a2a;\r\n	border-color: #930e1c;\r\n}\r\n\r\n/* Second level */\r\n\r\n#left-sidebar ul.navigation > li > ul > li > a{\r\n	background-color: #ccc;\r\n	background-color: rgba(0, 0, 0, 0.2);\r\n	border-color: #a7a7a7;\r\n	padding-left: 20px;\r\n}\r\n\r\n#left-sidebar ul.navigation > li > ul > li > a:hover{\r\n	background-color: #b8b8b8;\r\n}\r\n\r\n#left-sidebar ul.navigation > li > ul > li.selected > a{\r\n	background-color: #999;\r\n	border-color: #808080;\r\n}\r\n\r\n/* Third level */\r\n\r\n#left-sidebar ul.navigation > li > ul > li > ul > li > a{\r\n	background-color: #e6e6e6;\r\n	background-color: rgba(0, 0, 0, 0.1);\r\n	border-color: #bfbfbf;\r\n	padding-left: 30px;\r\n}\r\n\r\n#left-sidebar ul.navigation > li > ul > li > ul > li > a:hover{\r\n	background-color: #d9d9d9;\r\n}\r\n\r\n#left-sidebar ul.navigation > li > ul > li > ul > li.selected > a{\r\n	background-color: #aba69a;\r\n	border-color: #918d83;\r\n}\r\n\r\n/*==============*/\r\n\r\n#left-sidebar ul.navigation{\r\n	background: url(\"data:image/png;base64,iVBORw0KGgoAAAANSUhEUgAAAAwAAAABCAYAAADq6085AAAAHklEQVQY02NkAILb144zAyluIOaCYm4kPojmhIkBAHLiAuZ155StAAAAAElFTkSuQmCC\") repeat-y right center;\r\n}\r\n\r\n#left-sidebar ul.navigation:after{\r\n	background: url(\"data:image/png;base64,iVBORw0KGgoAAAANSUhEUgAAABIAAACWCAYAAADT79iZAAADjUlEQVRo3s1Zy3LbQAwDsR/fX259cS9JR14RBCTl0IMmnkii+QTAdb3f718AXgD+HK5X8/n31+fX1+fjvRcBEEAdLm5/v6+1PfPxHA//vGJ0v1/dixxeXMIjsrlRwkv1bB0N1RAChRHuoSV5mb6Ae46mcOxnfiVwCtGFjz1HKqlJQf6FtsI+Uq3B7xuYmq0xcOonBt/MaTSODUnTK2XGA2pEKhgbdqF18U8z11aOylXj1clDDnNVBmKqm7Wx2Y4d3PRcG9rUlEuETmwv42LZP6p3fHE1xlSSx9AwJNf2G4McdBU9fSnDflHXx4hM7T8lHM6jSsDeEWRCjpJFUuqpieum3MCU3HL/PlNJH3E30HnEhN+mB9aQH05MuxtASI7Vgb8jzO7e6jyCeHk5atq9UZWC8BCqjxCw7IjZNYTQIcPqGlKNgxMWktcwlHm5Do95y/DdSEcMQqvOozLXpFKkRysYVAkjTqmpMKUaKaMb23QkdFRX1UjC9eNS44CrzPDWpGoVMi71PAMmjZYdBso12ZxIoTKcrgQ+d9xig780eN3lbzGYrUTB2e61U690drKCts/RrKCdtm63Tje0DqdOS41StQ5B5b7WkcG6sx3BjULTtK2qdeioEl9Xt+pvr9F5NEErAjZph7YaHRl1vlvFK0BN6VGp7p0K4nZ9DMY+tGYnjdlIGxd6JawxtcM6JhvhzjERxYnXgPBQReFRAmSYyJQGi5yiK6VqbS4UlrPpC7cRVbJBWomn5o7hjFnOSwA/ktBOxkygb+UxLkhlOnk8oaZcRRGIBdsGbJaZhBBaxea4jMn9q1ujXEdpquSSXXuyIWRwfGTfMeel3OzJxtCQHNaHNrRkrZJJV6ExTHp1hhBwPCfptxvCBdknPUqAvz1g6Awli8ypurshuBcwHPoiCM+JLSYeTduSzBGC0st1fQptUrblDLnwJPjDhBf9GugMpXzHKbRkzYLzCBdYF5NHCFmXiUfpEkjnkZM0UR8hkDZMDQHZsZkNDQnnp4bSI7JKPaKDl8SQO86IPAKCffaKIfsbUmIo+nUrNeRWsMijhFl4x5A8iMKN8CI6chh+efod9FrKTrv8VtXwBGqTFsDVqgFGB9wJ7RbUTnOHu8lW0Hs5tGlobxl61Nl2XO4YkicRuOkVn4YmD32fhnbbI0D8UvMkR4+q1lbuiUf/T/m7PD029DhHp4T/VGj8qdDqL/SUIYq3/kI5AAAAAElFTkSuQmCC\") no-repeat bottom right;\r\n	content: \'\';\r\n	display: block;\r\n	height: 150px;\r\n	margin-bottom: -150px;\r\n}\r\n\r\n#left-sidebar .sidebar-item{\r\n	margin: 12px 6px;\r\n}\r\n\r\n#right-sidebar .sidebar-item{\r\n	margin: 12px;\r\n	margin-left: 0;\r\n}\r\n\r\n.sidebar-item h3.title{\r\n	border-bottom: 2px solid #dfbd00;\r\n}\r\n\r\n.sidebar-item h4.title{\r\n	background: #f5e39a;\r\n	border-top: 2px solid #dfbd00;\r\n	margin-bottom: 4px;\r\n	padding: 1px 4px;\r\n}\r\n\r\n.sidebar-item .figure > .caption{\r\n	font-size: 11px;\r\n}\r\n\r\n#right-sidebar ul{\r\n	margin-bottom: 3px;\r\n}\r\n\r\n/*=======================================================*/\r\n/*== Footer =============================================*/\r\n/*=======================================================*/\r\n\r\n.fwrapper{\r\n	margin-top: 16px;\r\n}\r\n\r\n#footer{\r\n	background-color: #4B4840;\r\n        color: #FFFFFF;	\r\n	padding-bottom: 25px;\r\n	padding-top: 25px;\r\n}\r\n\r\n#footer a.nameplate{\r\n	border-right: 1px dashed #939086;\r\n	display: block;\r\n	height: 33px;\r\n	margin: 0 -9px 0 0;\r\n	padding-left: 9px;\r\n	padding-right: 9px;\r\n	overflow: hidden;\r\n	position: relative;\r\n	width: 102px;\r\n}\r\n\r\n#footer a.nameplate > img{\r\n	left: -9px;\r\n	position: relative;\r\n	top: -32px;\r\n}\r\n\r\n#footer p{\r\n	font-size: 11px;\r\n	font-weight: bold;\r\n	line-height: 16px;\r\n	margin: 0 9px;\r\n}\r\n\r\n#footer p:first-child{\r\n	margin-bottom: 1px;\r\n}\r\n\r\n/*=======================================================*/\r\n/*== Misc ===============================================*/\r\n/*=======================================================*/\r\n\r\n.flush-bottom{\r\n	margin-bottom: 0;\r\n}\r\n\r\n.flush-top{\r\n	margin-top: 3px;\r\n}\r\n\r\n/*=======================================================*/\r\n/*== Print ==============================================*/\r\n/*=======================================================*/\r\n\r\n@media print {\r\n\r\n.noprint{\r\n	display: none;\r\n}\r\n\r\n.hwrapper, #left-sidebar, #right-sidebar, #footer .first{\r\n	display: none;\r\n}\r\n\r\n#container{\r\n	background: none;\r\n	padding-top: 0;\r\n}\r\n\r\na{\r\n	color: blue;\r\n}\r\n\r\n#container, #container > .grids-24, #content{\r\n	border: 0;\r\n	margin: 0;\r\n	width: auto;\r\n}\r\n\r\n#content .figure{\r\n	border: 0;\r\n	box-shadow: none;\r\n	-moz-box-shadow: none;\r\n	-webkit-box-shadow: none;\r\n}\r\n\r\n#content .figure img, #content .figure > .caption{\r\n	margin: 0;\r\n	padding: 0;\r\n	text-align: left;\r\n}\r\n\r\n}\r\n','','','2013-10-03 13:21:09','2013-10-17 13:28:02'),(56,'Investigator','.investigator_row{\r\n}\r\n\r\n.investigator_profile{\r\n   height: 200px;\r\n   width: 46%;\r\n   float:left;\r\n   border: 0.5px solid #DDD;\r\n   border-radius:5px;\r\n   -moz-box-shadow: 5px 5px 5px #888;\r\n   -webkit-box-shadow: 5px 5px 5px #888;\r\n   box-shadow: 5px 5px 5px #888;\r\n   padding:10px;\r\n   margin:5px;\r\n}\r\n\r\n.investigator_information{\r\n  height: 200px;\r\n  float:right;\r\n  width: 66%;\r\n}\r\n\r\n.name{\r\n  font-size:1.7em;\r\n}\r\n\r\n.title{\r\n  font-size:1.2em;\r\n  font-style: italic;\r\n}\r\n\r\ndiv.profile_image{\r\n  float:left;\r\n  margin-right: 15px;\r\n  border-radius:10px;\r\n  max-height:200px;\r\n  -moz-box-shadow: 4px 4px 2px #BBB;\r\n  -webkit-box-shadow: 4px 4px 2px #BBB;\r\n  box-shadow: 4px 4px 2px #BBB;\r\n  overflow:hidden;\r\n}\r\n\r\n.profile_image img{\r\n   max-width:125px;\r\n}','','','2013-10-17 12:11:23','2013-10-17 15:18:07');
/*!40000 ALTER TABLE `cms_css` ENABLE KEYS */;
UNLOCK TABLES;

--
-- Table structure for table `cms_css_assoc`
--

DROP TABLE IF EXISTS `cms_css_assoc`;
/*!40101 SET @saved_cs_client     = @@character_set_client */;
/*!40101 SET character_set_client = utf8 */;
CREATE TABLE `cms_css_assoc` (
  `assoc_to_id` int(11) DEFAULT NULL,
  `assoc_css_id` int(11) DEFAULT NULL,
  `assoc_type` varchar(80) DEFAULT NULL,
  `create_date` datetime DEFAULT NULL,
  `modified_date` datetime DEFAULT NULL,
  `assoc_order` int(11) DEFAULT NULL,
  KEY `cms_index_css_assoc_by_assoc_to_id` (`assoc_to_id`),
  KEY `cms_index_css_assoc_by_assoc_css_id` (`assoc_css_id`)
) ENGINE=MyISAM DEFAULT CHARSET=utf8;
/*!40101 SET character_set_client = @saved_cs_client */;

--
-- Dumping data for table `cms_css_assoc`
--

LOCK TABLES `cms_css_assoc` WRITE;
/*!40000 ALTER TABLE `cms_css_assoc` DISABLE KEYS */;
INSERT INTO `cms_css_assoc` VALUES (17,41,'template','2006-07-25 21:22:32','2006-07-25 21:22:32',4),(16,39,'template','2006-07-25 21:22:32','2006-07-25 21:22:32',1),(18,31,'template','2006-07-25 21:22:32','2006-07-25 21:22:32',4),(18,35,'template','2006-07-25 21:22:32','2006-07-25 21:22:32',5),(18,30,'template','2006-07-25 21:22:32','2006-07-25 21:22:32',6),(18,38,'template','2006-07-25 21:22:32','2006-07-25 21:22:32',2),(18,42,'template','2009-04-30 17:44:09','2009-04-30 17:44:09',3),(18,39,'template','2006-07-25 21:22:32','2006-07-25 21:22:32',1),(16,31,'template','2006-07-25 21:22:32','2006-07-25 21:22:32',4),(16,34,'template','2006-07-25 21:22:32','2006-07-25 21:22:32',2),(16,35,'template','2006-07-25 21:22:32','2006-07-25 21:22:32',3),(16,30,'template','2006-07-25 21:22:32','2006-07-25 21:22:32',5),(15,31,'template','2006-07-25 21:22:32','2006-07-25 21:22:32',3),(15,33,'template','2006-07-25 21:22:32','2006-07-25 21:22:32',2),(15,32,'template','2006-07-25 21:22:32','2006-07-25 21:22:32',1),(15,30,'template','2006-07-25 21:22:32','2006-07-25 21:22:32',4),(15,35,'template','2006-07-25 21:22:32','2006-07-25 21:22:32',5),(17,32,'template','2006-07-25 21:22:32','2006-07-25 21:22:32',1),(17,35,'template','2006-07-25 21:22:32','2006-07-25 21:22:32',3),(17,30,'template','2006-07-25 21:22:32','2006-07-25 21:22:32',5),(17,42,'template','2009-04-30 01:10:05','2009-04-30 01:10:05',2),(17,31,'template','2006-07-25 21:22:32','2006-07-25 21:22:32',6),(20,39,'template','2009-05-01 04:30:42','2009-05-01 04:30:42',1),(20,31,'template','2009-05-01 04:30:42','2009-05-01 04:30:42',4),(20,43,'template','2009-05-01 04:33:01','2009-05-01 04:33:01',2),(20,35,'template','2009-05-01 04:30:42','2009-05-01 04:30:42',3),(20,30,'template','2009-05-01 04:30:42','2009-05-01 04:30:42',5),(21,31,'template','2009-05-01 23:17:51','2009-05-01 23:17:51',3),(21,45,'template','2009-05-02 00:20:26','2009-05-02 00:20:26',2),(21,32,'template','2009-05-01 23:17:51','2009-05-01 23:17:51',1),(21,30,'template','2009-05-01 23:17:51','2009-05-01 23:17:51',4),(21,35,'template','2009-05-01 23:17:51','2009-05-01 23:17:51',5),(15,46,'template','2009-05-02 15:05:19','2009-05-02 15:05:19',6),(21,46,'template','2009-05-02 15:05:22','2009-05-02 15:05:22',6),(16,46,'template','2009-05-02 15:05:24','2009-05-02 15:05:24',6),(20,46,'template','2009-05-02 15:05:27','2009-05-02 15:05:27',6),(17,46,'template','2009-05-02 15:05:29','2009-05-02 15:05:29',7),(22,48,'template','2009-05-06 14:31:08','2009-05-06 14:31:08',1),(18,46,'template','2009-05-02 15:05:34','2009-05-02 15:05:34',7),(22,47,'template','2009-05-06 14:31:14','2009-05-06 14:31:14',2),(22,49,'template','2009-05-06 14:31:20','2009-05-06 14:31:20',3),(23,50,'template','2012-04-24 13:16:37','2012-04-24 13:16:37',2),(23,51,'template','2012-04-24 13:16:44','2012-04-24 13:16:44',3),(23,52,'template','2012-04-26 07:47:34','2012-04-26 07:47:34',1),(23,53,'template','2012-04-30 12:28:14','2012-04-30 12:28:14',4),(24,54,'template','2013-10-03 13:22:09','2013-10-03 13:22:09',1),(24,55,'template','2013-10-03 13:22:15','2013-10-03 13:22:15',2);
/*!40000 ALTER TABLE `cms_css_assoc` ENABLE KEYS */;
UNLOCK TABLES;

--
-- Table structure for table `cms_css_seq`
--

DROP TABLE IF EXISTS `cms_css_seq`;
/*!40101 SET @saved_cs_client     = @@character_set_client */;
/*!40101 SET character_set_client = utf8 */;
CREATE TABLE `cms_css_seq` (
  `id` int(11) NOT NULL
) ENGINE=MyISAM DEFAULT CHARSET=utf8;
/*!40101 SET character_set_client = @saved_cs_client */;

--
-- Dumping data for table `cms_css_seq`
--

LOCK TABLES `cms_css_seq` WRITE;
/*!40000 ALTER TABLE `cms_css_seq` DISABLE KEYS */;
INSERT INTO `cms_css_seq` VALUES (56);
/*!40000 ALTER TABLE `cms_css_seq` ENABLE KEYS */;
UNLOCK TABLES;

--
-- Table structure for table `cms_event_handler_seq`
--

DROP TABLE IF EXISTS `cms_event_handler_seq`;
/*!40101 SET @saved_cs_client     = @@character_set_client */;
/*!40101 SET character_set_client = utf8 */;
CREATE TABLE `cms_event_handler_seq` (
  `id` int(11) NOT NULL
) ENGINE=MyISAM DEFAULT CHARSET=utf8;
/*!40101 SET character_set_client = @saved_cs_client */;

--
-- Dumping data for table `cms_event_handler_seq`
--

LOCK TABLES `cms_event_handler_seq` WRITE;
/*!40000 ALTER TABLE `cms_event_handler_seq` DISABLE KEYS */;
INSERT INTO `cms_event_handler_seq` VALUES (13);
/*!40000 ALTER TABLE `cms_event_handler_seq` ENABLE KEYS */;
UNLOCK TABLES;

--
-- Table structure for table `cms_event_handlers`
--

DROP TABLE IF EXISTS `cms_event_handlers`;
/*!40101 SET @saved_cs_client     = @@character_set_client */;
/*!40101 SET character_set_client = utf8 */;
CREATE TABLE `cms_event_handlers` (
  `event_id` int(11) DEFAULT NULL,
  `tag_name` varchar(255) DEFAULT NULL,
  `module_name` varchar(160) DEFAULT NULL,
  `removable` int(11) DEFAULT NULL,
  `handler_order` int(11) DEFAULT NULL,
  `handler_id` int(11) NOT NULL,
  PRIMARY KEY (`handler_id`)
) ENGINE=MyISAM DEFAULT CHARSET=utf8;
/*!40101 SET character_set_client = @saved_cs_client */;

--
-- Dumping data for table `cms_event_handlers`
--

LOCK TABLES `cms_event_handlers` WRITE;
/*!40000 ALTER TABLE `cms_event_handlers` DISABLE KEYS */;
INSERT INTO `cms_event_handlers` VALUES (38,NULL,'MenuManager',0,1,1),(40,NULL,'MenuManager',0,1,2),(38,NULL,'Search',0,2,3),(40,NULL,'Search',0,2,4),(48,NULL,'Search',0,1,5),(53,NULL,'Showtime',0,1,6),(53,NULL,'TinyMCE',0,2,7),(53,NULL,'MultiDomains',0,3,8),(53,NULL,'FrontEndUsers',0,4,9),(53,NULL,'CGExtensions',0,5,10),(75,NULL,'EventsManager',1,1,11),(47,NULL,'SelfRegistration',0,1,12),(48,NULL,'SelfRegistration',0,2,13);
/*!40000 ALTER TABLE `cms_event_handlers` ENABLE KEYS */;
UNLOCK TABLES;

--
-- Table structure for table `cms_events`
--

DROP TABLE IF EXISTS `cms_events`;
/*!40101 SET @saved_cs_client     = @@character_set_client */;
/*!40101 SET character_set_client = utf8 */;
CREATE TABLE `cms_events` (
  `originator` varchar(200) NOT NULL,
  `event_name` varchar(200) NOT NULL,
  `event_id` int(11) NOT NULL,
  PRIMARY KEY (`event_id`),
  KEY `cms_originator` (`originator`),
  KEY `cms_event_name` (`event_name`),
  KEY `cms_event_id` (`event_id`)
) ENGINE=MyISAM DEFAULT CHARSET=utf8;
/*!40101 SET character_set_client = @saved_cs_client */;

--
-- Dumping data for table `cms_events`
--

LOCK TABLES `cms_events` WRITE;
/*!40000 ALTER TABLE `cms_events` DISABLE KEYS */;
INSERT INTO `cms_events` VALUES ('Core','LoginPost',1),('Core','LogoutPost',2),('Core','AddUserPre',3),('Core','AddUserPost',4),('Core','EditUserPre',5),('Core','EditUserPost',6),('Core','DeleteUserPre',7),('Core','DeleteUserPost',8),('Core','AddGroupPre',9),('Core','AddGroupPost',10),('Core','EditGroupPre',11),('Core','EditGroupPost',12),('Core','DeleteGroupPre',13),('Core','DeleteGroupPost',14),('Core','AddStylesheetPre',15),('Core','AddStylesheetPost',16),('Core','EditStylesheetPre',17),('Core','EditStylesheetPost',18),('Core','DeleteStylesheetPre',19),('Core','DeleteStylesheetPost',20),('Core','AddTemplatePre',21),('Core','AddTemplatePost',22),('Core','EditTemplatePre',23),('Core','EditTemplatePost',24),('Core','DeleteTemplatePre',25),('Core','DeleteTemplatePost',26),('Core','TemplatePreCompile',27),('Core','TemplatePostCompile',28),('Core','AddGlobalContentPre',29),('Core','AddGlobalContentPost',30),('Core','EditGlobalContentPre',31),('Core','EditGlobalContentPost',32),('Core','DeleteGlobalContentPre',33),('Core','DeleteGlobalContentPost',34),('Core','GlobalContentPreCompile',35),('Core','GlobalContentPostCompile',36),('Core','ContentEditPre',37),('Core','ContentEditPost',38),('Core','ContentDeletePre',39),('Core','ContentDeletePost',40),('Core','AddUserDefinedTagPre',41),('Core','AddUserDefinedTagPost',42),('Core','EditUserDefinedTagPre',43),('Core','EditUserDefinedTagPost',44),('Core','DeleteUserDefinedTagPre',45),('Core','DeleteUserDefinedTagPost',46),('Core','ModuleInstalled',47),('Core','ModuleUninstalled',48),('Core','ModuleUpgraded',49),('Core','ContentStylesheet',50),('Core','ContentPreCompile',51),('Core','ContentPostCompile',52),('Core','ContentPostRender',53),('Core','SmartyPreCompile',54),('Core','SmartyPostCompile',55),('Core','ChangeGroupAssignPre',56),('Core','ChangeGroupAssignPost',57),('Core','StylesheetPreCompile',58),('Core','StylesheetPostCompile',59),('Core','LoginFailed',60),('Core','TemplatePreFetch',61),('FileManager','OnFileUploaded',62),('News','NewsArticleAdded',63),('News','NewsArticleEdited',64),('News','NewsArticleDeleted',65),('News','NewsCategoryAdded',66),('News','NewsCategoryEdited',67),('News','NewsCategoryDeleted',68),('Search','SearchInitiated',69),('Search','SearchCompleted',70),('Search','SearchItemAdded',71),('Search','SearchItemDeleted',72),('Search','SearchAllItemsDeleted',73),('Showtime','OnShowtimePreferenceChange',74),('FrontEndUsers','OnLogin',75),('FrontEndUsers','OnLogout',76),('FrontEndUsers','OnExpireUser',77),('FrontEndUsers','OnCreateUser',78),('FrontEndUsers','OnDeleteUser',79),('FrontEndUsers','OnUpdateUser',80),('FrontEndUsers','OnCreateGroup',81),('FrontEndUsers','OnUpdateGroup',82),('FrontEndUsers','OnDeleteGroup',83),('FrontEndUsers',' OnRefreshUser',84),('EventsManager','EventsManagerEventAdded',85),('EventsManager','EventsManagerEventEdited',86),('EventsManager','EventsManagerEventDeleted',87),('EventsManager','EventsManagerCategoryAdded',88),('EventsManager','EventsManagerCategoryEdited',89),('EventsManager','EventsManagerCategoryDeleted',90),('EventsManager','EventsManagerRegistrationAdded',91),('EventsManager','EventsManagerRegistrationEdited',92),('SelfRegistration','onNewUser',93),('SelfRegistration','onUserRegistered',94);
/*!40000 ALTER TABLE `cms_events` ENABLE KEYS */;
UNLOCK TABLES;

--
-- Table structure for table `cms_events_seq`
--

DROP TABLE IF EXISTS `cms_events_seq`;
/*!40101 SET @saved_cs_client     = @@character_set_client */;
/*!40101 SET character_set_client = utf8 */;
CREATE TABLE `cms_events_seq` (
  `id` int(11) NOT NULL
) ENGINE=MyISAM DEFAULT CHARSET=utf8;
/*!40101 SET character_set_client = @saved_cs_client */;

--
-- Dumping data for table `cms_events_seq`
--

LOCK TABLES `cms_events_seq` WRITE;
/*!40000 ALTER TABLE `cms_events_seq` DISABLE KEYS */;
INSERT INTO `cms_events_seq` VALUES (94);
/*!40000 ALTER TABLE `cms_events_seq` ENABLE KEYS */;
UNLOCK TABLES;

--
-- Table structure for table `cms_group_perms`
--

DROP TABLE IF EXISTS `cms_group_perms`;
/*!40101 SET @saved_cs_client     = @@character_set_client */;
/*!40101 SET character_set_client = utf8 */;
CREATE TABLE `cms_group_perms` (
  `group_perm_id` int(11) NOT NULL,
  `group_id` int(11) DEFAULT NULL,
  `permission_id` int(11) DEFAULT NULL,
  `create_date` datetime DEFAULT NULL,
  `modified_date` datetime DEFAULT NULL,
  PRIMARY KEY (`group_perm_id`),
  KEY `cms_index_group_perms_by_group_id_permission_id` (`group_id`,`permission_id`)
) ENGINE=MyISAM DEFAULT CHARSET=utf8;
/*!40101 SET character_set_client = @saved_cs_client */;

--
-- Dumping data for table `cms_group_perms`
--

LOCK TABLES `cms_group_perms` WRITE;
/*!40000 ALTER TABLE `cms_group_perms` DISABLE KEYS */;
INSERT INTO `cms_group_perms` VALUES (176,3,30,'2009-05-12 08:05:26','2009-05-12 08:05:26'),(177,3,25,'2009-05-12 08:05:26','2009-05-12 08:05:26'),(178,3,4,'2009-05-12 08:05:26','2009-05-12 08:05:26'),(179,3,31,'2009-05-12 08:05:26','2009-05-12 08:05:26'),(180,3,26,'2009-05-12 08:05:26','2009-05-12 08:05:26'),(181,3,22,'2009-05-12 08:05:26','2009-05-12 08:05:26'),(182,3,11,'2009-05-12 08:05:26','2009-05-12 08:05:26'),(183,3,32,'2009-05-12 08:05:26','2009-05-12 08:05:26'),(184,3,27,'2009-05-12 08:05:26','2009-05-12 08:05:26'),(185,3,24,'2009-05-12 08:05:26','2009-05-12 08:05:26'),(186,3,16,'2009-05-12 08:05:26','2009-05-12 08:05:26'),(187,2,44,'2009-05-12 08:05:26','2009-05-12 08:05:26'),(188,1,50,'2013-10-02 16:55:11','2013-10-02 16:55:11'),(189,2,50,'2013-10-02 16:55:11','2013-10-02 16:55:11');
/*!40000 ALTER TABLE `cms_group_perms` ENABLE KEYS */;
UNLOCK TABLES;

--
-- Table structure for table `cms_group_perms_seq`
--

DROP TABLE IF EXISTS `cms_group_perms_seq`;
/*!40101 SET @saved_cs_client     = @@character_set_client */;
/*!40101 SET character_set_client = utf8 */;
CREATE TABLE `cms_group_perms_seq` (
  `id` int(11) NOT NULL
) ENGINE=MyISAM DEFAULT CHARSET=utf8;
/*!40101 SET character_set_client = @saved_cs_client */;

--
-- Dumping data for table `cms_group_perms_seq`
--

LOCK TABLES `cms_group_perms_seq` WRITE;
/*!40000 ALTER TABLE `cms_group_perms_seq` DISABLE KEYS */;
INSERT INTO `cms_group_perms_seq` VALUES (189);
/*!40000 ALTER TABLE `cms_group_perms_seq` ENABLE KEYS */;
UNLOCK TABLES;

--
-- Table structure for table `cms_groups`
--

DROP TABLE IF EXISTS `cms_groups`;
/*!40101 SET @saved_cs_client     = @@character_set_client */;
/*!40101 SET character_set_client = utf8 */;
CREATE TABLE `cms_groups` (
  `group_id` int(11) NOT NULL,
  `group_name` varchar(25) DEFAULT NULL,
  `active` tinyint(4) DEFAULT NULL,
  `create_date` datetime DEFAULT NULL,
  `modified_date` datetime DEFAULT NULL,
  PRIMARY KEY (`group_id`)
) ENGINE=MyISAM DEFAULT CHARSET=utf8;
/*!40101 SET character_set_client = @saved_cs_client */;

--
-- Dumping data for table `cms_groups`
--

LOCK TABLES `cms_groups` WRITE;
/*!40000 ALTER TABLE `cms_groups` DISABLE KEYS */;
INSERT INTO `cms_groups` VALUES (1,'Admin',1,'2006-07-25 21:22:32','2006-07-25 21:22:32'),(2,'Editor',1,'2006-07-25 21:22:32','2006-07-25 21:22:32'),(3,'Designer',1,'2006-07-25 21:22:32','2006-07-25 21:22:32'),(4,'EventUser',1,'2013-10-18 17:50:22','2013-10-18 17:50:22');
/*!40000 ALTER TABLE `cms_groups` ENABLE KEYS */;
UNLOCK TABLES;

--
-- Table structure for table `cms_groups_seq`
--

DROP TABLE IF EXISTS `cms_groups_seq`;
/*!40101 SET @saved_cs_client     = @@character_set_client */;
/*!40101 SET character_set_client = utf8 */;
CREATE TABLE `cms_groups_seq` (
  `id` int(11) NOT NULL
) ENGINE=MyISAM DEFAULT CHARSET=utf8;
/*!40101 SET character_set_client = @saved_cs_client */;

--
-- Dumping data for table `cms_groups_seq`
--

LOCK TABLES `cms_groups_seq` WRITE;
/*!40000 ALTER TABLE `cms_groups_seq` DISABLE KEYS */;
INSERT INTO `cms_groups_seq` VALUES (4);
/*!40000 ALTER TABLE `cms_groups_seq` ENABLE KEYS */;
UNLOCK TABLES;

--
-- Table structure for table `cms_htmlblobs`
--

DROP TABLE IF EXISTS `cms_htmlblobs`;
/*!40101 SET @saved_cs_client     = @@character_set_client */;
/*!40101 SET character_set_client = utf8 */;
CREATE TABLE `cms_htmlblobs` (
  `htmlblob_id` int(11) NOT NULL,
  `htmlblob_name` varchar(255) DEFAULT NULL,
  `html` text,
  `description` text,
  `use_wysiwyg` tinyint(4) DEFAULT NULL,
  `owner` int(11) DEFAULT NULL,
  `create_date` datetime DEFAULT NULL,
  `modified_date` datetime DEFAULT NULL,
  PRIMARY KEY (`htmlblob_id`),
  KEY `cms_index_htmlblobs_by_htmlblob_name` (`htmlblob_name`)
) ENGINE=MyISAM DEFAULT CHARSET=utf8;
/*!40101 SET character_set_client = @saved_cs_client */;

--
-- Dumping data for table `cms_htmlblobs`
--

LOCK TABLES `cms_htmlblobs` WRITE;
/*!40000 ALTER TABLE `cms_htmlblobs` DISABLE KEYS */;
INSERT INTO `cms_htmlblobs` VALUES (1,'footer','<p>&copy; Copyright {custom_copyright} - CMS Made Simple<br />\r\nThis site is powered by <a href=\"http://www.cmsmadesimple.org\">CMS Made Simple</a> version {cms_version}</p>','',1,1,'2006-07-25 21:22:32','2006-07-25 21:22:32');
/*!40000 ALTER TABLE `cms_htmlblobs` ENABLE KEYS */;
UNLOCK TABLES;

--
-- Table structure for table `cms_htmlblobs_seq`
--

DROP TABLE IF EXISTS `cms_htmlblobs_seq`;
/*!40101 SET @saved_cs_client     = @@character_set_client */;
/*!40101 SET character_set_client = utf8 */;
CREATE TABLE `cms_htmlblobs_seq` (
  `id` int(11) NOT NULL
) ENGINE=MyISAM DEFAULT CHARSET=utf8;
/*!40101 SET character_set_client = @saved_cs_client */;

--
-- Dumping data for table `cms_htmlblobs_seq`
--

LOCK TABLES `cms_htmlblobs_seq` WRITE;
/*!40000 ALTER TABLE `cms_htmlblobs_seq` DISABLE KEYS */;
INSERT INTO `cms_htmlblobs_seq` VALUES (1);
/*!40000 ALTER TABLE `cms_htmlblobs_seq` ENABLE KEYS */;
UNLOCK TABLES;

--
-- Table structure for table `cms_module_aire_fielddefs`
--

DROP TABLE IF EXISTS `cms_module_aire_fielddefs`;
/*!40101 SET @saved_cs_client     = @@character_set_client */;
/*!40101 SET character_set_client = utf8 */;
CREATE TABLE `cms_module_aire_fielddefs` (
  `id` int(11) NOT NULL AUTO_INCREMENT,
  `module` varchar(120) DEFAULT NULL,
  `key1` varchar(255) DEFAULT NULL,
  `key2` varchar(255) DEFAULT NULL,
  `key3` varchar(255) DEFAULT NULL,
  `type` varchar(150) DEFAULT NULL,
  `name` varchar(255) DEFAULT NULL,
  `alias` varchar(255) DEFAULT NULL,
  `prompt` varchar(255) DEFAULT NULL,
  `helptext` text,
  `public` int(11) DEFAULT NULL,
  `position` int(11) DEFAULT NULL,
  `attrs` text,
  `create_datetime` datetime DEFAULT NULL,
  `modify_datetime` datetime DEFAULT NULL,
  PRIMARY KEY (`id`)
) ENGINE=MyISAM DEFAULT CHARSET=utf8;
/*!40101 SET character_set_client = @saved_cs_client */;

--
-- Dumping data for table `cms_module_aire_fielddefs`
--

LOCK TABLES `cms_module_aire_fielddefs` WRITE;
/*!40000 ALTER TABLE `cms_module_aire_fielddefs` DISABLE KEYS */;
/*!40000 ALTER TABLE `cms_module_aire_fielddefs` ENABLE KEYS */;
UNLOCK TABLES;

--
-- Table structure for table `cms_module_aire_fieldvals`
--

DROP TABLE IF EXISTS `cms_module_aire_fieldvals`;
/*!40101 SET @saved_cs_client     = @@character_set_client */;
/*!40101 SET character_set_client = utf8 */;
CREATE TABLE `cms_module_aire_fieldvals` (
  `id` int(11) NOT NULL AUTO_INCREMENT,
  `id_fielddef` int(11) DEFAULT NULL,
  `id_entry` int(11) DEFAULT NULL,
  `value` text,
  `create_datetime` datetime DEFAULT NULL,
  `modify_datetime` datetime DEFAULT NULL,
  PRIMARY KEY (`id`)
) ENGINE=MyISAM DEFAULT CHARSET=utf8;
/*!40101 SET character_set_client = @saved_cs_client */;

--
-- Dumping data for table `cms_module_aire_fieldvals`
--

LOCK TABLES `cms_module_aire_fieldvals` WRITE;
/*!40000 ALTER TABLE `cms_module_aire_fieldvals` DISABLE KEYS */;
/*!40000 ALTER TABLE `cms_module_aire_fieldvals` ENABLE KEYS */;
UNLOCK TABLES;

--
-- Table structure for table `cms_module_cge_assocdata`
--

DROP TABLE IF EXISTS `cms_module_cge_assocdata`;
/*!40101 SET @saved_cs_client     = @@character_set_client */;
/*!40101 SET character_set_client = utf8 */;
CREATE TABLE `cms_module_cge_assocdata` (
  `id` int(11) NOT NULL AUTO_INCREMENT,
  `key1` varchar(255) DEFAULT NULL,
  `key2` varchar(255) DEFAULT NULL,
  `key3` varchar(255) DEFAULT NULL,
  `key4` varchar(255) DEFAULT NULL,
  `data` text,
  `type` varchar(20) DEFAULT NULL,
  `expiry` varchar(20) DEFAULT NULL,
  `create_date` datetime DEFAULT NULL,
  `modified_date` datetime DEFAULT NULL,
  PRIMARY KEY (`id`)
) ENGINE=MyISAM DEFAULT CHARSET=utf8;
/*!40101 SET character_set_client = @saved_cs_client */;

--
-- Dumping data for table `cms_module_cge_assocdata`
--

LOCK TABLES `cms_module_cge_assocdata` WRITE;
/*!40000 ALTER TABLE `cms_module_cge_assocdata` DISABLE KEYS */;
/*!40000 ALTER TABLE `cms_module_cge_assocdata` ENABLE KEYS */;
UNLOCK TABLES;

--
-- Table structure for table `cms_module_cge_countries`
--

DROP TABLE IF EXISTS `cms_module_cge_countries`;
/*!40101 SET @saved_cs_client     = @@character_set_client */;
/*!40101 SET character_set_client = utf8 */;
CREATE TABLE `cms_module_cge_countries` (
  `id` int(11) NOT NULL AUTO_INCREMENT,
  `code` varchar(2) NOT NULL,
  `name` varchar(50) DEFAULT NULL,
  `sorting` int(11) DEFAULT '0',
  PRIMARY KEY (`id`,`code`)
) ENGINE=MyISAM AUTO_INCREMENT=239 DEFAULT CHARSET=utf8;
/*!40101 SET character_set_client = @saved_cs_client */;

--
-- Dumping data for table `cms_module_cge_countries`
--

LOCK TABLES `cms_module_cge_countries` WRITE;
/*!40000 ALTER TABLE `cms_module_cge_countries` DISABLE KEYS */;
INSERT INTO `cms_module_cge_countries` VALUES (1,'AF','Afghanistan',0),(2,'AL','Albania',0),(3,'DZ','Algeria',0),(4,'AS','American Samoa',0),(5,'AD','Andorra',0),(6,'AO','Angola',0),(7,'AI','Anguilla',0),(8,'AQ','Antarctica',0),(9,'AG','Antigua And Barbuda',0),(10,'AR','Argentina',0),(11,'AM','Armenia',0),(12,'AW','Aruba',0),(13,'AU','Australia',0),(14,'AT','Austria',0),(15,'AZ','Azerbaijan',0),(16,'BS','Bahamas',0),(17,'BH','Bahrain',0),(18,'BD','Bangladesh',0),(19,'BB','Barbados',0),(20,'BY','Belarus',0),(21,'BE','Belgium',0),(22,'BZ','Belize',0),(23,'BJ','Benin',0),(24,'BM','Bermuda',0),(25,'BT','Bhutan',0),(26,'BO','Bolivia',0),(27,'BA','Bosnia And Herzegowina',0),(28,'BW','Botswana',0),(29,'BV','Bouvet Island',0),(30,'BR','Brazil',0),(31,'IO','British Indian Ocean Territory',0),(32,'BN','Brunei Darussalam',0),(33,'BG','Bulgaria',0),(34,'BF','Burkina Faso',0),(35,'BI','Burundi',0),(36,'KH','Cambodia',0),(37,'CM','Cameroon',0),(38,'CA','Canada',0),(39,'CV','Cape Verde',0),(40,'KY','Cayman Islands',0),(41,'CF','Central African Republic',0),(42,'TD','Chad',0),(43,'CL','Chile',0),(44,'CN','China',0),(45,'CX','Christmas Island',0),(46,'CC','Cocos (Keeling) Islands',0),(47,'CO','Colombia',0),(48,'KM','Comoros',0),(49,'CG','Congo',0),(50,'CK','Cook Islands',0),(51,'CR','Costa Rica',0),(52,'CI','Cote D\'Ivoire',0),(53,'HR','Croatia (Local Name: Hrvatska)',0),(54,'CU','Cuba',0),(55,'CY','Cyprus',0),(56,'CZ','Czech Republic',0),(57,'DK','Denmark',0),(58,'DJ','Djibouti',0),(59,'DM','Dominica',0),(60,'DO','Dominican Republic',0),(61,'TP','East Timor',0),(62,'EC','Ecuador',0),(63,'EG','Egypt',0),(64,'SV','El Salvador',0),(65,'GQ','Equatorial Guinea',0),(66,'ER','Eritrea',0),(67,'EE','Estonia',0),(68,'ET','Ethiopia',0),(69,'FK','Falkland Islands (Malvinas)',0),(70,'FO','Faroe Islands',0),(71,'FJ','Fiji',0),(72,'FI','Finland',0),(73,'FR','France',0),(74,'GF','French Guiana',0),(75,'PF','French Polynesia',0),(76,'TF','French Southern Territories',0),(77,'GA','Gabon',0),(78,'GM','Gambia',0),(79,'GE','Georgia',0),(80,'DE','Germany',0),(81,'GH','Ghana',0),(82,'GI','Gibraltar',0),(83,'GR','Greece',0),(84,'GL','Greenland',0),(85,'GD','Grenada',0),(86,'GP','Guadeloupe',0),(87,'GU','Guam',0),(88,'GT','Guatemala',0),(89,'GN','Guinea',0),(90,'GW','Guinea-Bissau',0),(91,'GY','Guyana',0),(92,'HT','Haiti',0),(93,'HM','Heard And Mc Donald Islands',0),(94,'VA','Holy See (Vatican City State)',0),(95,'HN','Honduras',0),(96,'HK','Hong Kong',0),(97,'HU','Hungary',0),(98,'IS','Icel And',0),(99,'IN','India',0),(100,'ID','Indonesia',0),(101,'IR','Iran (Islamic Republic Of)',0),(102,'IQ','Iraq',0),(103,'IE','Ireland',0),(104,'IL','Israel',0),(105,'IT','Italy',0),(106,'JM','Jamaica',0),(107,'JP','Japan',0),(108,'JO','Jordan',0),(109,'KZ','Kazakhstan',0),(110,'KE','Kenya',0),(111,'KI','Kiribati',0),(112,'KP','Korea',0),(113,'KR','Korea',0),(114,'KW','Kuwait',0),(115,'KG','Kyrgyzstan',0),(116,'LA','Lao People\'S Dem Republic',0),(117,'LV','Latvia',0),(118,'LB','Lebanon',0),(119,'LS','Lesotho',0),(120,'LR','Liberia',0),(121,'LY','Libyan Arab Jamahiriya',0),(122,'LI','Liechtenstein',0),(123,'LT','Lithuania',0),(124,'LU','Luxembourg',0),(125,'MO','Macau',0),(126,'MK','Macedonia',0),(127,'MG','Madagascar',0),(128,'MW','Malawi',0),(129,'MY','Malaysia',0),(130,'MV','Maldives',0),(131,'ML','Mali',0),(132,'MT','Malta',0),(133,'MH','Marshall Islands',0),(134,'MQ','Martinique',0),(135,'MR','Mauritania',0),(136,'MU','Mauritius',0),(137,'YT','Mayotte',0),(138,'MX','Mexico',0),(139,'FM','Micronesia',0),(140,'MD','Moldova',0),(141,'MC','Monaco',0),(142,'MN','Mongolia',0),(143,'MS','Montserrat',0),(144,'MA','Morocco',0),(145,'MZ','Mozambique',0),(146,'MM','Myanmar',0),(147,'NA','Namibia',0),(148,'NR','Nauru',0),(149,'NP','Nepal',0),(150,'NL','Netherlands',0),(151,'AN','Netherlands Ant Illes',0),(152,'NC','New Caledonia',0),(153,'NZ','New Zealand',0),(154,'NI','Nicaragua',0),(155,'NE','Niger',0),(156,'NG','Nigeria',0),(157,'NU','Niue',0),(158,'NF','Norfolk Island',0),(159,'MP','Northern Mariana Islands',0),(160,'NO','Norway',0),(161,'OM','Oman',0),(162,'PK','Pakistan',0),(163,'PW','Palau',0),(164,'PA','Panama',0),(165,'PG','Papua New Guinea',0),(166,'PY','Paraguay',0),(167,'PE','Peru',0),(168,'PH','Philippines',0),(169,'PN','Pitcairn',0),(170,'PL','Poland',0),(171,'PT','Portugal',0),(172,'PR','Puerto Rico',0),(173,'QA','Qatar',0),(174,'RE','Reunion',0),(175,'RO','Romania',0),(176,'RU','Russian Federation',0),(177,'RW','Rwanda',0),(178,'KN','Saint K Itts And Nevis',0),(179,'LC','Saint Lucia',0),(180,'VC','Saint Vincent',0),(181,'WS','Samoa',0),(182,'SM','San Marino',0),(183,'ST','Sao Tome And Principe',0),(184,'SA','Saudi Arabia',0),(185,'SN','Senegal',0),(186,'SC','Seychelles',0),(187,'SL','Sierra Leone',0),(188,'SG','Singapore',0),(189,'SK','Slovakia (Slovak Republic)',0),(190,'SI','Slovenia',0),(191,'SB','Solomon Islands',0),(192,'SO','Somalia',0),(193,'ZA','South Africa',0),(194,'GS','South Georgia',0),(195,'ES','Spain',0),(196,'LK','Sri Lanka',0),(197,'SH','St. Helena',0),(198,'PM','St. Pierre And Miquelon',0),(199,'SD','Sudan',0),(200,'SR','Suriname',0),(201,'SJ','Svalbard',0),(202,'SZ','Sw Aziland',0),(203,'SE','Sweden',0),(204,'CH','Switzerland',0),(205,'SY','Syrian Arab Republic',0),(206,'TW','Taiwan',0),(207,'TJ','Tajikistan',0),(208,'TZ','Tanzania',0),(209,'TH','Thailand',0),(210,'TG','Togo',0),(211,'TK','Tokelau',0),(212,'TO','Tonga',0),(213,'TT','Trinidad And Tobago',0),(214,'TN','Tunisia',0),(215,'TR','Turkey',0),(216,'TM','Turkmenistan',0),(217,'TC','Turks And Caicos Islands',0),(218,'TV','Tuvalu',0),(219,'UG','Uganda',0),(220,'UA','Ukraine',0),(221,'AE','United Arab Emirates',0),(222,'GB','United Kingdom',0),(223,'US','United States',0),(224,'UM','United States Minor Is.',0),(225,'UY','Uruguay',0),(226,'UZ','Uzbekistan',0),(227,'VU','Vanuatu',0),(228,'VE','Venezuela',0),(229,'VN','Viet Nam',0),(230,'VG','Virgin Islands (British)',0),(231,'VI','Virgin Islands (U.S.)',0),(232,'WF','Wallis And Futuna Islands',0),(233,'EH','Western Sahara',0),(234,'YE','Yemen',0),(235,'YU','Yugoslavia',0),(236,'ZR','Zaire',0),(237,'ZM','Zambia',0),(238,'ZW','Zimbabwe',0);
/*!40000 ALTER TABLE `cms_module_cge_countries` ENABLE KEYS */;
UNLOCK TABLES;

--
-- Table structure for table `cms_module_cge_states`
--

DROP TABLE IF EXISTS `cms_module_cge_states`;
/*!40101 SET @saved_cs_client     = @@character_set_client */;
/*!40101 SET character_set_client = utf8 */;
CREATE TABLE `cms_module_cge_states` (
  `id` int(11) NOT NULL AUTO_INCREMENT,
  `code` varchar(2) NOT NULL,
  `name` varchar(50) DEFAULT NULL,
  `sorting` int(11) DEFAULT '0',
  PRIMARY KEY (`id`,`code`)
) ENGINE=MyISAM AUTO_INCREMENT=73 DEFAULT CHARSET=utf8;
/*!40101 SET character_set_client = @saved_cs_client */;

--
-- Dumping data for table `cms_module_cge_states`
--

LOCK TABLES `cms_module_cge_states` WRITE;
/*!40000 ALTER TABLE `cms_module_cge_states` DISABLE KEYS */;
INSERT INTO `cms_module_cge_states` VALUES (1,'AL','Alabama',0),(2,'AK','Alaska',0),(3,'AS','American Samoa',0),(4,'AZ','Arizona',0),(5,'AR','Arkansas',0),(6,'CA','California',0),(7,'CO','Colorado',0),(8,'CT','Connecticut',0),(9,'DE','Delaware',0),(10,'DC','District of Columbia',0),(11,'FM','Fed. States of Micronesia',0),(12,'FL','Florida',0),(13,'GA','Georgia',0),(14,'GU','Guam',0),(15,'HI','Hawaii',0),(16,'ID','Idaho',0),(17,'IL','Illinois',0),(18,'IN','Indiana',0),(19,'IA','Iowa',0),(20,'KS','Kansas',0),(21,'KY','Kentucky',0),(22,'LA','Louisiana',0),(23,'ME','Maine',0),(24,'MH','Marshall Islands',0),(25,'MD','Maryland',0),(26,'MA','Massachusetts',0),(27,'MI','Michigan',0),(28,'MN','Minnesota',0),(29,'MS','Mississippi',0),(30,'MO','Missouri',0),(31,'MT','Montana',0),(32,'NE','Nebraska',0),(33,'NV','Nevada',0),(34,'NH','New Hampshire',0),(35,'NJ','New Jersey',0),(36,'NM','New Mexico',0),(37,'NY','New York',0),(38,'NC','North Carolina',0),(39,'ND','North Dakota',0),(40,'MP','Northern Mariana Is.',0),(41,'OH','Ohio',0),(42,'OK','Oklahoma',0),(43,'OR','Oregon',0),(44,'PW','Palau',0),(45,'PA','Pennsylvania',0),(46,'PR','Puerto Rico',0),(47,'RI','Rhode Island',0),(48,'SC','South Carolina',0),(49,'SD','South Dakota',0),(50,'TN','Tennessee',0),(51,'TX','Texas',0),(52,'UT','Utah',0),(53,'VT','Vermont',0),(54,'VA','Virginia',0),(55,'VI','Virgin Islands',0),(56,'WA','Washington',0),(57,'WV','West Virginia',0),(58,'WI','Wisconsin',0),(59,'WY','Wyoming',0),(60,'AB','Alberta',0),(61,'BC','British Columbia',0),(62,'MB','Manitoba',0),(63,'NB','New Brunswick',0),(64,'NU','Nunavut',0),(65,'NL','Newfoundland',0),(66,'NT','Northwest Territories',0),(67,'NS','Nova Scotia',0),(68,'ON','Ontario',0),(69,'PE','Prince Edward Island',0),(70,'QC','Quebec',0),(71,'SK','Saskatchewan',0),(72,'YT','Yukon',0);
/*!40000 ALTER TABLE `cms_module_cge_states` ENABLE KEYS */;
UNLOCK TABLES;

--
-- Table structure for table `cms_module_deps`
--

DROP TABLE IF EXISTS `cms_module_deps`;
/*!40101 SET @saved_cs_client     = @@character_set_client */;
/*!40101 SET character_set_client = utf8 */;
CREATE TABLE `cms_module_deps` (
  `parent_module` varchar(25) DEFAULT NULL,
  `child_module` varchar(25) DEFAULT NULL,
  `minimum_version` varchar(25) DEFAULT NULL,
  `create_date` datetime DEFAULT NULL,
  `modified_date` datetime DEFAULT NULL
) ENGINE=MyISAM DEFAULT CHARSET=utf8;
/*!40101 SET character_set_client = @saved_cs_client */;

--
-- Dumping data for table `cms_module_deps`
--

LOCK TABLES `cms_module_deps` WRITE;
/*!40000 ALTER TABLE `cms_module_deps` DISABLE KEYS */;
INSERT INTO `cms_module_deps` VALUES ('CMSMailer','FrontEndUsers','1.73.9','2013-10-17 10:46:05','2013-10-17 10:46:05'),('CGExtensions','FrontEndUsers','1.36','2013-10-17 10:46:05','2013-10-17 10:46:05'),('AireLibs','EventsManager','1.3','2013-10-17 10:46:06','2013-10-17 10:46:06'),('CGExtensions','EventsManager','1.24','2013-10-17 10:46:06','2013-10-17 10:46:06'),('FrontEndUsers','EventsManager','1.16','2013-10-17 10:46:06','2013-10-17 10:46:06'),('CGExtensions','SelfRegistration','1.36','2013-10-18 17:49:04','2013-10-18 17:49:04'),('FrontEndUsers','SelfRegistration','1.21.15','2013-10-18 17:49:04','2013-10-18 17:49:04');
/*!40000 ALTER TABLE `cms_module_deps` ENABLE KEYS */;
UNLOCK TABLES;

--
-- Table structure for table `cms_module_events`
--

DROP TABLE IF EXISTS `cms_module_events`;
/*!40101 SET @saved_cs_client     = @@character_set_client */;
/*!40101 SET character_set_client = utf8 */;
CREATE TABLE `cms_module_events` (
  `id` int(11) NOT NULL AUTO_INCREMENT,
  `id_category` int(11) DEFAULT NULL,
  `status` varchar(40) DEFAULT NULL,
  `name` varchar(255) DEFAULT NULL,
  `url` varchar(255) DEFAULT NULL,
  `description` text,
  `start_datetime` datetime DEFAULT NULL,
  `end_datetime` datetime DEFAULT NULL,
  `capacity` int(11) DEFAULT NULL,
  `allow_registration` tinyint(4) DEFAULT NULL,
  `allowed_feu_groups` varchar(200) DEFAULT NULL,
  `price` double DEFAULT NULL,
  `capacity_per_feu` int(11) DEFAULT NULL,
  `create_datetime` datetime DEFAULT NULL,
  `modify_datetime` datetime DEFAULT NULL,
  `limited_reg_period` tinyint(4) DEFAULT '0',
  `reg_start_datetime` datetime DEFAULT NULL,
  `reg_end_datetime` datetime DEFAULT NULL,
  `cancelled` int(11) DEFAULT NULL,
  PRIMARY KEY (`id`)
) ENGINE=MyISAM AUTO_INCREMENT=3 DEFAULT CHARSET=utf8;
/*!40101 SET character_set_client = @saved_cs_client */;

--
-- Dumping data for table `cms_module_events`
--

LOCK TABLES `cms_module_events` WRITE;
/*!40000 ALTER TABLE `cms_module_events` DISABLE KEYS */;
INSERT INTO `cms_module_events` VALUES (1,1,'published','Test Event','','Testing this event','2013-10-25 15:34:00','2013-10-25 15:55:00',10,1,'',2,0,'2013-10-17 15:36:19','2013-10-23 16:43:33',0,'2013-10-17 15:34:00','2013-10-17 15:34:00',0),(2,0,'published','Test Event 2','','Test Event 2 INFORMATION WILL GO HERE','2013-10-24 17:29:00','2013-10-24 19:29:00',0,1,'',0,0,'2013-10-18 17:30:27','2013-10-18 17:31:45',0,'2013-10-18 17:29:00','2013-10-18 17:29:00',0);
/*!40000 ALTER TABLE `cms_module_events` ENABLE KEYS */;
UNLOCK TABLES;

--
-- Table structure for table `cms_module_events_categories`
--

DROP TABLE IF EXISTS `cms_module_events_categories`;
/*!40101 SET @saved_cs_client     = @@character_set_client */;
/*!40101 SET character_set_client = utf8 */;
CREATE TABLE `cms_module_events_categories` (
  `id` int(11) NOT NULL AUTO_INCREMENT,
  `name` varchar(255) DEFAULT NULL,
  `description` text,
  `create_datetime` datetime DEFAULT NULL,
  `modify_datetime` datetime DEFAULT NULL,
  PRIMARY KEY (`id`)
) ENGINE=MyISAM AUTO_INCREMENT=2 DEFAULT CHARSET=utf8;
/*!40101 SET character_set_client = @saved_cs_client */;

--
-- Dumping data for table `cms_module_events_categories`
--

LOCK TABLES `cms_module_events_categories` WRITE;
/*!40000 ALTER TABLE `cms_module_events_categories` DISABLE KEYS */;
INSERT INTO `cms_module_events_categories` VALUES (1,'Test','test','2013-10-17 15:34:35','2013-10-17 15:34:35');
/*!40000 ALTER TABLE `cms_module_events_categories` ENABLE KEYS */;
UNLOCK TABLES;

--
-- Table structure for table `cms_module_events_registrations`
--

DROP TABLE IF EXISTS `cms_module_events_registrations`;
/*!40101 SET @saved_cs_client     = @@character_set_client */;
/*!40101 SET character_set_client = utf8 */;
CREATE TABLE `cms_module_events_registrations` (
  `id` int(11) NOT NULL AUTO_INCREMENT,
  `id_event` int(11) DEFAULT NULL,
  `id_user` int(11) DEFAULT NULL,
  `nb_persons` int(11) DEFAULT NULL,
  `create_datetime` datetime DEFAULT NULL,
  `modify_datetime` datetime DEFAULT NULL,
  PRIMARY KEY (`id`)
) ENGINE=MyISAM AUTO_INCREMENT=7 DEFAULT CHARSET=utf8;
/*!40101 SET character_set_client = @saved_cs_client */;

--
-- Dumping data for table `cms_module_events_registrations`
--

LOCK TABLES `cms_module_events_registrations` WRITE;
/*!40000 ALTER TABLE `cms_module_events_registrations` DISABLE KEYS */;
INSERT INTO `cms_module_events_registrations` VALUES (1,1,1,1,'2013-10-18 18:27:48','2013-10-23 17:11:17'),(2,2,1,1,'2013-10-23 17:09:57','2013-10-24 12:49:50'),(3,2,8,1,'2013-10-24 14:12:49','2013-10-24 14:12:49'),(4,1,8,9,'2013-10-24 14:13:07','2013-10-24 14:13:07'),(5,1,9,0,'2013-10-24 14:14:56','2013-10-24 14:14:56'),(6,2,10,1,'2013-10-24 14:19:26','2013-10-24 14:19:26');
/*!40000 ALTER TABLE `cms_module_events_registrations` ENABLE KEYS */;
UNLOCK TABLES;

--
-- Table structure for table `cms_module_feusers_belongs`
--

DROP TABLE IF EXISTS `cms_module_feusers_belongs`;
/*!40101 SET @saved_cs_client     = @@character_set_client */;
/*!40101 SET character_set_client = utf8 */;
CREATE TABLE `cms_module_feusers_belongs` (
  `userid` int(11) NOT NULL,
  `groupid` int(11) NOT NULL,
  PRIMARY KEY (`userid`,`groupid`),
  KEY `cms_feu_idx_username` (`groupid`)
) ENGINE=MyISAM DEFAULT CHARSET=utf8;
/*!40101 SET character_set_client = @saved_cs_client */;

--
-- Dumping data for table `cms_module_feusers_belongs`
--

LOCK TABLES `cms_module_feusers_belongs` WRITE;
/*!40000 ALTER TABLE `cms_module_feusers_belongs` DISABLE KEYS */;
INSERT INTO `cms_module_feusers_belongs` VALUES (1,2),(8,2),(9,2),(10,2);
/*!40000 ALTER TABLE `cms_module_feusers_belongs` ENABLE KEYS */;
UNLOCK TABLES;

--
-- Table structure for table `cms_module_feusers_dropdowns`
--

DROP TABLE IF EXISTS `cms_module_feusers_dropdowns`;
/*!40101 SET @saved_cs_client     = @@character_set_client */;
/*!40101 SET character_set_client = utf8 */;
CREATE TABLE `cms_module_feusers_dropdowns` (
  `order_id` int(11) DEFAULT NULL,
  `option_name` varchar(40) DEFAULT NULL,
  `option_text` varchar(255) DEFAULT NULL,
  `control_name` varchar(40) DEFAULT NULL
) ENGINE=MyISAM DEFAULT CHARSET=utf8;
/*!40101 SET character_set_client = @saved_cs_client */;

--
-- Dumping data for table `cms_module_feusers_dropdowns`
--

LOCK TABLES `cms_module_feusers_dropdowns` WRITE;
/*!40000 ALTER TABLE `cms_module_feusers_dropdowns` DISABLE KEYS */;
/*!40000 ALTER TABLE `cms_module_feusers_dropdowns` ENABLE KEYS */;
UNLOCK TABLES;

--
-- Table structure for table `cms_module_feusers_grouppropmap`
--

DROP TABLE IF EXISTS `cms_module_feusers_grouppropmap`;
/*!40101 SET @saved_cs_client     = @@character_set_client */;
/*!40101 SET character_set_client = utf8 */;
CREATE TABLE `cms_module_feusers_grouppropmap` (
  `name` varchar(40) NOT NULL,
  `group_id` int(11) NOT NULL,
  `sort_key` int(11) DEFAULT NULL,
  `required` int(11) DEFAULT NULL,
  `lostunflag` int(11) DEFAULT NULL,
  PRIMARY KEY (`name`,`group_id`)
) ENGINE=MyISAM DEFAULT CHARSET=utf8;
/*!40101 SET character_set_client = @saved_cs_client */;

--
-- Dumping data for table `cms_module_feusers_grouppropmap`
--

LOCK TABLES `cms_module_feusers_grouppropmap` WRITE;
/*!40000 ALTER TABLE `cms_module_feusers_grouppropmap` DISABLE KEYS */;
INSERT INTO `cms_module_feusers_grouppropmap` VALUES ('email_address',2,0,3,-1);
/*!40000 ALTER TABLE `cms_module_feusers_grouppropmap` ENABLE KEYS */;
UNLOCK TABLES;

--
-- Table structure for table `cms_module_feusers_groups`
--

DROP TABLE IF EXISTS `cms_module_feusers_groups`;
/*!40101 SET @saved_cs_client     = @@character_set_client */;
/*!40101 SET character_set_client = utf8 */;
CREATE TABLE `cms_module_feusers_groups` (
  `id` int(11) NOT NULL,
  `groupname` varchar(32) DEFAULT NULL,
  `groupdesc` varchar(128) DEFAULT NULL,
  PRIMARY KEY (`id`)
) ENGINE=MyISAM DEFAULT CHARSET=utf8;
/*!40101 SET character_set_client = @saved_cs_client */;

--
-- Dumping data for table `cms_module_feusers_groups`
--

LOCK TABLES `cms_module_feusers_groups` WRITE;
/*!40000 ALTER TABLE `cms_module_feusers_groups` DISABLE KEYS */;
INSERT INTO `cms_module_feusers_groups` VALUES (2,'usergroup','usergroup');
/*!40000 ALTER TABLE `cms_module_feusers_groups` ENABLE KEYS */;
UNLOCK TABLES;

--
-- Table structure for table `cms_module_feusers_groups_seq`
--

DROP TABLE IF EXISTS `cms_module_feusers_groups_seq`;
/*!40101 SET @saved_cs_client     = @@character_set_client */;
/*!40101 SET character_set_client = utf8 */;
CREATE TABLE `cms_module_feusers_groups_seq` (
  `id` int(11) NOT NULL
) ENGINE=MyISAM DEFAULT CHARSET=utf8;
/*!40101 SET character_set_client = @saved_cs_client */;

--
-- Dumping data for table `cms_module_feusers_groups_seq`
--

LOCK TABLES `cms_module_feusers_groups_seq` WRITE;
/*!40000 ALTER TABLE `cms_module_feusers_groups_seq` DISABLE KEYS */;
INSERT INTO `cms_module_feusers_groups_seq` VALUES (2);
/*!40000 ALTER TABLE `cms_module_feusers_groups_seq` ENABLE KEYS */;
UNLOCK TABLES;

--
-- Table structure for table `cms_module_feusers_history`
--

DROP TABLE IF EXISTS `cms_module_feusers_history`;
/*!40101 SET @saved_cs_client     = @@character_set_client */;
/*!40101 SET character_set_client = utf8 */;
CREATE TABLE `cms_module_feusers_history` (
  `userid` int(11) DEFAULT NULL,
  `sessionid` varchar(32) DEFAULT NULL,
  `action` varchar(32) DEFAULT NULL,
  `refdate` datetime DEFAULT NULL,
  `ipaddress` varchar(20) DEFAULT NULL,
  KEY `cms_feu_idx_refdate` (`userid`,`refdate`,`action`)
) ENGINE=MyISAM DEFAULT CHARSET=utf8;
/*!40101 SET character_set_client = @saved_cs_client */;

--
-- Dumping data for table `cms_module_feusers_history`
--

LOCK TABLES `cms_module_feusers_history` WRITE;
/*!40000 ALTER TABLE `cms_module_feusers_history` DISABLE KEYS */;
INSERT INTO `cms_module_feusers_history` VALUES (1,'ssote0tkr3f7da5kl1vnrt00a5','login','2013-10-18 18:27:48','192.168.0.77'),(1,'ssote0tkr3f7da5kl1vnrt00a5','Logged out by administrator','2013-10-18 18:36:53','192.168.0.77'),(1,'ssote0tkr3f7da5kl1vnrt00a5','login','2013-10-18 18:41:15','192.168.0.77'),(1,'el421utud6lrgo6m3j5ae0odp1','expire','2013-10-21 13:39:24','69.57.33.230'),(1,'el421utud6lrgo6m3j5ae0odp1','login','2013-10-21 15:38:44','69.57.33.230'),(1,'el421utud6lrgo6m3j5ae0odp1','logout','2013-10-21 15:41:04','69.57.33.230'),(1,'el421utud6lrgo6m3j5ae0odp1','login','2013-10-21 15:57:47','69.57.33.230'),(1,'el421utud6lrgo6m3j5ae0odp1','logout','2013-10-21 16:25:26','69.57.33.230'),(1,'el421utud6lrgo6m3j5ae0odp1','login','2013-10-21 17:04:25','69.57.33.230'),(1,'el421utud6lrgo6m3j5ae0odp1','logout','2013-10-21 17:14:03','69.57.33.230'),(1,'el421utud6lrgo6m3j5ae0odp1','login','2013-10-21 17:35:28','69.57.33.230'),(1,'el421utud6lrgo6m3j5ae0odp1','logout','2013-10-21 18:09:04','69.57.33.230'),(1,'el421utud6lrgo6m3j5ae0odp1','login','2013-10-21 18:15:02','69.57.33.230'),(1,'el421utud6lrgo6m3j5ae0odp1','logout','2013-10-21 18:20:54','69.57.33.230'),(1,'el421utud6lrgo6m3j5ae0odp1','login','2013-10-21 18:24:14','69.57.33.230'),(1,'el421utud6lrgo6m3j5ae0odp1','logout','2013-10-21 18:25:01','69.57.33.230'),(1,'el421utud6lrgo6m3j5ae0odp1','login','2013-10-21 18:28:41','69.57.33.230'),(1,'el421utud6lrgo6m3j5ae0odp1','logout','2013-10-21 18:28:54','69.57.33.230'),(1,'1re4nm2ij80rdr6e6a5l8erdj7','login','2013-10-22 12:20:11','69.57.33.230'),(1,'1re4nm2ij80rdr6e6a5l8erdj7','logout','2013-10-22 12:40:43','69.57.33.230'),(1,'1re4nm2ij80rdr6e6a5l8erdj7','login','2013-10-22 15:56:04','69.57.33.230'),(1,'1re4nm2ij80rdr6e6a5l8erdj7','logout','2013-10-22 16:09:31','69.57.33.230'),(1,'1re4nm2ij80rdr6e6a5l8erdj7','login','2013-10-22 16:12:01','69.57.33.230'),(1,'1re4nm2ij80rdr6e6a5l8erdj7','logout','2013-10-22 16:20:19','69.57.33.230'),(1,'1re4nm2ij80rdr6e6a5l8erdj7','login','2013-10-22 17:34:01','69.57.33.230'),(1,'1re4nm2ij80rdr6e6a5l8erdj7','logout','2013-10-22 17:34:22','69.57.33.230'),(1,'8vc1jc0a4q5glonblhc6n2bgo6','login','2013-10-23 13:56:19','69.57.33.230'),(1,'8vc1jc0a4q5glonblhc6n2bgo6','logout','2013-10-23 13:57:54','69.57.33.230'),(1,'8vc1jc0a4q5glonblhc6n2bgo6','login','2013-10-23 14:03:23','69.57.33.230'),(1,'8vc1jc0a4q5glonblhc6n2bgo6','logout','2013-10-23 14:07:08','69.57.33.230'),(1,'8vc1jc0a4q5glonblhc6n2bgo6','login','2013-10-23 14:32:02','69.57.33.230'),(1,'8vc1jc0a4q5glonblhc6n2bgo6','logout','2013-10-23 14:42:10','69.57.33.230'),(1,'8vc1jc0a4q5glonblhc6n2bgo6','login','2013-10-23 14:42:49','69.57.33.230'),(1,'8vc1jc0a4q5glonblhc6n2bgo6','logout','2013-10-23 14:43:07','69.57.33.230'),(2,'8vc1jc0a4q5glonblhc6n2bgo6','login','2013-10-23 14:43:32','69.57.33.230'),(2,'8vc1jc0a4q5glonblhc6n2bgo6','logout','2013-10-23 14:44:18','69.57.33.230'),(3,'8vc1jc0a4q5glonblhc6n2bgo6','login','2013-10-23 14:49:26','69.57.33.230'),(3,'8vc1jc0a4q5glonblhc6n2bgo6','logout','2013-10-23 14:58:00','69.57.33.230'),(4,'8vc1jc0a4q5glonblhc6n2bgo6','login','2013-10-23 14:59:05','69.57.33.230'),(4,'8vc1jc0a4q5glonblhc6n2bgo6','logout','2013-10-23 15:00:00','69.57.33.230'),(4,'8vc1jc0a4q5glonblhc6n2bgo6','login','2013-10-23 15:16:58','69.57.33.230'),(4,'8vc1jc0a4q5glonblhc6n2bgo6','logout','2013-10-23 15:21:49','69.57.33.230'),(4,'8vc1jc0a4q5glonblhc6n2bgo6','login','2013-10-23 15:25:57','69.57.33.230'),(4,'8vc1jc0a4q5glonblhc6n2bgo6','logout','2013-10-23 15:27:09','69.57.33.230'),(1,'8vc1jc0a4q5glonblhc6n2bgo6','login','2013-10-23 15:29:18','69.57.33.230'),(1,'8vc1jc0a4q5glonblhc6n2bgo6','expire','2013-10-23 16:03:11','69.57.33.230'),(1,'8vc1jc0a4q5glonblhc6n2bgo6','login','2013-10-23 17:01:34','69.57.33.230'),(1,'8vc1jc0a4q5glonblhc6n2bgo6','logout','2013-10-23 17:13:07','69.57.33.230'),(1,'8vc1jc0a4q5glonblhc6n2bgo6','login','2013-10-23 17:54:51','69.57.33.230'),(1,'8vc1jc0a4q5glonblhc6n2bgo6','logout','2013-10-23 17:54:57','69.57.33.230'),(1,'8vc1jc0a4q5glonblhc6n2bgo6','login','2013-10-23 17:56:12','69.57.33.230'),(1,'8vc1jc0a4q5glonblhc6n2bgo6','logout','2013-10-23 18:04:07','69.57.33.230'),(1,'8vc1jc0a4q5glonblhc6n2bgo6','login','2013-10-23 18:07:51','69.57.33.230'),(1,'8vc1jc0a4q5glonblhc6n2bgo6','logout','2013-10-23 18:09:04','69.57.33.230'),(1,'8vc1jc0a4q5glonblhc6n2bgo6','login','2013-10-23 18:11:36','69.57.33.230'),(1,'8vc1jc0a4q5glonblhc6n2bgo6','logout','2013-10-23 18:18:29','69.57.33.230'),(1,'8vc1jc0a4q5glonblhc6n2bgo6','login','2013-10-23 18:19:59','69.57.33.230'),(1,'8vc1jc0a4q5glonblhc6n2bgo6','logout','2013-10-23 18:20:09','69.57.33.230'),(1,'8vc1jc0a4q5glonblhc6n2bgo6','login','2013-10-23 18:25:30','69.57.33.230'),(1,'8vc1jc0a4q5glonblhc6n2bgo6','logout','2013-10-23 18:25:43','69.57.33.230'),(1,'8vc1jc0a4q5glonblhc6n2bgo6','login','2013-10-23 18:28:54','69.57.33.230'),(1,'8vc1jc0a4q5glonblhc6n2bgo6','logout','2013-10-23 18:28:59','69.57.33.230'),(1,'8vc1jc0a4q5glonblhc6n2bgo6','login','2013-10-23 18:36:05','69.57.33.230'),(1,'8vc1jc0a4q5glonblhc6n2bgo6','logout','2013-10-23 18:36:09','69.57.33.230'),(1,'8vc1jc0a4q5glonblhc6n2bgo6','login','2013-10-23 18:38:15','69.57.33.230'),(1,'8vc1jc0a4q5glonblhc6n2bgo6','logout','2013-10-23 18:38:39','69.57.33.230'),(1,'8vc1jc0a4q5glonblhc6n2bgo6','login','2013-10-23 18:39:25','69.57.33.230'),(1,'8vc1jc0a4q5glonblhc6n2bgo6','logout','2013-10-23 18:41:25','69.57.33.230'),(1,'8vc1jc0a4q5glonblhc6n2bgo6','login','2013-10-23 18:42:07','69.57.33.230'),(1,'8vc1jc0a4q5glonblhc6n2bgo6','logout','2013-10-23 18:42:25','69.57.33.230'),(1,'8vc1jc0a4q5glonblhc6n2bgo6','login','2013-10-23 18:43:17','69.57.33.230'),(1,'8vc1jc0a4q5glonblhc6n2bgo6','logout','2013-10-23 18:43:21','69.57.33.230'),(1,'8vc1jc0a4q5glonblhc6n2bgo6','login','2013-10-23 18:56:06','69.57.33.230'),(1,'8vc1jc0a4q5glonblhc6n2bgo6','logout','2013-10-23 18:57:54','69.57.33.230'),(1,'8vc1jc0a4q5glonblhc6n2bgo6','login','2013-10-23 18:58:40','69.57.33.230'),(1,'8vc1jc0a4q5glonblhc6n2bgo6','logout','2013-10-23 19:04:20','69.57.33.230'),(1,'8vc1jc0a4q5glonblhc6n2bgo6','login','2013-10-23 19:06:19','69.57.33.230'),(1,'8vc1jc0a4q5glonblhc6n2bgo6','logout','2013-10-23 19:07:55','69.57.33.230'),(1,'8vc1jc0a4q5glonblhc6n2bgo6','login','2013-10-23 19:08:20','69.57.33.230'),(1,'8vc1jc0a4q5glonblhc6n2bgo6','logout','2013-10-23 19:09:01','69.57.33.230'),(1,'8vc1jc0a4q5glonblhc6n2bgo6','login','2013-10-23 19:39:28','69.57.33.230'),(1,'8vc1jc0a4q5glonblhc6n2bgo6','logout','2013-10-23 20:36:19','69.57.33.230'),(1,'6a9i9mg13dtenr0ckunc0nd964','login','2013-10-24 11:04:03','69.57.33.230'),(1,'6a9i9mg13dtenr0ckunc0nd964','logout','2013-10-24 11:09:57','69.57.33.230'),(1,'6a9i9mg13dtenr0ckunc0nd964','login','2013-10-24 11:11:03','69.57.33.230'),(1,'6a9i9mg13dtenr0ckunc0nd964','logout','2013-10-24 11:13:04','69.57.33.230'),(1,'6a9i9mg13dtenr0ckunc0nd964','login','2013-10-24 11:18:48','69.57.33.230'),(1,'6a9i9mg13dtenr0ckunc0nd964','logout','2013-10-24 11:19:03','69.57.33.230'),(1,'6a9i9mg13dtenr0ckunc0nd964','login','2013-10-24 11:47:05','69.57.33.230'),(1,'6a9i9mg13dtenr0ckunc0nd964','logout','2013-10-24 11:47:09','69.57.33.230'),(1,'6a9i9mg13dtenr0ckunc0nd964','login','2013-10-24 11:47:33','69.57.33.230'),(1,'6a9i9mg13dtenr0ckunc0nd964','logout','2013-10-24 11:47:45','69.57.33.230'),(1,'6a9i9mg13dtenr0ckunc0nd964','login','2013-10-24 12:07:13','69.57.33.230'),(1,'6a9i9mg13dtenr0ckunc0nd964','logout','2013-10-24 12:11:57','69.57.33.230'),(1,'6a9i9mg13dtenr0ckunc0nd964','login','2013-10-24 12:12:19','69.57.33.230'),(1,'6a9i9mg13dtenr0ckunc0nd964','logout','2013-10-24 12:13:57','69.57.33.230'),(1,'6a9i9mg13dtenr0ckunc0nd964','login','2013-10-24 12:32:22','69.57.33.230'),(1,'6a9i9mg13dtenr0ckunc0nd964','logout','2013-10-24 12:44:24','69.57.33.230'),(1,'6a9i9mg13dtenr0ckunc0nd964','login','2013-10-24 12:44:43','69.57.33.230'),(1,'6a9i9mg13dtenr0ckunc0nd964','logout','2013-10-24 12:47:59','69.57.33.230'),(1,'6a9i9mg13dtenr0ckunc0nd964','login','2013-10-24 12:49:40','69.57.33.230'),(1,'6a9i9mg13dtenr0ckunc0nd964','logout','2013-10-24 12:52:03','69.57.33.230'),(1,'6a9i9mg13dtenr0ckunc0nd964','login','2013-10-24 13:29:11','69.57.33.230'),(1,'6a9i9mg13dtenr0ckunc0nd964','logout','2013-10-24 13:29:37','69.57.33.230'),(1,'6a9i9mg13dtenr0ckunc0nd964','login','2013-10-24 13:32:01','69.57.33.230'),(1,'6a9i9mg13dtenr0ckunc0nd964','logout','2013-10-24 13:32:11','69.57.33.230'),(1,'6a9i9mg13dtenr0ckunc0nd964','login','2013-10-24 13:32:36','69.57.33.230'),(1,'6a9i9mg13dtenr0ckunc0nd964','logout','2013-10-24 13:32:45','69.57.33.230'),(5,'6a9i9mg13dtenr0ckunc0nd964','login','2013-10-24 13:34:18','69.57.33.230'),(5,'6a9i9mg13dtenr0ckunc0nd964','logout','2013-10-24 13:48:16','69.57.33.230'),(6,'6a9i9mg13dtenr0ckunc0nd964','login','2013-10-24 13:48:46','69.57.33.230'),(6,'6a9i9mg13dtenr0ckunc0nd964','logout','2013-10-24 13:54:36','69.57.33.230'),(7,'6a9i9mg13dtenr0ckunc0nd964','login','2013-10-24 14:04:45','69.57.33.230'),(7,'6a9i9mg13dtenr0ckunc0nd964','logout','2013-10-24 14:05:02','69.57.33.230'),(5,'6a9i9mg13dtenr0ckunc0nd964','logout','2013-10-24 14:07:24','69.57.33.230'),(3,'6a9i9mg13dtenr0ckunc0nd964','logout','2013-10-24 14:07:24','69.57.33.230'),(4,'6a9i9mg13dtenr0ckunc0nd964','logout','2013-10-24 14:07:24','69.57.33.230'),(7,'6a9i9mg13dtenr0ckunc0nd964','logout','2013-10-24 14:07:24','69.57.33.230'),(2,'6a9i9mg13dtenr0ckunc0nd964','logout','2013-10-24 14:07:24','69.57.33.230'),(6,'6a9i9mg13dtenr0ckunc0nd964','logout','2013-10-24 14:07:24','69.57.33.230'),(8,'6a9i9mg13dtenr0ckunc0nd964','login','2013-10-24 14:11:58','69.57.33.230'),(8,'6a9i9mg13dtenr0ckunc0nd964','logout','2013-10-24 14:13:30','69.57.33.230'),(9,'6a9i9mg13dtenr0ckunc0nd964','login','2013-10-24 14:14:32','69.57.33.230'),(9,'6a9i9mg13dtenr0ckunc0nd964','logout','2013-10-24 14:15:07','69.57.33.230'),(10,'6a9i9mg13dtenr0ckunc0nd964','login','2013-10-24 14:19:19','69.57.33.230'),(10,'6a9i9mg13dtenr0ckunc0nd964','logout','2013-10-24 14:20:45','69.57.33.230');
/*!40000 ALTER TABLE `cms_module_feusers_history` ENABLE KEYS */;
UNLOCK TABLES;

--
-- Table structure for table `cms_module_feusers_loggedin`
--

DROP TABLE IF EXISTS `cms_module_feusers_loggedin`;
/*!40101 SET @saved_cs_client     = @@character_set_client */;
/*!40101 SET character_set_client = utf8 */;
CREATE TABLE `cms_module_feusers_loggedin` (
  `sessionid` varchar(255) DEFAULT NULL,
  `lastused` int(11) DEFAULT NULL,
  `userid` int(11) DEFAULT NULL
) ENGINE=MyISAM DEFAULT CHARSET=utf8;
/*!40101 SET character_set_client = @saved_cs_client */;

--
-- Dumping data for table `cms_module_feusers_loggedin`
--

LOCK TABLES `cms_module_feusers_loggedin` WRITE;
/*!40000 ALTER TABLE `cms_module_feusers_loggedin` DISABLE KEYS */;
/*!40000 ALTER TABLE `cms_module_feusers_loggedin` ENABLE KEYS */;
UNLOCK TABLES;

--
-- Table structure for table `cms_module_feusers_propdefn`
--

DROP TABLE IF EXISTS `cms_module_feusers_propdefn`;
/*!40101 SET @saved_cs_client     = @@character_set_client */;
/*!40101 SET character_set_client = utf8 */;
CREATE TABLE `cms_module_feusers_propdefn` (
  `name` varchar(40) NOT NULL,
  `prompt` varchar(255) DEFAULT NULL,
  `type` varchar(20) DEFAULT NULL,
  `length` int(11) DEFAULT NULL,
  `maxlength` int(11) DEFAULT NULL,
  `attribs` varchar(255) DEFAULT NULL,
  `force_unique` tinyint(4) DEFAULT NULL,
  `encrypt` tinyint(4) DEFAULT NULL,
  `extra` text,
  PRIMARY KEY (`name`)
) ENGINE=MyISAM DEFAULT CHARSET=utf8;
/*!40101 SET character_set_client = @saved_cs_client */;

--
-- Dumping data for table `cms_module_feusers_propdefn`
--

LOCK TABLES `cms_module_feusers_propdefn` WRITE;
/*!40000 ALTER TABLE `cms_module_feusers_propdefn` DISABLE KEYS */;
INSERT INTO `cms_module_feusers_propdefn` VALUES ('email_address','Email Address','2',80,255,'a:0:{}',0,0,NULL);
/*!40000 ALTER TABLE `cms_module_feusers_propdefn` ENABLE KEYS */;
UNLOCK TABLES;

--
-- Table structure for table `cms_module_feusers_properties`
--

DROP TABLE IF EXISTS `cms_module_feusers_properties`;
/*!40101 SET @saved_cs_client     = @@character_set_client */;
/*!40101 SET character_set_client = utf8 */;
CREATE TABLE `cms_module_feusers_properties` (
  `id` int(11) NOT NULL,
  `userid` int(11) DEFAULT NULL,
  `title` varchar(100) DEFAULT NULL,
  `data` longtext,
  PRIMARY KEY (`id`),
  KEY `cms_feu_idx_propusertitle` (`userid`,`title`),
  KEY `cms_feu_idx_proptitle` (`title`)
) ENGINE=MyISAM DEFAULT CHARSET=utf8;
/*!40101 SET character_set_client = @saved_cs_client */;

--
-- Dumping data for table `cms_module_feusers_properties`
--

LOCK TABLES `cms_module_feusers_properties` WRITE;
/*!40000 ALTER TABLE `cms_module_feusers_properties` DISABLE KEYS */;
/*!40000 ALTER TABLE `cms_module_feusers_properties` ENABLE KEYS */;
UNLOCK TABLES;

--
-- Table structure for table `cms_module_feusers_properties_seq`
--

DROP TABLE IF EXISTS `cms_module_feusers_properties_seq`;
/*!40101 SET @saved_cs_client     = @@character_set_client */;
/*!40101 SET character_set_client = utf8 */;
CREATE TABLE `cms_module_feusers_properties_seq` (
  `id` int(11) NOT NULL
) ENGINE=MyISAM DEFAULT CHARSET=utf8;
/*!40101 SET character_set_client = @saved_cs_client */;

--
-- Dumping data for table `cms_module_feusers_properties_seq`
--

LOCK TABLES `cms_module_feusers_properties_seq` WRITE;
/*!40000 ALTER TABLE `cms_module_feusers_properties_seq` DISABLE KEYS */;
INSERT INTO `cms_module_feusers_properties_seq` VALUES (0);
/*!40000 ALTER TABLE `cms_module_feusers_properties_seq` ENABLE KEYS */;
UNLOCK TABLES;

--
-- Table structure for table `cms_module_feusers_tempcode`
--

DROP TABLE IF EXISTS `cms_module_feusers_tempcode`;
/*!40101 SET @saved_cs_client     = @@character_set_client */;
/*!40101 SET character_set_client = utf8 */;
CREATE TABLE `cms_module_feusers_tempcode` (
  `userid` int(11) NOT NULL,
  `code` varchar(25) DEFAULT NULL,
  `created` datetime DEFAULT NULL,
  PRIMARY KEY (`userid`)
) ENGINE=MyISAM DEFAULT CHARSET=utf8;
/*!40101 SET character_set_client = @saved_cs_client */;

--
-- Dumping data for table `cms_module_feusers_tempcode`
--

LOCK TABLES `cms_module_feusers_tempcode` WRITE;
/*!40000 ALTER TABLE `cms_module_feusers_tempcode` DISABLE KEYS */;
/*!40000 ALTER TABLE `cms_module_feusers_tempcode` ENABLE KEYS */;
UNLOCK TABLES;

--
-- Table structure for table `cms_module_feusers_users`
--

DROP TABLE IF EXISTS `cms_module_feusers_users`;
/*!40101 SET @saved_cs_client     = @@character_set_client */;
/*!40101 SET character_set_client = utf8 */;
CREATE TABLE `cms_module_feusers_users` (
  `id` int(11) NOT NULL,
  `username` varchar(80) DEFAULT NULL,
  `password` varchar(32) DEFAULT NULL,
  `createdate` datetime DEFAULT NULL,
  `expires` datetime DEFAULT NULL,
  `nonstd` tinyint(4) DEFAULT NULL,
  PRIMARY KEY (`id`),
  KEY `cms_feu_idx_username` (`username`),
  KEY `cms_feu_idx_expires` (`expires`)
) ENGINE=MyISAM DEFAULT CHARSET=utf8;
/*!40101 SET character_set_client = @saved_cs_client */;

--
-- Dumping data for table `cms_module_feusers_users`
--

LOCK TABLES `cms_module_feusers_users` WRITE;
/*!40000 ALTER TABLE `cms_module_feusers_users` DISABLE KEYS */;
INSERT INTO `cms_module_feusers_users` VALUES (1,'weltbr01@gmail.com','a7576ec71612d52b14cef014eb5a5b41','2013-10-18 18:27:04','2018-10-18 18:27:04',0),(10,'welt.br01@gmail.com','a7576ec71612d52b14cef014eb5a5b41','2013-10-24 14:19:19','2014-10-24 14:19:19',0),(8,'weltbr0.1@gmail.com','a7576ec71612d52b14cef014eb5a5b41','2013-10-24 14:11:58','2014-10-24 14:11:58',0),(9,'wel.tbr01@gmail.com','a7576ec71612d52b14cef014eb5a5b41','2013-10-24 14:14:32','2014-10-24 14:14:32',0);
/*!40000 ALTER TABLE `cms_module_feusers_users` ENABLE KEYS */;
UNLOCK TABLES;

--
-- Table structure for table `cms_module_feusers_users_seq`
--

DROP TABLE IF EXISTS `cms_module_feusers_users_seq`;
/*!40101 SET @saved_cs_client     = @@character_set_client */;
/*!40101 SET character_set_client = utf8 */;
CREATE TABLE `cms_module_feusers_users_seq` (
  `id` int(11) NOT NULL
) ENGINE=MyISAM DEFAULT CHARSET=utf8;
/*!40101 SET character_set_client = @saved_cs_client */;

--
-- Dumping data for table `cms_module_feusers_users_seq`
--

LOCK TABLES `cms_module_feusers_users_seq` WRITE;
/*!40000 ALTER TABLE `cms_module_feusers_users_seq` DISABLE KEYS */;
INSERT INTO `cms_module_feusers_users_seq` VALUES (10);
/*!40000 ALTER TABLE `cms_module_feusers_users_seq` ENABLE KEYS */;
UNLOCK TABLES;

--
-- Table structure for table `cms_module_multidomains`
--

DROP TABLE IF EXISTS `cms_module_multidomains`;
/*!40101 SET @saved_cs_client     = @@character_set_client */;
/*!40101 SET character_set_client = utf8 */;
CREATE TABLE `cms_module_multidomains` (
  `id` int(11) NOT NULL AUTO_INCREMENT,
  `page_id` int(11) DEFAULT NULL,
  `domain` varchar(100) DEFAULT NULL,
  `devdomain` varchar(100) DEFAULT NULL,
  `prefix` int(1) DEFAULT NULL,
  `active` int(1) DEFAULT NULL,
  `root` int(1) DEFAULT NULL,
  `notes` text,
  `created_date` datetime DEFAULT NULL,
  `modified_date` datetime DEFAULT NULL,
  PRIMARY KEY (`id`)
) ENGINE=MyISAM AUTO_INCREMENT=2 DEFAULT CHARSET=utf8;
/*!40101 SET character_set_client = @saved_cs_client */;

--
-- Dumping data for table `cms_module_multidomains`
--

LOCK TABLES `cms_module_multidomains` WRITE;
/*!40000 ALTER TABLE `cms_module_multidomains` DISABLE KEYS */;
/*!40000 ALTER TABLE `cms_module_multidomains` ENABLE KEYS */;
UNLOCK TABLES;

--
-- Table structure for table `cms_module_multidomains_debug`
--

DROP TABLE IF EXISTS `cms_module_multidomains_debug`;
/*!40101 SET @saved_cs_client     = @@character_set_client */;
/*!40101 SET character_set_client = utf8 */;
CREATE TABLE `cms_module_multidomains_debug` (
  `id` int(11) NOT NULL AUTO_INCREMENT,
  `session_id` varchar(250) DEFAULT NULL,
  `ip` varchar(25) DEFAULT NULL,
  `fromurl` varchar(250) DEFAULT NULL,
  `tourl` varchar(250) DEFAULT NULL,
  `status` varchar(250) DEFAULT NULL,
  `created_date` datetime DEFAULT NULL,
  `modified_date` datetime DEFAULT NULL,
  PRIMARY KEY (`id`)
) ENGINE=MyISAM DEFAULT CHARSET=utf8;
/*!40101 SET character_set_client = @saved_cs_client */;

--
-- Dumping data for table `cms_module_multidomains_debug`
--

LOCK TABLES `cms_module_multidomains_debug` WRITE;
/*!40000 ALTER TABLE `cms_module_multidomains_debug` DISABLE KEYS */;
/*!40000 ALTER TABLE `cms_module_multidomains_debug` ENABLE KEYS */;
UNLOCK TABLES;

--
-- Table structure for table `cms_module_multidomains_extradomains`
--

DROP TABLE IF EXISTS `cms_module_multidomains_extradomains`;
/*!40101 SET @saved_cs_client     = @@character_set_client */;
/*!40101 SET character_set_client = utf8 */;
CREATE TABLE `cms_module_multidomains_extradomains` (
  `id` int(11) NOT NULL AUTO_INCREMENT,
  `domain_id` int(11) DEFAULT NULL,
  `domain` varchar(100) DEFAULT NULL,
  `created_date` datetime DEFAULT NULL,
  `modified_date` datetime DEFAULT NULL,
  PRIMARY KEY (`id`)
) ENGINE=MyISAM DEFAULT CHARSET=utf8;
/*!40101 SET character_set_client = @saved_cs_client */;

--
-- Dumping data for table `cms_module_multidomains_extradomains`
--

LOCK TABLES `cms_module_multidomains_extradomains` WRITE;
/*!40000 ALTER TABLE `cms_module_multidomains_extradomains` DISABLE KEYS */;
/*!40000 ALTER TABLE `cms_module_multidomains_extradomains` ENABLE KEYS */;
UNLOCK TABLES;

--
-- Table structure for table `cms_module_multidomains_log`
--

DROP TABLE IF EXISTS `cms_module_multidomains_log`;
/*!40101 SET @saved_cs_client     = @@character_set_client */;
/*!40101 SET character_set_client = utf8 */;
CREATE TABLE `cms_module_multidomains_log` (
  `id` int(11) NOT NULL AUTO_INCREMENT,
  `page_id` int(11) DEFAULT NULL,
  `domain` varchar(100) DEFAULT NULL,
  `url` varchar(200) DEFAULT NULL,
  `referer` varchar(200) DEFAULT NULL,
  `searchengine` varchar(50) DEFAULT NULL,
  `bot` varchar(50) DEFAULT NULL,
  `keyword` varchar(100) DEFAULT NULL,
  `sessionid` varchar(50) DEFAULT NULL,
  `visittime` datetime DEFAULT NULL,
  PRIMARY KEY (`id`)
) ENGINE=MyISAM DEFAULT CHARSET=utf8;
/*!40101 SET character_set_client = @saved_cs_client */;

--
-- Dumping data for table `cms_module_multidomains_log`
--

LOCK TABLES `cms_module_multidomains_log` WRITE;
/*!40000 ALTER TABLE `cms_module_multidomains_log` DISABLE KEYS */;
/*!40000 ALTER TABLE `cms_module_multidomains_log` ENABLE KEYS */;
UNLOCK TABLES;

--
-- Table structure for table `cms_module_multidomains_logsum`
--

DROP TABLE IF EXISTS `cms_module_multidomains_logsum`;
/*!40101 SET @saved_cs_client     = @@character_set_client */;
/*!40101 SET character_set_client = utf8 */;
CREATE TABLE `cms_module_multidomains_logsum` (
  `id` int(11) NOT NULL AUTO_INCREMENT,
  `period` varchar(5) DEFAULT NULL,
  `value` int(4) DEFAULT NULL,
  `type` int(1) DEFAULT NULL,
  `url` varchar(200) DEFAULT NULL,
  `visits` int(11) DEFAULT NULL,
  `page_id` int(11) DEFAULT NULL,
  `searchengine` varchar(50) DEFAULT NULL,
  `keyword` varchar(100) DEFAULT NULL,
  `referer` varchar(200) DEFAULT NULL,
  `created_date` datetime DEFAULT NULL,
  PRIMARY KEY (`id`)
) ENGINE=MyISAM DEFAULT CHARSET=utf8;
/*!40101 SET character_set_client = @saved_cs_client */;

--
-- Dumping data for table `cms_module_multidomains_logsum`
--

LOCK TABLES `cms_module_multidomains_logsum` WRITE;
/*!40000 ALTER TABLE `cms_module_multidomains_logsum` DISABLE KEYS */;
/*!40000 ALTER TABLE `cms_module_multidomains_logsum` ENABLE KEYS */;
UNLOCK TABLES;

--
-- Table structure for table `cms_module_news`
--

DROP TABLE IF EXISTS `cms_module_news`;
/*!40101 SET @saved_cs_client     = @@character_set_client */;
/*!40101 SET character_set_client = utf8 */;
CREATE TABLE `cms_module_news` (
  `news_id` int(11) NOT NULL,
  `news_category_id` int(11) DEFAULT NULL,
  `news_title` varchar(255) DEFAULT NULL,
  `news_data` text,
  `news_date` datetime DEFAULT NULL,
  `summary` text,
  `start_time` datetime DEFAULT NULL,
  `end_time` datetime DEFAULT NULL,
  `status` varchar(25) DEFAULT NULL,
  `icon` varchar(255) DEFAULT NULL,
  `create_date` datetime DEFAULT NULL,
  `modified_date` datetime DEFAULT NULL,
  `author_id` int(11) DEFAULT NULL,
  `news_extra` varchar(255) DEFAULT NULL,
  `news_url` varchar(255) DEFAULT NULL,
  PRIMARY KEY (`news_id`),
  KEY `cms_news_postdate` (`news_date`),
  KEY `cms_news_daterange` (`start_time`,`end_time`),
  KEY `cms_news_author` (`author_id`),
  KEY `cms_news_hier` (`news_category_id`),
  KEY `cms_news_url` (`news_url`),
  KEY `cms_news_startenddate` (`start_time`,`end_time`)
) ENGINE=MyISAM DEFAULT CHARSET=utf8;
/*!40101 SET character_set_client = @saved_cs_client */;

--
-- Dumping data for table `cms_module_news`
--

LOCK TABLES `cms_module_news` WRITE;
/*!40000 ALTER TABLE `cms_module_news` DISABLE KEYS */;
INSERT INTO `cms_module_news` VALUES (1,1,'News Module Installed','The news module was installed.  Exciting. This news article is not using the Summary field and therefore there is no link to read more. But you can click on the news heading to read only this article.','2013-10-02 16:55:11',NULL,NULL,NULL,'published',NULL,'2013-10-02 16:55:11','2013-10-02 16:55:11',1,NULL,NULL);
/*!40000 ALTER TABLE `cms_module_news` ENABLE KEYS */;
UNLOCK TABLES;

--
-- Table structure for table `cms_module_news_categories`
--

DROP TABLE IF EXISTS `cms_module_news_categories`;
/*!40101 SET @saved_cs_client     = @@character_set_client */;
/*!40101 SET character_set_client = utf8 */;
CREATE TABLE `cms_module_news_categories` (
  `news_category_id` int(11) NOT NULL,
  `news_category_name` varchar(255) DEFAULT NULL,
  `parent_id` int(11) DEFAULT NULL,
  `hierarchy` varchar(255) DEFAULT NULL,
  `long_name` text,
  `create_date` datetime DEFAULT NULL,
  `modified_date` datetime DEFAULT NULL,
  PRIMARY KEY (`news_category_id`)
) ENGINE=MyISAM DEFAULT CHARSET=utf8;
/*!40101 SET character_set_client = @saved_cs_client */;

--
-- Dumping data for table `cms_module_news_categories`
--

LOCK TABLES `cms_module_news_categories` WRITE;
/*!40000 ALTER TABLE `cms_module_news_categories` DISABLE KEYS */;
INSERT INTO `cms_module_news_categories` VALUES (1,'General',-1,'00001','General','2013-10-02 16:55:11','2013-10-02 16:55:11');
/*!40000 ALTER TABLE `cms_module_news_categories` ENABLE KEYS */;
UNLOCK TABLES;

--
-- Table structure for table `cms_module_news_categories_seq`
--

DROP TABLE IF EXISTS `cms_module_news_categories_seq`;
/*!40101 SET @saved_cs_client     = @@character_set_client */;
/*!40101 SET character_set_client = utf8 */;
CREATE TABLE `cms_module_news_categories_seq` (
  `id` int(11) NOT NULL
) ENGINE=MyISAM DEFAULT CHARSET=utf8;
/*!40101 SET character_set_client = @saved_cs_client */;

--
-- Dumping data for table `cms_module_news_categories_seq`
--

LOCK TABLES `cms_module_news_categories_seq` WRITE;
/*!40000 ALTER TABLE `cms_module_news_categories_seq` DISABLE KEYS */;
INSERT INTO `cms_module_news_categories_seq` VALUES (1);
/*!40000 ALTER TABLE `cms_module_news_categories_seq` ENABLE KEYS */;
UNLOCK TABLES;

--
-- Table structure for table `cms_module_news_fielddefs`
--

DROP TABLE IF EXISTS `cms_module_news_fielddefs`;
/*!40101 SET @saved_cs_client     = @@character_set_client */;
/*!40101 SET character_set_client = utf8 */;
CREATE TABLE `cms_module_news_fielddefs` (
  `id` int(11) NOT NULL AUTO_INCREMENT,
  `name` varchar(255) DEFAULT NULL,
  `type` varchar(50) DEFAULT NULL,
  `max_length` int(11) DEFAULT NULL,
  `create_date` datetime DEFAULT NULL,
  `modified_date` datetime DEFAULT NULL,
  `item_order` int(11) DEFAULT NULL,
  `public` int(11) DEFAULT NULL,
  `extra` text,
  PRIMARY KEY (`id`)
) ENGINE=MyISAM DEFAULT CHARSET=utf8;
/*!40101 SET character_set_client = @saved_cs_client */;

--
-- Dumping data for table `cms_module_news_fielddefs`
--

LOCK TABLES `cms_module_news_fielddefs` WRITE;
/*!40000 ALTER TABLE `cms_module_news_fielddefs` DISABLE KEYS */;
/*!40000 ALTER TABLE `cms_module_news_fielddefs` ENABLE KEYS */;
UNLOCK TABLES;

--
-- Table structure for table `cms_module_news_fieldvals`
--

DROP TABLE IF EXISTS `cms_module_news_fieldvals`;
/*!40101 SET @saved_cs_client     = @@character_set_client */;
/*!40101 SET character_set_client = utf8 */;
CREATE TABLE `cms_module_news_fieldvals` (
  `news_id` int(11) NOT NULL,
  `fielddef_id` int(11) NOT NULL,
  `value` text,
  `create_date` datetime DEFAULT NULL,
  `modified_date` datetime DEFAULT NULL,
  PRIMARY KEY (`news_id`,`fielddef_id`)
) ENGINE=MyISAM DEFAULT CHARSET=utf8;
/*!40101 SET character_set_client = @saved_cs_client */;

--
-- Dumping data for table `cms_module_news_fieldvals`
--

LOCK TABLES `cms_module_news_fieldvals` WRITE;
/*!40000 ALTER TABLE `cms_module_news_fieldvals` DISABLE KEYS */;
/*!40000 ALTER TABLE `cms_module_news_fieldvals` ENABLE KEYS */;
UNLOCK TABLES;

--
-- Table structure for table `cms_module_news_seq`
--

DROP TABLE IF EXISTS `cms_module_news_seq`;
/*!40101 SET @saved_cs_client     = @@character_set_client */;
/*!40101 SET character_set_client = utf8 */;
CREATE TABLE `cms_module_news_seq` (
  `id` int(11) NOT NULL
) ENGINE=MyISAM DEFAULT CHARSET=utf8;
/*!40101 SET character_set_client = @saved_cs_client */;

--
-- Dumping data for table `cms_module_news_seq`
--

LOCK TABLES `cms_module_news_seq` WRITE;
/*!40000 ALTER TABLE `cms_module_news_seq` DISABLE KEYS */;
INSERT INTO `cms_module_news_seq` VALUES (1);
/*!40000 ALTER TABLE `cms_module_news_seq` ENABLE KEYS */;
UNLOCK TABLES;

--
-- Table structure for table `cms_module_search_index`
--

DROP TABLE IF EXISTS `cms_module_search_index`;
/*!40101 SET @saved_cs_client     = @@character_set_client */;
/*!40101 SET character_set_client = utf8 */;
CREATE TABLE `cms_module_search_index` (
  `item_id` int(11) DEFAULT NULL,
  `word` varchar(255) DEFAULT NULL,
  `count` int(11) DEFAULT NULL,
  KEY `cms_index_search_count` (`count`),
  KEY `cms_index_search_index` (`word`)
) ENGINE=MyISAM DEFAULT CHARSET=utf8;
/*!40101 SET character_set_client = @saved_cs_client */;

--
-- Dumping data for table `cms_module_search_index`
--

LOCK TABLES `cms_module_search_index` WRITE;
/*!40000 ALTER TABLE `cms_module_search_index` DISABLE KEYS */;
INSERT INTO `cms_module_search_index` VALUES (299,'germplasm',1),(299,'hurdles',1),(299,'minimizes',1),(299,'containing',1),(299,'generates',1),(299,'via',1),(299,'incorporate',1),(299,'promising',1),(299,'integration',1),(299,'precise',1),(299,'rapid',1),(299,'subsequent',1),(78,'slideshow',1),(78,'homepage',1),(299,'plant',1),(299,'validation',1),(299,'identification',1),(299,'platform',1),(299,'build',1),(299,'repeats',1),(299,'palindromic',1),(299,'interspaced',1),(299,'regularly',1),(299,'clustered',1),(299,'crispr',1),(299,'nuclease',1),(299,'effector',1),(299,'like',1),(299,'activator',1),(299,'transcription',1),(299,'talen',1),(299,'including',1),(299,'technology',3),(299,'various',1),(299,'emphasize',1),(299,'utilization',1),(299,'development',1),(299,'intends',1),(299,'approval',1),(299,'obtaining',1),(299,'associated',1),(299,'costs',1),(299,'market',1),(299,'time',1),(299,'increasing',1),(299,'challenges',1),(299,'regulatory',2),(299,'public',1),(299,'efforts',1),(299,'improvement',1),(299,'transgenic',1),(299,'critical',1),(299,'production',1),(299,'accelerate',1),(299,'dramatically',2),(299,'traditional',1),(299,'complement',1),(299,'therefore',1),(299,'capabilities',1),(299,'testing',2),(299,'outstrips',1),(299,'clearly',1),(299,'now',1),(299,'useful',1),(299,'potentially',1),(299,'rate',1),(299,'discovery',1),(299,'moreover',1),(299,'alleles',1),(299,'natural',1),(299,'available',1),(299,'architectures',1),(299,'genetic',1),(299,'plausible',1),(299,'fraction',1),(299,'leverage',1),(299,'varieties',1),(299,'current',2),(299,'paradoxically',1),(299,'demand',2),(299,'short',2),(299,'fall',1),(299,'begun',1),(299,'breeding',2),(299,'intensive',1),(299,'management',2),(299,'improved',2),(299,'combination',1),(299,'historically',1),(299,'succeeded',1),(299,'increases',1),(299,'yield',1),(299,'fiber',1),(299,'gmos',1),(299,'organisms',1),(299,'modified',1),(299,'genetically',1),(299,'classic',1),(299,'regulation',1),(299,'stringent',1),(299,'less',1),(299,'face',3),(299,'may',1),(299,'thus',2),(299,'transgenes',2),(299,'contain',1),(299,'bioengineered',4),(299,'produce',1),(299,'can',1),(299,'employed',1),(299,'novel',3),(299,'importantly',2),(299,'plants',2),(299,'key',1),(299,'genes',3),(299,'underlying',1),(299,'important',3),(299,'strategically',2),(299,'integrate',1),(299,'precisely',1),(317,'announced',1),(317,'awards',1),(317,'interdisciplinary',1),(317,'initiative',1),(317,'presidential',1),(317,'seven',1),(317,'june',1),(317,'underway',1),(317,'already',1),(317,'endeavors',1),(317,'swing',1),(317,'coordination',1),(317,'planning',1),(317,'meeting',1),(317,'member',1),(317,'full',2),(317,'first',1),(317,'september',1),(317,'news',1),(317,'latest',1),(317,'yang',1),(317,'bing',1),(317,'transformation',1),(317,'genetic',2),(317,'agronomyrole',1),(317,'wang',1),(317,'kan',1),(317,'discovery',2),(317,'trait',2),(317,'editing',3),(317,'biologyrole',2),(317,'cell',2),(317,'development',3),(317,'genetics',2),(317,'investigatordepartment',3),(317,'principle',3),(317,'spalding',1),(317,'martin',1),(317,'scientists',1),(317,'edu',1),(317,'cropbioengineering@iastate',1),(317,'email',1),(317,'via',1),(317,'contact',1),(317,'please',1),(317,'working',1),(317,'interested',1),(317,'hiring',1),(317,'we\'re',1),(317,'coordinator',2),(317,'project',3),(317,'specialist',2),(317,'read',4),(317,'acceptance',1),(317,'public',1),(317,'access',1),(317,'technology',4),(317,'issues',1),(317,'interface',1),(317,'tools',1),(317,'afforded',1),(317,'technological',1),(317,'understanding',1),(317,'clearer',1),(317,'communicate',1),(317,'seek',1),(317,'2013',3),(317,'november',1),(317,'improvement',2),(317,'animal',2),(317,'plant',2),(317,'mutagenesis',2),(317,'directed',2),(317,'site',2),(317,'using',1),(317,'opportunities',2),(317,'science',1),(317,'registration',1),(317,'workshop',2),(317,'events',1),(317,'activities',1),(317,'gmos',1),(317,'organisms',1),(317,'modified',1),(317,'genetically',1),(317,'classic',1),(317,'regulation',2),(317,'stringent',1),(317,'less',1),(317,'face',1),(317,'may',1),(317,'thus',1),(317,'transgenes',1),(317,'contain',1),(317,'bioengineered',1),(317,'produce',1),(317,'can',1),(317,'employed',1),(317,'novel',1),(317,'importantly',1),(317,'plants',1),(317,'key',1),(317,'genes',1),(317,'underlying',1),(317,'important',1),(317,'strategically',1),(317,'integrate',1),(317,'precisely',1),(317,'rapidly',1),(317,'validate',1),(317,'identify',1),(317,'technologies',2),(317,'engineering',1),(317,'genome',3),(317,'transformative',1),(317,'innovative',1),(317,'deploy',1),(317,'work',1),(317,'will',1),(317,'members',1),(317,'together',2),(317,'crops',2),(317,'variety',1),(317,'traits',2),(317,'valuable',1),(317,'enable',1),(317,'research',3),(317,'applied',1),(317,'basic',1),(317,'population',1),(317,'burgeoning',1),(317,'world’s',1),(317,'chemicals',1),(317,'biorenewable',1),(317,'biofuels',1),(317,'feed',1),(317,'food',1),(317,'sufficient',1),(317,'challenge',1),(299,'rapidly',1),(299,'validate',1),(299,'identify',1),(299,'technologies',4),(299,'engineering',3),(299,'genome',2),(299,'transformative',2),(299,'innovative',2),(299,'deploy',1),(405,'registration',4),(405,'user',4),(383,'list',4),(383,'event',4),(322,'details',4),(322,'event',4),(407,'login',4),(318,'verification',1),(318,'jianming',1),(318,'yin',1),(318,'yanhai',1),(318,'yang',1),(318,'bing',1),(318,'wright',1),(318,'economic',1),(318,'environmental',1),(318,'david',1),(313,'verification',1),(313,'integration',2),(313,'jianming',1),(313,'yang',1),(313,'bing',1),(313,'societal',1),(313,'environmental',1),(318,'regulatory',1),(312,'yang',1),(312,'bing',1),(407,'event',4),(318,'wolt',1),(318,'jeffery',1),(318,'bioethics',2),(318,'impacts',3),(318,'societal',3),(318,'studies',1),(318,'religious',1),(318,'philosphy',1),(318,'wolf',1),(318,'clark',1),(318,'whitham',1),(318,'steve',1),(318,'biochemistry',1),(318,'weeks',1),(318,'donald',1),(318,'transformation',1),(318,'genetic',1),(318,'wang',1),(318,'kan',1),(318,'gene',1),(318,'vollbrecht',1),(318,'erik',1),(318,'council',1),(318,'advisory',1),(318,'chair',1),(318,'editing',4),(318,'principle',3),(318,'spalding',1),(318,'martin',1),(318,'technology',7),(318,'sequencing',1),(318,'schnable',1),(318,'patrick',1),(318,'integration',3),(318,'fernandez',1),(318,'salas',1),(313,'economic',1),(313,'regulatory',1),(299,'work',1),(299,'will',3),(299,'members',1),(299,'together',2),(299,'crops',5),(299,'variety',1),(299,'traits',5),(313,'bioethics',1),(313,'impacts',2),(313,'social',1),(313,'wolt',1),(313,'jeffery',1),(313,'microbiology',1),(313,'pathology',1),(313,'plant',1),(313,'whitham',1),(313,'steven',1),(313,'transformation',1),(313,'genetic',1),(313,'agronomy',3),(313,'wang',1),(318,'maria',1),(318,'allele',1),(318,'lubberstedt',1),(318,'team',7),(318,'bioinformatics',1),(318,'leader',7),(318,'lawrence',1),(318,'carolyn',1),(318,'lamkey',1),(318,'kendall',1),(318,'statistics',1),(318,'lincoln',2),(312,'team',2),(312,'leader',2),(312,'transformation',1),(312,'genetic',1),(312,'agronomy',1),(312,'wang',1),(312,'kan',1),(312,'bio',3),(312,'full',3),(312,'read',3),(312,'advisory',1),(312,'chair',1),(312,'discovery',2),(312,'trait',2),(312,'technology',5),(312,'editing',3),(312,'genome',3),(312,'role',3),(312,'biology',2),(312,'cell',2),(312,'development',3),(312,'genetics',2),(312,'department',3),(312,'investigator',3),(312,'principle',3),(312,'spalding',1),(312,'martin',1),(318,'nebraska',2),(318,'ladunga',1),(318,'istvan',1),(318,'urbana',1),(318,'champaign',1),(318,'illinois',1),(318,'sciences',1),(318,'ars',2),(318,'usda',2),(318,'huber',1),(318,'steven',1),(318,'howell',1),(318,'stephen',1),(318,'issues',1),(318,'policy',1),(318,'hayes',1),(318,'economics',2),(313,'kan',1),(313,'validation',3),(313,'vollbrecht',1),(313,'erik',1),(313,'team',7),(313,'leader',7),(313,'informatics',2),(313,'crop',1),(313,'ars',1),(313,'usda',1),(313,'senior',5),(313,'lawrence',1),(313,'carolyn',1),(313,'bio',8),(313,'full',8),(313,'read',8),(313,'chair',1),(313,'discovery',7),(313,'trait',8),(313,'technology',5),(313,'editing',3),(313,'genome',5),(313,'role',8),(313,'biology',4),(313,'cell',4),(313,'development',5),(313,'genetics',4),(313,'department',8),(313,'investigator',8),(313,'principle',3),(313,'spalding',1),(313,'advisory',5),(313,'council',5),(313,'martin',1),(299,'valuable',2),(299,'enable',1),(299,'research',1),(299,'applied',1),(299,'basic',1),(299,'population',2),(299,'burgeoning',2),(299,'world’s',2),(299,'chemicals',2),(299,'biorenewable',2),(299,'biofuels',2),(299,'feed',2),(299,'food',2),(299,'sufficient',2),(299,'provide',2),(299,'challenge',3),(299,'grand',3),(299,'urgent',2),(299,'address',2),(299,'seeks',1),(299,'cbc',5),(299,'consortium',2),(299,'bioengineering',3),(299,'crop',8),(299,'isu',1),(299,'mission',1),(318,'dermot',1),(318,'informatics',4),(318,'university',4),(318,'indiana',1),(318,'informaticsr',1),(318,'genome',9),(318,'crop',6),(318,'brendel',1),(318,'volker',1),(318,'bhattacharyya',1),(318,'madan',1),(318,'biology',10),(318,'cell',8),(318,'development',9),(318,'genetics',8),(318,'becraft',1),(318,'phil',1),(318,'optimization',3),(318,'modeling',2),(318,'agronomy',9),(318,'beavis',1),(318,'william',1),(318,'bio',25),(318,'full',25),(318,'read',25),(318,'validation',12),(318,'discovery',18),(318,'trait',19),(318,'role',25),(318,'microbiology',2),(318,'plant',3),(318,'pathology',2),(34,'news',5),(34,'module',3),(34,'installed',3),(34,'exciting',1),(34,'article',2),(34,'using',1),(34,'summary',1),(34,'field',1),(34,'therefore',1),(34,'link',1),(34,'read',2),(34,'can',1),(34,'click',1),(34,'heading',1),(372,'registration',4),(372,'event',4),(318,'department',25),(318,'investigator',24),(318,'senior',21),(318,'baum',1),(318,'thomas',2),(318,'investigators',4),(317,'provide',1),(317,'grand',1),(317,'urgent',1),(317,'address',1),(317,'seeks',1),(317,'cbc',2),(317,'consortium',1),(317,'bioengineering',2),(317,'crop',2),(317,'isu',2),(317,'mission',1),(317,'home',4);
/*!40000 ALTER TABLE `cms_module_search_index` ENABLE KEYS */;
UNLOCK TABLES;

--
-- Table structure for table `cms_module_search_items`
--

DROP TABLE IF EXISTS `cms_module_search_items`;
/*!40101 SET @saved_cs_client     = @@character_set_client */;
/*!40101 SET character_set_client = utf8 */;
CREATE TABLE `cms_module_search_items` (
  `id` int(11) NOT NULL,
  `module_name` varchar(100) DEFAULT NULL,
  `content_id` int(11) DEFAULT NULL,
  `extra_attr` varchar(100) DEFAULT NULL,
  `expires` datetime DEFAULT NULL,
  PRIMARY KEY (`id`),
  KEY `module_name` (`module_name`),
  KEY `content_id` (`content_id`),
  KEY `extra_attr` (`extra_attr`),
  KEY `cms_index_search_items` (`module_name`,`content_id`)
) ENGINE=MyISAM DEFAULT CHARSET=utf8;
/*!40101 SET character_set_client = @saved_cs_client */;

--
-- Dumping data for table `cms_module_search_items`
--

LOCK TABLES `cms_module_search_items` WRITE;
/*!40000 ALTER TABLE `cms_module_search_items` DISABLE KEYS */;
INSERT INTO `cms_module_search_items` VALUES (317,'Search',15,'content',NULL),(407,'Search',73,'content',NULL),(322,'Search',74,'content',NULL),(383,'Search',75,'content',NULL),(372,'Search',72,'content',NULL),(299,'Search',63,'content',NULL),(78,'Showtime',1,'show',NULL),(312,'Search',64,'content',NULL),(313,'Search',65,'content',NULL),(405,'Search',76,'content',NULL),(34,'News',1,'article',NULL),(318,'Search',57,'content',NULL);
/*!40000 ALTER TABLE `cms_module_search_items` ENABLE KEYS */;
UNLOCK TABLES;

--
-- Table structure for table `cms_module_search_items_seq`
--

DROP TABLE IF EXISTS `cms_module_search_items_seq`;
/*!40101 SET @saved_cs_client     = @@character_set_client */;
/*!40101 SET character_set_client = utf8 */;
CREATE TABLE `cms_module_search_items_seq` (
  `id` int(11) NOT NULL
) ENGINE=MyISAM DEFAULT CHARSET=utf8;
/*!40101 SET character_set_client = @saved_cs_client */;

--
-- Dumping data for table `cms_module_search_items_seq`
--

LOCK TABLES `cms_module_search_items_seq` WRITE;
/*!40000 ALTER TABLE `cms_module_search_items_seq` DISABLE KEYS */;
INSERT INTO `cms_module_search_items_seq` VALUES (407);
/*!40000 ALTER TABLE `cms_module_search_items_seq` ENABLE KEYS */;
UNLOCK TABLES;

--
-- Table structure for table `cms_module_search_words`
--

DROP TABLE IF EXISTS `cms_module_search_words`;
/*!40101 SET @saved_cs_client     = @@character_set_client */;
/*!40101 SET character_set_client = utf8 */;
CREATE TABLE `cms_module_search_words` (
  `word` varchar(255) NOT NULL,
  `count` int(11) DEFAULT NULL,
  PRIMARY KEY (`word`)
) ENGINE=MyISAM DEFAULT CHARSET=utf8;
/*!40101 SET character_set_client = @saved_cs_client */;

--
-- Dumping data for table `cms_module_search_words`
--

LOCK TABLES `cms_module_search_words` WRITE;
/*!40000 ALTER TABLE `cms_module_search_words` DISABLE KEYS */;
INSERT INTO `cms_module_search_words` VALUES ('cms',3),('enter',3),('search',3),('investigators',2),('leadership',2),('events',1),('contact',1),('isu',1),('crop',1),('genetics',1),('asdfasdf',1),('biology',3),('carolyn',1),('gdcb',1),('extension',1);
/*!40000 ALTER TABLE `cms_module_search_words` ENABLE KEYS */;
UNLOCK TABLES;

--
-- Table structure for table `cms_module_selfreg_grps`
--

DROP TABLE IF EXISTS `cms_module_selfreg_grps`;
/*!40101 SET @saved_cs_client     = @@character_set_client */;
/*!40101 SET character_set_client = utf8 */;
CREATE TABLE `cms_module_selfreg_grps` (
  `user` int(11) NOT NULL,
  `gid` int(11) NOT NULL,
  PRIMARY KEY (`user`,`gid`)
) ENGINE=MyISAM DEFAULT CHARSET=utf8;
/*!40101 SET character_set_client = @saved_cs_client */;

--
-- Dumping data for table `cms_module_selfreg_grps`
--

LOCK TABLES `cms_module_selfreg_grps` WRITE;
/*!40000 ALTER TABLE `cms_module_selfreg_grps` DISABLE KEYS */;
/*!40000 ALTER TABLE `cms_module_selfreg_grps` ENABLE KEYS */;
UNLOCK TABLES;

--
-- Table structure for table `cms_module_selfreg_paidpkgs`
--

DROP TABLE IF EXISTS `cms_module_selfreg_paidpkgs`;
/*!40101 SET @saved_cs_client     = @@character_set_client */;
/*!40101 SET character_set_client = utf8 */;
CREATE TABLE `cms_module_selfreg_paidpkgs` (
  `id` int(11) NOT NULL AUTO_INCREMENT,
  `name` varchar(255) DEFAULT NULL,
  `prompt` varchar(255) DEFAULT NULL,
  `description` text,
  `gid` int(11) DEFAULT NULL,
  `subscr_num` int(11) DEFAULT NULL,
  `subscr_type` varchar(10) DEFAULT NULL,
  `cost` double DEFAULT NULL,
  PRIMARY KEY (`id`)
) ENGINE=MyISAM DEFAULT CHARSET=utf8;
/*!40101 SET character_set_client = @saved_cs_client */;

--
-- Dumping data for table `cms_module_selfreg_paidpkgs`
--

LOCK TABLES `cms_module_selfreg_paidpkgs` WRITE;
/*!40000 ALTER TABLE `cms_module_selfreg_paidpkgs` DISABLE KEYS */;
/*!40000 ALTER TABLE `cms_module_selfreg_paidpkgs` ENABLE KEYS */;
UNLOCK TABLES;

--
-- Table structure for table `cms_module_selfreg_properties`
--

DROP TABLE IF EXISTS `cms_module_selfreg_properties`;
/*!40101 SET @saved_cs_client     = @@character_set_client */;
/*!40101 SET character_set_client = utf8 */;
CREATE TABLE `cms_module_selfreg_properties` (
  `id` int(11) NOT NULL,
  `user` int(11) DEFAULT NULL,
  `title` varchar(100) DEFAULT NULL,
  `data` text,
  PRIMARY KEY (`id`)
) ENGINE=MyISAM DEFAULT CHARSET=utf8;
/*!40101 SET character_set_client = @saved_cs_client */;

--
-- Dumping data for table `cms_module_selfreg_properties`
--

LOCK TABLES `cms_module_selfreg_properties` WRITE;
/*!40000 ALTER TABLE `cms_module_selfreg_properties` DISABLE KEYS */;
/*!40000 ALTER TABLE `cms_module_selfreg_properties` ENABLE KEYS */;
UNLOCK TABLES;

--
-- Table structure for table `cms_module_selfreg_properties_seq`
--

DROP TABLE IF EXISTS `cms_module_selfreg_properties_seq`;
/*!40101 SET @saved_cs_client     = @@character_set_client */;
/*!40101 SET character_set_client = utf8 */;
CREATE TABLE `cms_module_selfreg_properties_seq` (
  `id` int(11) NOT NULL
) ENGINE=MyISAM DEFAULT CHARSET=utf8;
/*!40101 SET character_set_client = @saved_cs_client */;

--
-- Dumping data for table `cms_module_selfreg_properties_seq`
--

LOCK TABLES `cms_module_selfreg_properties_seq` WRITE;
/*!40000 ALTER TABLE `cms_module_selfreg_properties_seq` DISABLE KEYS */;
INSERT INTO `cms_module_selfreg_properties_seq` VALUES (0);
/*!40000 ALTER TABLE `cms_module_selfreg_properties_seq` ENABLE KEYS */;
UNLOCK TABLES;

--
-- Table structure for table `cms_module_selfreg_users`
--

DROP TABLE IF EXISTS `cms_module_selfreg_users`;
/*!40101 SET @saved_cs_client     = @@character_set_client */;
/*!40101 SET character_set_client = utf8 */;
CREATE TABLE `cms_module_selfreg_users` (
  `id` int(11) NOT NULL,
  `group_id` int(11) DEFAULT NULL,
  `username` varchar(80) DEFAULT NULL,
  `passsword` varchar(32) DEFAULT NULL,
  `code` varchar(20) DEFAULT NULL,
  `createdate` datetime DEFAULT NULL,
  `overwrite_uid` int(11) DEFAULT NULL,
  PRIMARY KEY (`id`)
) ENGINE=MyISAM DEFAULT CHARSET=utf8;
/*!40101 SET character_set_client = @saved_cs_client */;

--
-- Dumping data for table `cms_module_selfreg_users`
--

LOCK TABLES `cms_module_selfreg_users` WRITE;
/*!40000 ALTER TABLE `cms_module_selfreg_users` DISABLE KEYS */;
/*!40000 ALTER TABLE `cms_module_selfreg_users` ENABLE KEYS */;
UNLOCK TABLES;

--
-- Table structure for table `cms_module_selfreg_users_seq`
--

DROP TABLE IF EXISTS `cms_module_selfreg_users_seq`;
/*!40101 SET @saved_cs_client     = @@character_set_client */;
/*!40101 SET character_set_client = utf8 */;
CREATE TABLE `cms_module_selfreg_users_seq` (
  `id` int(11) NOT NULL
) ENGINE=MyISAM DEFAULT CHARSET=utf8;
/*!40101 SET character_set_client = @saved_cs_client */;

--
-- Dumping data for table `cms_module_selfreg_users_seq`
--

LOCK TABLES `cms_module_selfreg_users_seq` WRITE;
/*!40000 ALTER TABLE `cms_module_selfreg_users_seq` DISABLE KEYS */;
INSERT INTO `cms_module_selfreg_users_seq` VALUES (10);
/*!40000 ALTER TABLE `cms_module_selfreg_users_seq` ENABLE KEYS */;
UNLOCK TABLES;

--
-- Table structure for table `cms_module_showtime`
--

DROP TABLE IF EXISTS `cms_module_showtime`;
/*!40101 SET @saved_cs_client     = @@character_set_client */;
/*!40101 SET character_set_client = utf8 */;
CREATE TABLE `cms_module_showtime` (
  `picture_id` int(11) NOT NULL,
  `active` tinyint(4) DEFAULT '1',
  `show_id` int(11) DEFAULT NULL,
  `picture_name` varchar(80) DEFAULT NULL,
  `picture_number` int(11) DEFAULT NULL,
  `picture_url` varchar(255) DEFAULT NULL,
  `picture_url_target` varchar(10) DEFAULT NULL,
  `picture_url_nature` varchar(20) DEFAULT NULL,
  `thumbnail_path` varchar(255) DEFAULT NULL,
  `picture_path` varchar(255) DEFAULT NULL,
  `comment` text,
  PRIMARY KEY (`picture_id`)
) ENGINE=MyISAM DEFAULT CHARSET=utf8;
/*!40101 SET character_set_client = @saved_cs_client */;

--
-- Dumping data for table `cms_module_showtime`
--

LOCK TABLES `cms_module_showtime` WRITE;
/*!40000 ALTER TABLE `cms_module_showtime` DISABLE KEYS */;
INSERT INTO `cms_module_showtime` VALUES (1,1,1,'slide1.png',1,'57','_self','internal page','//thumb_slide1.jpg','/slide1.jpg','');
/*!40000 ALTER TABLE `cms_module_showtime` ENABLE KEYS */;
UNLOCK TABLES;

--
-- Table structure for table `cms_module_showtime_name`
--

DROP TABLE IF EXISTS `cms_module_showtime_name`;
/*!40101 SET @saved_cs_client     = @@character_set_client */;
/*!40101 SET character_set_client = utf8 */;
CREATE TABLE `cms_module_showtime_name` (
  `show_id` int(11) NOT NULL,
  `show_name` varchar(80) DEFAULT NULL,
  `st_animationtype` varchar(15) DEFAULT NULL,
  `st_height` int(11) DEFAULT NULL,
  `st_width` int(11) DEFAULT NULL,
  `st_rotatetime` double DEFAULT NULL,
  `st_transitiontime` double DEFAULT NULL,
  `st_transition` varchar(30) DEFAULT NULL,
  `st_easeFunc` varchar(30) DEFAULT NULL,
  `st_ease` varchar(30) DEFAULT NULL,
  `st_autoplay` tinyint(4) DEFAULT NULL,
  `st_showcontrols` tinyint(4) DEFAULT NULL,
  `st_showcontrolssub` int(11) DEFAULT NULL,
  `st_textbgcolor` varchar(10) DEFAULT NULL,
  `st_showtext` tinyint(4) DEFAULT NULL,
  `st_showcomment` tinyint(4) DEFAULT NULL,
  `st_showalt` tinyint(4) DEFAULT NULL,
  `st_textcolor` varchar(10) DEFAULT NULL,
  `st_textsize` int(11) DEFAULT NULL,
  `st_titlesize` int(11) DEFAULT NULL,
  `st_fonttype` varchar(50) DEFAULT NULL,
  `st_bgcolor` varchar(10) DEFAULT NULL,
  `st_scale` varchar(30) DEFAULT NULL,
  `st_shuffle` tinyint(4) DEFAULT NULL,
  `st_wmode` varchar(20) DEFAULT NULL,
  `st_commentpos` varchar(10) DEFAULT NULL,
  `st_navbut` tinyint(4) DEFAULT NULL,
  `st_nav_bordercolor` varchar(10) DEFAULT NULL,
  `st_nav_bordersize` int(11) DEFAULT NULL,
  `st_nav_radius` int(11) DEFAULT NULL,
  `st_nav_bgcolor` varchar(10) DEFAULT NULL,
  `st_nav_bgactivecolor` varchar(10) DEFAULT NULL,
  `st_nav_textcolor` varchar(10) DEFAULT NULL,
  `st_nav_showtext` tinyint(4) DEFAULT NULL,
  `st_nav_size` int(11) DEFAULT NULL,
  `st_nav_pos` varchar(20) DEFAULT NULL,
  `st_nav_padding` int(11) DEFAULT NULL,
  `st_target` varchar(15) DEFAULT NULL,
  `st_link` varchar(20) DEFAULT NULL,
  `st_theme` varchar(10) DEFAULT NULL,
  `st_slices` int(11) DEFAULT NULL,
  `st_box_x` int(11) DEFAULT NULL,
  `st_box_y` int(11) DEFAULT NULL,
  `st_thumb_nav` tinyint(4) DEFAULT NULL,
  `st_start_slide` int(11) DEFAULT NULL,
  `st_pauseonhover` tinyint(4) DEFAULT NULL,
  `st_controlshide` tinyint(4) DEFAULT NULL,
  `st_captionopacity` varchar(5) DEFAULT NULL,
  PRIMARY KEY (`show_id`)
) ENGINE=MyISAM DEFAULT CHARSET=utf8;
/*!40101 SET character_set_client = @saved_cs_client */;

--
-- Dumping data for table `cms_module_showtime_name`
--

LOCK TABLES `cms_module_showtime_name` WRITE;
/*!40000 ALTER TABLE `cms_module_showtime_name` DISABLE KEYS */;
INSERT INTO `cms_module_showtime_name` VALUES (1,'Homepage Slideshow','jQuery',327,640,5,1,'toss','Linear','easeOut',1,1,0,'#000000',1,1,1,'#eeeeee',12,16,'sans','#000000','exactfit',0,'window','top',1,'#444040',2,8,'#ededed','#61d3ff','#333333',0,10,'bottom_right',5,'_self','internal page','default',15,8,4,0,0,1,0,'0.8');
/*!40000 ALTER TABLE `cms_module_showtime_name` ENABLE KEYS */;
UNLOCK TABLES;

--
-- Table structure for table `cms_module_showtime_name_seq`
--

DROP TABLE IF EXISTS `cms_module_showtime_name_seq`;
/*!40101 SET @saved_cs_client     = @@character_set_client */;
/*!40101 SET character_set_client = utf8 */;
CREATE TABLE `cms_module_showtime_name_seq` (
  `id` int(11) NOT NULL
) ENGINE=MyISAM DEFAULT CHARSET=utf8;
/*!40101 SET character_set_client = @saved_cs_client */;

--
-- Dumping data for table `cms_module_showtime_name_seq`
--

LOCK TABLES `cms_module_showtime_name_seq` WRITE;
/*!40000 ALTER TABLE `cms_module_showtime_name_seq` DISABLE KEYS */;
INSERT INTO `cms_module_showtime_name_seq` VALUES (1);
/*!40000 ALTER TABLE `cms_module_showtime_name_seq` ENABLE KEYS */;
UNLOCK TABLES;

--
-- Table structure for table `cms_module_showtime_seq`
--

DROP TABLE IF EXISTS `cms_module_showtime_seq`;
/*!40101 SET @saved_cs_client     = @@character_set_client */;
/*!40101 SET character_set_client = utf8 */;
CREATE TABLE `cms_module_showtime_seq` (
  `id` int(11) NOT NULL
) ENGINE=MyISAM DEFAULT CHARSET=utf8;
/*!40101 SET character_set_client = @saved_cs_client */;

--
-- Dumping data for table `cms_module_showtime_seq`
--

LOCK TABLES `cms_module_showtime_seq` WRITE;
/*!40000 ALTER TABLE `cms_module_showtime_seq` DISABLE KEYS */;
INSERT INTO `cms_module_showtime_seq` VALUES (1);
/*!40000 ALTER TABLE `cms_module_showtime_seq` ENABLE KEYS */;
UNLOCK TABLES;

--
-- Table structure for table `cms_module_smarty_plugins`
--

DROP TABLE IF EXISTS `cms_module_smarty_plugins`;
/*!40101 SET @saved_cs_client     = @@character_set_client */;
/*!40101 SET character_set_client = utf8 */;
CREATE TABLE `cms_module_smarty_plugins` (
  `sig` varchar(80) NOT NULL,
  `name` varchar(80) DEFAULT NULL,
  `module` varchar(160) DEFAULT NULL,
  `type` varchar(40) DEFAULT NULL,
  `callback` varchar(255) DEFAULT NULL,
  `available` int(11) DEFAULT NULL,
  `cachable` tinyint(4) DEFAULT NULL,
  PRIMARY KEY (`sig`)
) ENGINE=MyISAM DEFAULT CHARSET=utf8;
/*!40101 SET character_set_client = @saved_cs_client */;

--
-- Dumping data for table `cms_module_smarty_plugins`
--

LOCK TABLES `cms_module_smarty_plugins` WRITE;
/*!40000 ALTER TABLE `cms_module_smarty_plugins` DISABLE KEYS */;
INSERT INTO `cms_module_smarty_plugins` VALUES ('a13f88201fd98d2fbb219f4bb4d4d75e','FileManager','FileManager','function','s:15:\"function_plugin\";',1,0),('d077ec0a46ac7ac76f7ebb22bf223dd5','MenuManager','MenuManager','function','s:15:\"function_plugin\";',1,0),('0d66b5f48afdb3ab28b1b00f23e3251f','menu','MenuManager','function','s:15:\"function_plugin\";',1,1),('042ecc80bd5585fce43393f9d3f434b6','cms_breadcrumbs','MenuManager','function','s:22:\"smarty_cms_breadcrumbs\";',1,1),('6db731a58353c03d0b79fe4e4adacdbd','News','News','function','s:15:\"function_plugin\";',1,0),('1ec62e1e885cc0fd80237da2d5ea8778','news','News','function','s:15:\"function_plugin\";',1,1),('bb0d76390dd2c0ab4e365e2e49d534b0','Search','Search','function','s:15:\"function_plugin\";',1,0),('f3114372c8995dd5974b0306430a3ce3','search','Search','function','s:15:\"function_plugin\";',1,1),('f6e43872aac4a496d83f8adbd0eb4d3d','FrontEndUsers','FrontEndUsers','function','s:15:\"function_plugin\";',1,0);
/*!40000 ALTER TABLE `cms_module_smarty_plugins` ENABLE KEYS */;
UNLOCK TABLES;

--
-- Table structure for table `cms_module_templates`
--

DROP TABLE IF EXISTS `cms_module_templates`;
/*!40101 SET @saved_cs_client     = @@character_set_client */;
/*!40101 SET character_set_client = utf8 */;
CREATE TABLE `cms_module_templates` (
  `module_name` varchar(160) DEFAULT NULL,
  `template_name` varchar(160) DEFAULT NULL,
  `content` text,
  `create_date` datetime DEFAULT NULL,
  `modified_date` datetime DEFAULT NULL,
  KEY `cms_index_module_templates_by_module_name_template_name` (`module_name`,`template_name`)
) ENGINE=MyISAM DEFAULT CHARSET=utf8;
/*!40101 SET character_set_client = @saved_cs_client */;

--
-- Dumping data for table `cms_module_templates`
--

LOCK TABLES `cms_module_templates` WRITE;
/*!40000 ALTER TABLE `cms_module_templates` DISABLE KEYS */;
INSERT INTO `cms_module_templates` VALUES ('CMSPrinting','linktemplate','{if isset($imgsrc)}\n{capture assign=\'image\'}\n  <img src=\"{$imgsrc}\" title=\"{$linktext}\" alt=\"{$linktext}\" {if isset($imgclass) && $imgclass!=\'\'}class=\"{$imgclass}\"{/if} />\n{/capture}\n<a href=\"{$href}\" class=\"{$class}\" {$target} {if isset($more)}{$more}{/if} rel=\"nofollow\">{$image}</a>\n{else}\n<a href=\"{$href}\" class=\"{$class}\" {$target} {if isset($more)}{$more}{/if} rel=\"nofollow\">{$linktext}</a>\n{/if}\n','2013-10-02 16:55:11','2013-10-02 16:55:11'),('CMSPrinting','printtemplate','<!DOCTYPE html PUBLIC \"-//W3C//DTD XHTML 1.0 Transitional//EN\"\n\"http://www.w3.org/TR/xhtml1/DTD/xhtml1-transitional.dtd\">\n<html xmlns=\"http://www.w3.org/1999/xhtml\" xml:lang=\"en\" lang=\"en\">\n  <head>\n    <title>Printing {title}</title>\n    <meta name=\"robots\" content=\"noindex\" />\n    <base href=\"{$rooturl}\" />\n    <meta name=\"Generator\" content=\"CMS Made Simple - Copyright (C) 2004-12 Ted Kulp. All rights reserved.\" />\n    <meta http-equiv=\"Content-Type\" content=\"text/html; charset={$encoding}\" />\n\n    {cms_stylesheet media=\'print\' templateid=$templateid}\n\n    {if $overridestylesheet!=\'\'}\n    <style type=\"text/css\">\n    {$overridestylesheet}\n    </style>\n    {/if}\n    \n  </head>\n  <body style=\"background-color: white; color: black; background-image: none; text-align: left;\">	\n    {$content}\n        \n    {$printscript}\n  </body>\n</html>\n','2013-10-02 16:55:11','2013-10-02 16:55:11'),('News','summarySample','<!-- Start News Display Template -->\n{* This section shows a clickable list of your News categories. *}\n<ul class=\"list1\">\n{foreach from=$cats item=node}\n{if $node.depth > $node.prevdepth}\n{repeat string=\"<ul>\" times=$node.depth-$node.prevdepth}\n{elseif $node.depth < $node.prevdepth}\n{repeat string=\"</li></ul>\" times=$node.prevdepth-$node.depth}\n</li>\n{elseif $node.index > 0}</li>\n{/if}\n<li{if $node.index == 0} class=\"firstnewscat\"{/if}>\n{if $node.count > 0}\n	<a href=\"{$node.url}\">{$node.news_category_name}</a>{else}<span>{$node.news_category_name} </span>{/if}\n{/foreach}\n{repeat string=\"</li></ul>\" times=$node.depth-1}</li>\n</ul>\n\n{* this displays the category name if you\'re browsing by category *}\n{if $category_name}\n<h1>{$category_name}</h1>\n{/if}\n\n{* if you don\'t want category browsing on your summary page, remove this line and everything above it *}\n\n{if $pagecount > 1}\n  <p>\n{if $pagenumber > 1}\n{$firstpage}&nbsp;{$prevpage}&nbsp;\n{/if}\n{$pagetext}&nbsp;{$pagenumber}&nbsp;{$oftext}&nbsp;{$pagecount}\n{if $pagenumber < $pagecount}\n&nbsp;{$nextpage}&nbsp;{$lastpage}\n{/if}\n</p>\n{/if}\n{foreach from=$items item=entry}\n<div class=\"NewsSummary\">\n\n{if $entry->postdate}\n	<div class=\"NewsSummaryPostdate\">\n		{$entry->postdate|cms_date_format}\n	</div>\n{/if}\n\n<div class=\"NewsSummaryLink\">\n<a href=\"{$entry->moreurl}\" title=\"{$entry->title|cms_escape:htmlall}\">{$entry->title|cms_escape}</a>\n</div>\n\n<div class=\"NewsSummaryCategory\">\n	{$category_label} {$entry->category}\n</div>\n\n{if $entry->author}\n	<div class=\"NewsSummaryAuthor\">\n		{$author_label} {$entry->author}\n	</div>\n{/if}\n\n{if $entry->summary}\n	<div class=\"NewsSummarySummary\">\n		{eval var=$entry->summary}\n	</div>\n\n	<div class=\"NewsSummaryMorelink\">\n		[{$entry->morelink}]\n	</div>\n\n{else if $entry->content}\n\n	<div class=\"NewsSummaryContent\">\n		{eval var=$entry->content}\n	</div>\n{/if}\n\n{if isset($entry->extra)}\n    <div class=\"NewsSummaryExtra\">\n        {eval var=$entry->extra}\n	{* {cms_module module=\'Uploads\' mode=\'simpleurl\' upload_id=$entry->extravalue} *}\n    </div>\n{/if}\n{if isset($entry->fields)}\n  {foreach from=$entry->fields item=\'field\'}\n     <div class=\"NewsSummaryField\">\n        {if $field->type == \'file\'}\n          <img src=\"{$entry->file_location}/{$field->displayvalue}\"/>\n        {else}\n          {$field->name}:&nbsp;{eval var=$field->displayvalue}\n        {/if}\n     </div>\n  {/foreach}\n{/if}\n\n</div>\n{/foreach}\n<!-- End News Display Template -->\n','2013-10-02 16:55:11','2013-10-02 16:55:11'),('News','summarySummary_Simplex','{strip}\r\n\r\n<!-- .news-summary wrapper -->\r\n<article class=\'news-summary\'>\r\n<span class=\'heading\'><span>News</span></span>\r\n        <ul class=\'category-list cf\'>\r\n        {foreach from=$cats item=\'node\'}\r\n        {if $node.depth > $node.prevdepth}\r\n            {repeat string=\'<ul>\' times=$node.depth-$node.prevdepth}\r\n        {elseif $node.depth < $node.prevdepth}\r\n            {repeat string=\'</li></ul>\' times=$node.prevdepth-$node.depth}\r\n            </li>\r\n            {elseif $node.index > 0}</li>\r\n            {/if}\r\n            <li{if $node.index == 0} class=\'first\'{/if}>\r\n        {if $node.count > 0}\r\n                <a href=\'{$node.url}\'>{$node.news_category_name}</a>{else}<span>{$node.news_category_name} </span>{/if}\r\n        {/foreach}\r\n        {repeat string=\'</li></ul>\' times=$node.depth-1}</li>\r\n        </ul>\r\n    {foreach from=$items item=\'entry\'}\r\n    <!-- .news-article (wrapping each article) -->\r\n    <section class=\'news-article\'>\r\n        <header>\r\n            <h2><a href=\'{$entry->moreurl}\' title=\'{$entry->title|cms_escape:htmlall}\'>{$entry->title|cms_escape}</a></h2>\r\n            <div class=\'meta cf\'>\r\n                <time class=\'date\' datetime=\'{$entry->postdate|date_format:\'%Y-%m-%d\'}\'>\r\n                    <span class=\'day\'> {$entry->postdate|date_format:\'%d\'} </span>\r\n                    <span class=\'month\'> {$entry->postdate|date_format:\'%b\'} </span>\r\n                </time>\r\n                <span class=\'author\'> {$author_label} {$entry->author} </span>\r\n                <span class=\'category\'> {$category_label} {$entry->category}</span>\r\n            </div>\r\n        </header>\r\n        {if $entry->summary}\r\n            <p>{eval var=$entry->summary|strip_tags}</p>\r\n            <span class=\'more\'>{$entry->morelink} →</span>\r\n        {else if $entry->content}\r\n            <p>{eval var=$entry->content|strip_tags}</p>\r\n        {/if}\r\n    </section>\r\n    <!-- .news-article //-->\r\n    {/foreach}\r\n        <!-- news pagination -->\r\n        {if $pagecount > 1}\r\n        <span class=\'paginate\'>\r\n            {if $pagenumber > 1}\r\n                {$firstpage} {$prevpage}\r\n            {/if}\r\n                {$pagetext} {$pagenumber} {$oftext} {$pagecount}\r\n            {if $pagenumber < $pagecount}\r\n                {$nextpage} {$lastpage}\r\n            {/if}\r\n        </span>\r\n        {/if}\r\n</article>\r\n<!-- .news-summary //-->\r\n\r\n{/strip}','2013-10-02 16:55:11','2013-10-02 16:55:11'),('News','detailSample','{* News module entry object reference:\n   ------------------------------\n   In previous versions of News the \'object\' returned in $entry was quite simple, and a <pre>{$entry|@print_r}</pre> would output all of the available data\n   This has changed in News 2.12, the object is not quite as \'simple\' as it was in previous versions, and that method will no longer work.  Hence, below\n   you will find a referennce to the available data.\n\n   ====\n   news_article Object Reference\n   ====\n\n     Members:\n     --\n     Members can be displayed by the following syntax: {$entry->membername} or assigned to another smarty variable using {assign var=\'foo\' value=$entry->membername}.\n\n     The following members are available in the entry array:\n   \n     id (integer)           = The unique article id.\n     author_id (integer)    = The userid of the author who created the article.  This value may be negative to indicate an FEU userid.\n     title (string)         = The title of the article.\n     summary (text)         = The summary text (may be empty or unset).\n     extra (string)         = The \"extra\" data associated with the article (may be empty or unset).\n     news_url (string)      = The url segment associated with this article (may be empty or unset).\n     postdate (string)      = A string representing the news article post date.  You may filter this through cms_date_format for different display possibilities.\n     startdate (string)     = A string representing the date the article should begin to appear.  (may be empty or unset)\n     enddate (string)       = A string representing the date the article should stop appearing on the site (may be empty or unset).\n     category_id (integer)  = The unique id of the hierarchy level where this article resides (may be empty or unset)\n     status (string)        = either \'draft\' or \'published\' indicating the status of this article.\n     author (string)        = The username of the original author of the article.  If the article was created by frontend submission, this will attempt to retrieve the username from the FEU module.\n     authorname (string)    = The full name of the original author of the website. Only applicable if article was created by an administrator and that information exists in the administrators profile.\n     category (string)      = The name of the category that this article is associated with.\n     canonical (string)     = A full URL (prettified) to this articles detail view using defaults if necessary.\n     fields (associative)   = An associative array of field objects, representing the fields, and their values for this article.  See the information below on the field object definition.   In past versions of News this was a simple array, now it is an associative one.\n     customfieldsbyname     = (deprecated) - A synonym for the \'fields\' member\n     fieldsbyname           = (deprecated) - A synonym for the \'fields\' member\n     useexp (integer)       = A flag indicating wether this article is using the expiry information.\n     file_location (string) = A url containing the location where files attached the article are stored... the field value should be appended to this url.\n     \n\n   ====\n   news_field Object Reference\n   ====\n   The news_field object contains data about the fields and their values that are associated with a particular news article.\n\n     Members:\n     --------\n     id (integer)  = The id of the field definition\n     name (string) = The name of the field\n     type (string) = The type of field\n     max_length (integer) = The maximum length of the field (applicable only to text fields)\n     item_order (integer) = The order of the field\n     public (integer) = A flag indicating wether the field is public or not\n     value (mixed)    = The value of the field.\n     displayvalue (mixed) = A displayable value for the field.  This is particularly useful in the case of dropdown fields.\n\n\n   ====\n   Below, you will find the normal detail template information.  Modify this template as desired.\n*}\n\n{* set a canonical variable that can be used in the head section if process_whole_template is false in the config.php *}\n{if isset($entry->canonical)}\n  {assign var=\'canonical\' value=$entry->canonical}\n{/if}\n\n{if $entry->postdate}\n	<div id=\"NewsPostDetailDate\">\n		{$entry->postdate|cms_date_format}\n	</div>\n{/if}\n<h3 id=\"NewsPostDetailTitle\">{$entry->title|cms_escape:htmlall}</h3>\n\n<hr id=\"NewsPostDetailHorizRule\" />\n\n{if $entry->summary}\n	<div id=\"NewsPostDetailSummary\">\n		<strong>\n			{eval var=$entry->summary}\n		</strong>\n	</div>\n{/if}\n\n{if $entry->category}\n	<div id=\"NewsPostDetailCategory\">\n		{$category_label} {$entry->category}\n	</div>\n{/if}\n{if $entry->author}\n	<div id=\"NewsPostDetailAuthor\">\n		{$author_label} {$entry->author}\n	</div>\n{/if}\n\n<div id=\"NewsPostDetailContent\">\n	{eval var=$entry->content}\n</div>\n\n{if $entry->extra}\n	<div id=\"NewsPostDetailExtra\">\n		{$extra_label} {$entry->extra}\n	</div>\n{/if}\n\n{if $return_url != \"\"}\n<div id=\"NewsPostDetailReturnLink\">{$return_url}{if $category_name != \'\'} - {$category_link}{/if}</div>\n{/if}\n\n{if isset($entry->fields)}\n  {foreach from=$entry->fields item=\'field\'}\n     <div class=\"NewsDetailField\">\n        {if $field->type == \'file\'}\n	  {* this template assumes that every file uploaded is an image of some sort, because News doesn\'t distinguish *}\n          <img src=\"{$entry->file_location}/{$field->displayvalue}\"/>\n        {else}\n          {$field->name}:&nbsp;{eval var=$field->displayvalue}\n        {/if}\n     </div>\n  {/foreach}\n{/if}\n','2013-10-02 16:55:11','2013-10-02 16:55:11'),('News','detailSimplex_Detail','{* set a canonical variable that can be used in the head section if process_whole_template is false in the config.php *}\r\n{if isset($entry->canonical)}\r\n  {assign var=\'canonical\' value=$entry->canonical}\r\n{/if}\r\n\r\n<h2>{$entry->title|cms_escape:htmlall}</h2>\r\n{if $entry->summary}\r\n    {eval var=$entry->summary}\r\n{/if}\r\n    {eval var=$entry->content}\r\n{if $entry->extra}\r\n		{$extra_label} {$entry->extra}\r\n{/if}\r\n{if $return_url != \"\"}\r\n    <br />\r\n        <span class=\'back\'>← {$return_url}{if $category_name != \'\'} - {$category_link}{/if}</span>\r\n{/if}\r\n\r\n{if isset($entry->fields)}\r\n  {foreach from=$entry->fields item=\'field\'}\r\n     <div>\r\n        {if $field->type == \'file\'}\r\n	  {* this template assumes that every file uploaded is an image of some sort, because News doesn\'t distinguish *}\r\n          <img src=\'{$entry->file_location}/{$field->value}\' alt=\'\' />\r\n        {else}\r\n          {$field->name}: {eval var=$field->value}\r\n        {/if}\r\n     </div>\r\n  {/foreach}\r\n{/if}\r\n    <footer class=\'news-meta\'>\r\n    {if $entry->postdate}\r\n        {$entry->postdate|cms_date_format}\r\n    {/if}\r\n    {if $entry->category}\r\n        <strong>{$category_label}</strong> {$entry->category}\r\n    {/if}\r\n    {if $entry->author}\r\n        <strong>{$author_label}</strong> {$entry->author}\r\n    {/if}\r\n    </footer>','2013-10-02 16:55:11','2013-10-02 16:55:11'),('News','formSample','{* original form template *}\n{if isset($error)}\n  <h3><font color=\"red\">{$error}</font></h3>\n{else}\n  {if isset($message)}\n    <h3>{$message}</h3>\n  {/if}\n{/if}\n{$startform}\n	<div class=\"pageoverflow\">\n		<p class=\"pagetext\">*{$titletext}:</p>\n		<p class=\"pageinput\">{$inputtitle}</p>\n	</div>\n	<div class=\"pageoverflow\">\n		<p class=\"pagetext\">{$categorytext}:</p>\n		<p class=\"pageinput\">{$inputcategory}</p>\n	</div>\n{if !isset($hide_summary_field) or $hide_summary_field == 0}\n	<div class=\"pageoverflow\">\n		<p class=\"pagetext\">{$summarytext}:</p>\n		<p class=\"pageinput\">{$inputsummary}</p>\n	</div>\n{/if}\n	<div class=\"pageoverflow\">\n		<p class=\"pagetext\">*{$contenttext}:</p>\n		<p class=\"pageinput\">{$inputcontent}</p>\n	</div>\n	<div class=\"pageoverflow\">\n		<p class=\"pagetext\">{$extratext}:</p>\n		<p class=\"pageinput\">{$inputextra}</p>\n	</div>\n	<div class=\"pageoverflow\">\n		<p class=\"pagetext\">{$startdatetext}:</p>\n		<p class=\"pageinput\">{html_select_date prefix=$startdateprefix time=$startdate end_year=\"+15\"} {html_select_time prefix=$startdateprefix time=$startdate}</p>\n	</div>\n	<div class=\"pageoverflow\">\n		<p class=\"pagetext\">{$enddatetext}:</p>\n		<p class=\"pageinput\">{html_select_date prefix=$enddateprefix time=$enddate end_year=\"+15\"} {html_select_time prefix=$enddateprefix time=$enddate}</p>\n	</div>\n	{if isset($customfields)}\n	   {foreach from=$customfields item=\'onefield\'}\n	      <div class=\"pageoverflow\">\n		<p class=\"pagetext\">{$onefield->name}:</p>\n		<p class=\"pageinput\">{$onefield->field}</p>\n	      </div>\n	   {/foreach}\n	{/if}\n	<div class=\"pageoverflow\">\n		<p class=\"pagetext\">&nbsp;</p>\n		<p class=\"pageinput\">{$hidden}{$submit}{$cancel}</p>\n	</div>\n{$endform}\n','2013-10-02 16:55:11','2013-10-02 16:55:11'),('News','browsecatSample','{if $count > 0}\n<ul class=\"list1\">\n{foreach from=$cats item=node}\n{if $node.depth > $node.prevdepth}\n{repeat string=\"<ul>\" times=$node.depth-$node.prevdepth}\n{elseif $node.depth < $node.prevdepth}\n{repeat string=\"</li></ul>\" times=$node.prevdepth-$node.depth}\n</li>\n{elseif $node.index > 0}</li>\n{/if}\n<li class=\"newscategory\">\n{if $node.count > 0}\n	<a href=\"{$node.url}\">{$node.news_category_name}</a> ({$node.count}){else}<span>{$node.news_category_name} (0)</span>{/if}\n{/foreach}\n{repeat string=\"</li></ul>\" times=$node.depth-1}</li>\n</ul>\n{/if}','2013-10-02 16:55:11','2013-10-02 16:55:11'),('News','email_template','A new news article has been posted to your website.  The details are as follows:\nTitle:      {$title}\nIP Address: {$ipaddress}\nSummary:    {$summary|strip_tags}\nPost Date:  {$postdate|date_format}\nStart Date: {$startdate|date_format}\nEnd Date:   {$enddate|date_format}\n','2013-10-02 16:55:11','2013-10-02 16:55:11'),('Search','displaysearch','{$startform}\r\n<label for=\"{$search_actionid}searchinput\">{$searchprompt}:&nbsp;</label><input type=\"text\" class=\"search-input\" id=\"{$search_actionid}searchinput\" name=\"{$search_actionid}searchinput\" size=\"20\" maxlength=\"50\" value=\"{$searchtext}\" {$hogan}/>\r\n{*\r\n<br/>\r\n<input type=\"checkbox\" name=\"{$search_actionid}use_or\" value=\"1\"/>\r\n*}\r\n<input class=\"search-button\" name=\"submit\" value=\"\" type=\"submit\" />\r\n{if isset($hidden)}{$hidden}{/if}\r\n{$endform}','2013-10-02 16:55:11','2013-10-03 16:45:43'),('Search','displayresult','<h3>{$searchresultsfor} &quot;{$phrase}&quot;</h3>\n{if $itemcount > 0}\n<ul>\n  {foreach from=$results item=entry}\n  <li>{$entry->title} - <a href=\"{$entry->url}\">{$entry->urltxt}</a> ({$entry->weight}%)</li>\n  {* \n     You can also instantiate custom behaviour on a module by module basis by looking at\n     the $entry->module and $entry->modulerecord fields in $entry \n      ie: {if $entry->module == \'News\'}{News action=\'detail\' article_id=$entry->modulerecord detailpage=\'News\'} \n  *}\n  {/foreach}\n</ul>\n\n<p>{$timetaken}: {$timetook}</p>\n{else}\n  <p><strong>{$noresultsfound}</strong></p>\n{/if}','2013-10-02 16:55:11','2013-10-02 16:55:11'),('MenuManager','IAStateMenu','{* This is all in one line for cross-browser compatibility issues use the code commented out below to make changes and put in one line when finished *}\r\n{assign var=\'number_of_levels\' value=10000}{if isset($menuparams.number_of_levels)}{assign var=\'number_of_levels\' value=$menuparams.number_of_levels}{/if}{if $count > 0}<ul class=\"navigation\">{foreach from=$nodelist item=node}{if $node->depth > $node->prevdepth}{repeat string=\"<ul>\" times=$node->depth-$node->prevdepth}{elseif $node->depth < $node->prevdepth}{repeat string=\"</li></ul>\" times=$node->prevdepth-$node->depth}</li>{elseif $node->index > 0}</li>{/if}{if $node->parent == true or $node->current == true}{assign var=\'classes\' value=\'menuactive\'}{if $node->parent == true}{assign var=\'classes\' value=\'menuactive menuparent\'}{/if}{if $node->children_exist == true and $node->depth < $number_of_levels}{assign var=\'classes\' value=$classes|cat:\' parent\'}{/if}<li class=\"{$classes}\"><a class=\"{$classes}\" href=\"{$node->url}\"><span>{$node->menutext}</span></a>{elseif $node->children_exist == true and $node->depth < $number_of_levels and $node->type != \'sectionheader\' and $node->type != \'separator\'}<li class=\"parent\"><a class=\"parent\" href=\"{$node->url}\"><span>{$node->menutext}</span></a>{elseif $node->current == true}<li class=\"currentpage\"><h3><span>{$node->menutext}</span></h3>{elseif $node->type == \'sectionheader\'}<li class=\"sectionheader\"><span>{$node->menutext}</span>{elseif $node->type == \'separator\'}<li class=\"separator\" style=\"list-style-type: none;\"> <hr />{else}<li><a href=\"{$node->url}\"><span>{$node->menutext}</span></a>{/if}{/foreach}{repeat string=\"</li></ul>\" times=$node->depth-1}</li></ul>{/if}\r\n\r\n{* CSS classes used in this template:\r\n.activeparent - The top level parent when a child is the active/current page\r\nli.active0n h3 - n is the depth/level of the node. To style the active page for each level separately. The active page is not clickable.\r\n.clearfix - Used for the unclickable h3 to use the entire width of the li, just like the anchors. See the Tools stylesheet in the default CMSMS installation.\r\nli.sectionheader h3 - To style section header\r\nli.separator - To style the ruler for the separator  \r\n\r\n{assign var=\'number_of_levels\' value=10000}\r\n{if isset($menuparams.number_of_levels)}\r\n  {assign var=\'number_of_levels\' value=$menuparams.number_of_levels}\r\n{/if}\r\n\r\n{if $count > 0}\r\n<ul class=\"navigation\">\r\n{foreach from=$nodelist item=node}\r\n{if $node->depth > $node->prevdepth}\r\n{repeat string=\"<ul>\" times=$node->depth-$node->prevdepth}\r\n{elseif $node->depth < $node->prevdepth}\r\n{repeat string=\"</li></ul>\" times=$node->prevdepth-$node->depth}\r\n</li>\r\n{elseif $node->index > 0}</li>\r\n{/if}\r\n\r\n{if $node->parent == true or $node->current == true}\r\n  {assign var=\'classes\' value=\'menuactive\'}\r\n  {if $node->parent == true}\r\n    {assign var=\'classes\' value=\'menuactive menuparent\'}\r\n  {/if}\r\n  {if $node->children_exist == true and $node->depth < $number_of_levels}\r\n    {assign var=\'classes\' value=$classes|cat:\' parent\'}\r\n  {/if}\r\n  <li class=\"{$classes}\"><a class=\"{$classes}\" href=\"{$node->url}\"><span>{$node->menutext}</span></a>\r\n\r\n{elseif $node->children_exist == true and $node->depth < $number_of_levels and $node->type != \'sectionheader\' and $node->type != \'separator\'}\r\n<li class=\"parent\"><a class=\"parent\" href=\"{$node->url}\"><span>{$node->menutext}</span></a>\r\n\r\n{elseif $node->current == true}\r\n<li class=\"currentpage\"><h3><span>{$node->menutext}</span></h3>\r\n\r\n{elseif $node->type == \'sectionheader\'}\r\n<li class=\"sectionheader\"><span>{$node->menutext}</span>\r\n\r\n{elseif $node->type == \'separator\'}\r\n<li class=\"separator\" style=\"list-style-type: none;\"> <hr />\r\n\r\n{else}\r\n<li><a href=\"{$node->url}\"><span>{$node->menutext}</span></a>\r\n\r\n{/if}\r\n\r\n{/foreach}\r\n{repeat string=\"</li></ul>\" times=$node->depth-1}</li>\r\n</ul>\r\n{/if}\r\n*}','2013-10-03 13:40:18','2013-10-18 14:18:37'),('MenuManager','IAStateFooterMenu','{* CSS classes used in this template:\r\n.activeparent - The top level parent when a child is the active/current page\r\nli.active0n h3 - n is the depth/level of the node. To style the active page for each level separately. The active page is not clickable.\r\n.clearfix - Used for the unclickable h3 to use the entire width of the li, just like the anchors. See the Tools stylesheet in the default CMSMS installation.\r\nli.sectionheader h3 - To style section header\r\nli.separator - To style the ruler for the separator *} \r\n\r\n{assign var=\'number_of_levels\' value=10000}\r\n{if isset($menuparams.number_of_levels)}\r\n  {assign var=\'number_of_levels\' value=$menuparams.number_of_levels}\r\n{/if}\r\n\r\n{if $count > 0}\r\n<ul class=\"navigation\">\r\n{foreach from=$nodelist item=node}\r\n    {if $node->depth == 1  and $node->type != \'sectionheader\' and $node->type != \'separator\'}\r\n        <li class=\"{$node->type}\"><a href=\"{$node->url}\">{$node->menutext}</a></li>\r\n    {/if}\r\n{/foreach}\r\n</ul>\r\n{/if}\r\n','2013-10-04 11:36:05','2013-10-18 15:07:19'),('Showtime','nivoslider_default_caption_css','\r\n/* Caption styles */\r\n.nivo-caption {\r\n	position:absolute;\r\n	/*background-color:#000000;*/\r\n	/*use RGBA value if you dont want opacity inheritance*/\r\n 	background-color: rgba(0, 0, 0, 0.60);\r\n	font-family:_sans,Helvetica,Arial;\r\n	font-size:12px;\r\n	color:#eeeeee !important;\r\n	\r\n	/* For caption position bottom*/\r\n	bottom:0;\r\n	\r\n	/* For caption position right side*/\r\n	/*\r\n	right:0;\r\n	*/\r\n	\r\n	/* For left and right caption position*/\r\n	/*	\r\n	width:-moz-min-content;\r\n	height:100%;\r\n	width: 30%;\"\r\n	*/\r\n	\r\n	/* for top or bottom caption position */\r\n	width:100%;\r\n\r\n	z-index:8;			\r\n}\r\n\r\n.nivo-caption a {\r\n	color:#fff;\r\n	border-bottom:1px dotted #fff;\r\n	display:inline !important;\r\n}\r\n.nivo-caption a:hover {\r\n	color:#fff;\r\n}\r\n.nivo-caption p {\r\n	padding:5px ;\r\n	margin:0;\r\n	color:#eeeeee !important;\r\n}\r\n.nivo-caption p h2{\r\n	font-family:_sans,Helvetica,Arial !important !important;\r\n	font-size:16px !important;\r\n	color:#eeeeee !important;\r\n        border: none !important;\r\n}\r\n\r\n.nivo-caption p img{\r\n	display:block;\r\n	width:auto;\r\n	height:auto;\r\n	margin: 5px;\r\n	position: relative;\r\n}\r\n\r\n.nivo-html-caption {\r\n	display:none;\r\n}\r\n						\r\n','2013-10-04 13:55:00','2013-10-04 13:55:00'),('Showtime','nivoslider_preset_caption_css02','\r\n/* Caption styles */\r\n.nivo-caption {\r\n	position:absolute;\r\n	/*background-color:#000000;*/\r\n	/*use RGBA value if you dont want opacity inheritance*/\r\n 	background-color: rgba(255, 255, 255, 0.60);\r\n	font-family:_sans,Helvetica,Arial;\r\n	font-size:12px;\r\n	color:#eeeeee !important;\r\n	\r\n	/* For caption position bottom*/\r\n	/*bottom:0;*/\r\n\r\n	/* For caption position top*/\r\n	top:50%;\r\n	margin-top:-30px;\r\n	\r\n	/* For caption position right side*/\r\n	/*\r\n	right:0;\r\n	*/\r\n\r\n	/* For caption position left side*/\r\n	left:0;\r\n	\r\n	/* For left and right caption position*/\r\n	width:-moz-min-content;\r\n	height:60px;\r\n	width: 190px;\r\n	\r\n	/* for top or bottom caption position */\r\n	/*width:100%;*/\r\n\r\n	z-index:8;			\r\n}\r\n\r\n.nivo-caption a {\r\n	color:#ee0000;\r\n	border-bottom:1px dotted #fff;\r\n	display:inline !important;\r\n}\r\n.nivo-caption a:hover {\r\n	color:#555;\r\n}\r\n.nivo-caption p {\r\n	padding:5px ;\r\n	margin:0;\r\n	color:#333!important;\r\n}\r\n.nivo-caption p h2{\r\n	font-family:_sans,Helvetica,Arial !important !important;\r\n	font-size:16px !important;\r\n	color:#333!important;\r\n        border: none !important;       \r\n}\r\n\r\n.nivo-caption p img{\r\n	display:block;\r\n	width:auto;\r\n	height:auto;\r\n	margin: 5px;\r\n	position: relative;\r\n}\r\n\r\n.nivo-html-caption {\r\n	display:none;\r\n}\r\n','2013-10-04 13:55:00','2013-10-04 13:55:00'),('Showtime','nivoslider_preset_caption_css03','\r\n/* Caption styles */\r\n.nivo-caption {\r\n	position:absolute;\r\n	/*background-color:#000000;*/\r\n	/*use RGBA value if you dont want opacity inheritance*/\r\n 	background-color: rgba(255, 255, 255, 0.60);\r\n	font-family:_sans,Helvetica,Arial;\r\n	font-size:12px;\r\n	color:#eeeeee !important;\r\n	\r\n	/* For caption position bottom*/\r\n	bottom:0;\r\n\r\n	/* For caption position top*/\r\n	/*top:50%;\r\n	margin-top:-30px;*/\r\n	\r\n	/* For caption position right side*/\r\n	/*\r\n	right:0;\r\n	*/\r\n\r\n	/* For caption position left side*/\r\n	left:50%;\r\n	margin-left:-150px;\r\n	\r\n	/* For left and right caption position*/\r\n	width:-moz-min-content;\r\n	height:60px;\r\n\r\n	width: 300px;\r\n\r\n\r\n	z-index:8;			\r\n}\r\n\r\n.nivo-caption a {\r\n	color:#ee0000;\r\n	border-bottom:1px dotted #fff;\r\n	display:inline !important;\r\n}\r\n.nivo-caption a:hover {\r\n	color:#555;\r\n}\r\n.nivo-caption p {\r\n	padding:5px ;\r\n	margin:0;\r\n	color:#333!important;\r\n}\r\n.nivo-caption p h2{\r\n	font-family:_sans,Helvetica,Arial !important !important;\r\n	font-size:16px !important;\r\n	color:#333!important;\r\n        border: none !important;\r\n}\r\n\r\n.nivo-caption p img{\r\n	display:block;\r\n	width:auto;\r\n	height:auto;\r\n	margin: 5px;\r\n	position: relative;\r\n}\r\n\r\n.nivo-html-caption {\r\n	display:none;\r\n}\r\n','2013-10-04 13:55:00','2013-10-04 13:55:00'),('Showtime','nivoslider_preset_caption_css04','\r\n/* Caption styles */\r\n.nivo-caption {\r\n	position:absolute;\r\n	/*background-color:#000000;*/\r\n	/*use RGBA value if you dont want opacity inheritance*/\r\n 	background-color: rgba(0, 0, 0, 0.60);\r\n	font-family:_sans,Helvetica,Arial;\r\n	font-size:12px;\r\n	color:#eeeeee !important;\r\n	\r\n	/* For caption position bottom*/\r\n	bottom:0;\r\n	\r\n	/* For caption position right side*/\r\n	left:100%;\r\n	\r\n	\r\n	/* For left and right caption position*/\r\n	width:-moz-min-content;\r\n	height:100%;\r\n	width: 200px;\"\r\n	\r\n	/* for top or bottom caption position */\r\n	width:100%;\r\n\r\n	z-index:8;			\r\n}\r\n\r\n.nivo-caption a {\r\n	color:#fff;\r\n	border-bottom:1px dotted #fff;\r\n	display:inline !important;\r\n}\r\n.nivo-caption a:hover {\r\n	color:#fff;\r\n}\r\n.nivo-caption p {\r\n	padding:5px ;\r\n	margin:0;\r\n	color:#eeeeee !important;\r\n}\r\n.nivo-caption p h2{\r\n	font-family:_sans,Helvetica,Arial !important !important;\r\n	font-size:16px !important;\r\n	color:#eeeeee !important;\r\n        border: none !important;\r\n}\r\n\r\n.nivo-caption p img{\r\n	display:block;\r\n	width:auto;\r\n	height:auto;\r\n	margin: 5px;\r\n	position: relative;\r\n}\r\n\r\n.nivo-html-caption {\r\n	display:none;\r\n}\r\n						\r\n\r\n','2013-10-04 13:55:00','2013-10-04 13:55:00'),('FrontEndUsers','feusers_loginform','{* login form template *}\r\n{* this is a sample template, feel free to customize it *}\r\n{if isset($alt_loginform)}\r\n  <div id=\"altlogin\">{$alt_loginform}</div><br/>\r\n{/if}\r\n<fielset id=\"loginform\">\r\n  <legend>{$FrontEndUsers->Lang(\'prompt_normallogin\')}</legend>\r\n  {$startform}\r\n  {if $error}{$error}<br>{/if}\r\n  <p><label for=\"{$feuactionid}feu_input_username\">{$prompt_username}:</label>&nbsp;{$input_username}<br/></p>\r\n  <p><label for=\"{$feuactionid}feu_input_password\">{$prompt_password}:</label>&nbsp;{$input_password}</p>\r\n  {if isset($captcha)}<p>\r\n    <label for=\"{$feuactionid}input_captcha\">{$captcha_title}:</label>&nbsp;{$input_captcha}<br/>{$captcha}</p>\r\n  {/if}\r\n  {if isset($input_rememberme)}<p>{$input_rememberme}&nbsp;<label for=\"{$feuactionid}feu_rememberme\">{$prompt_rememberme}</input></p>{/if}\r\n  <p><input type=\"submit\" name=\"{$feuactionid}submit\" value=\"{$FrontEndUsers->Lang(\'login\')}\"/>\r\n  <input type=\"button\" value=\"Register\" onclick=\"location.href=\'/user-registration.html?username=\'+document.getElementById(\'{$feuactionid}feu_input_username\').value+\'&url={$smarty.request.url}\'\" />\r\n  <p><a href=\"{$url_forgot}\" title=\"{$FrontEndUsers->Lang(\'info_forgotpw\')}\">{$FrontEndUsers->Lang(\'forgotpw\')}</a>&nbsp;\r\n  <a href=\"{$url_lostun}\" title=\"{$FrontEndUsers->Lang(\'info_lostun\')}\">{$FrontEndUsers->Lang(\'lostusername\')}</a></p>\r\n  {$endform}\r\n</fieldset>\r\n','2013-10-17 10:46:05','2013-10-24 14:04:07'),('FrontEndUsers','feusers_logoutform','{* logout form template *}\r\n<p><a href=\"{$url_changesettings}\" title=\"{$FrontEndUsers->Lang(\'info_changesettings\')}\">{$FrontEndUsers->Lang(\'prompt_changesettings\')}</a> | \r\n{if isset($url_logout)}\r\n<a href=\"{$url_logout}\" title=\"{$FrontEndUsers->Lang(\'info_logout\')}\">{$FrontEndUsers->Lang(\'logout\')}</a>\r\n{/if}\r\n</p>\r\n','2013-10-17 10:46:05','2013-10-22 16:12:38'),('FrontEndUsers','feusers_changesettingsform','<!-- change settings template -->\n{$title}\n{if isset($message) && $message != \'\'}\n  {if isset($error) && $error != \'\'}\n    <p><font color=\"red\">{$message}</font></p>\n  {else}\n    <p>{$message}</p>\n  {/if}\n{/if}\n{$startform}\n {if $controlcount > 0}\n  <center>\n  <table width=\"75%\">\n     {foreach from=$controls item=control}\n  <tr>\n     <td>{if isset($control->hidden)}{$control->hidden}{/if}<font color=\"{$control->color}\">{$control->prompt}{$control->marker}</font></td>\n     <td>\n       {if isset($control->image)}{$control->image}<br/>{/if}\n       {$control->control}{$control->addtext|default:\'\'}\n       {if isset($control->control2)}{$control->prompt2}&nbsp;{$control->control2}<br/>{/if}\n     </td>\n  </tr>\n {/foreach}\n  </table>\n  </center>\n {/if}\n {$hidden|default:\'\'}{$hidden2|default:\'\'}{$submit}\n{$endform}\n<!-- change settings template -->\n','2013-10-17 10:46:05','2013-10-17 10:46:05'),('FrontEndUsers','feusers_forgotpasswordform','<!-- forgot password template -->\n{$startform}\n{$title}\n{if !empty($message) }\n  {if !empty($error) }\n    <p><font color=\"red\">{$message}</font></p>\n  {else}\n    <p>{$message}</p>\n  {/if}\n{/if}\n<p>{$lostpw_message}</p>\n<p>{$prompt_username}&nbsp;{$input_username}</p>\n{if isset($captcha)}\n<div>{$captcha_title}<br/>{$captcha}<br/>{$input_captcha}</div>\n{/if}\n<p>{$hidden}{$submit}&nbsp{$cancel}</p>\n{$endform}\n<!-- forgot password template --> \n','2013-10-17 10:46:05','2013-10-17 10:46:05'),('FrontEndUsers','feusers_forgotpasswordemailform','{* forgot password email template *}\n<p>{$message_forgotpwemail}</p>\n<p>{$prompt_code}&nbsp;{$data_code}</p>\n<p>{$prompt_link}&nbsp;{$data_link}<p>\n\n\n','2013-10-17 10:46:05','2013-10-17 10:46:05'),('FrontEndUsers','feusers_forgotpasswordverifyform','<!-- forgot password verification template -->\n{$startform}\n{$title}\n{if !empty($message)}\n  {if !empty($error) }\n    <p><font color=\"red\">{$message}</font></p>\n  {else}\n    <p>{$message}</p>\n  {/if}\n{/if}\n<p>{$prompt_username}&nbsp;{$input_username}</p>\n<p>{$prompt_code}&nbsp;{$input_code}</p>\n<p>{$prompt_password}&nbsp;{$input_password}</p>\n<p>{$prompt_repeatpassword}&nbsp;{$input_repeatpassword}</p>\n<p>{$hidden}{$submit}</p>\n{$endform}\n<!-- forgot password verification template -->\n','2013-10-17 10:46:05','2013-10-17 10:46:05'),('FrontEndUsers','feusers_lostunform','{* lost username confirm template form *}\n<h4>{$title}</h4>\n{if isset($message)}<h5 class=\"error\">{$message}</h5>{/if}\n{if $controlcount > 0}\n  {$startform}{$hidden}\n    <div class=\"pagerow\">\n      <div class=\"page_prompt\">{$prompt_password}</div>\n      <div class=\"page_input\">\n        <input type=\"password\" name=\"{$actionid}feu_input_password\" size=\"{$passwdfldlength}\" maxlength=\"{$max_paswordlength}\"/>\n      </div>\n    </div>\n    {foreach from=$controls item=\'entry\'}\n       <div class=\"pagerow\">\n          <div class=\"page_prompt\">{$entry->hidden}{$entry->prompt}</div>\n          <div class=\"page_input\">{$entry->control}{$entry->addtext|default:\'\'}</div>\n       </div>\n    {/foreach}\n    {if isset($captcha) && isset($input_captcha)}\n    <div class=\"pagerow\">\n      <p class=\"page_prompt\">{$captcha_title}</div>\n      <p class=\"page_input\">{$input_captcha}<br/>{$captcha}</p>\n    <div class=\"pagerow\">{$submit}{$cancel}</div>\n    {/if}\n    <div class=\"pagerow\">\n      <div class=\"page_prompt\"></div>\n      <div class=\"page_input\">\n        <input type=\"submit\" name=\"{$actionid}submit\" value=\"{$FrontEndUsers->Lang(\'submit\')}\"/>\n        <input type=\"submit\" name=\"{$actionid}cancel\" value=\"{$FrontEndUsers->Lang(\'cancel\')}\"/>\n      </div>\n    </div>\n  {$endform}\n{/if}\n','2013-10-17 10:46:05','2013-10-17 10:46:05'),('FrontEndUsers','feusers_lostunform_confirm','{* lost username confirm template form *}\n<p>{$premsg}</p>\n<p>{$prompt_yourusernameis}: <strong>{$username}</strong>.</p>\n<p>{$postmsg}</p>','2013-10-17 10:46:05','2013-10-17 10:46:05'),('FrontEndUsers','notification_template','{* this template defines how notification emails will be sent *}\r\n{* the same template is used for all notification events so you may need \r\n   to throw in some logic here to display all of the information you want\r\n   in each email. *}\r\n{* all smarty variables can be used in this template, including functions\r\n   from customcontent for frontend generated events *}\r\n{* I encourage you to use the {get_template_vars} smarty plugin and the\r\n   print_r smarty modifier to see what variables are available *}\r\n\r\n{get_template_vars}','2013-10-17 10:46:05','2013-10-21 16:15:49'),('FrontEndUsers','feusers_viewuser','{* view user template *}\n<p>{$feu->Lang(\'id\')}:&nbsp;{$userinfo.id}</p>\n<p>{$feu->Lang(\'username\')}:&nbsp;{$userinfo.username}</p>\n<p>{$feu->Lang(\'email\')}:&nbsp;<a href=\"mailto:{$email_address}\">{$email_address}</p>\n<p>{$feu->Lang(\'expires\')}:&nbsp;{$userinfo.expires}</p>\n{foreach from=$user_properties item=\'entry\'}\n{if $entry.type != 0}\n<p>{$entry.prompt}:&nbsp;{$entry.data}</p>\n{/if}\n{/foreach}\n','2013-10-17 10:46:05','2013-10-17 10:46:05'),('FrontEndUsers','feusers_resetsession','{* reset session template *}\n{* NOTE: this template requires jquery be available in any page that it is used on *}\n\n<p><a href=\"javascript:;\" name=\"feu_manual_reset\">Click Here To Confirm Login Status</a></p>{* safe to remove this *}\n\n{* style information for the modal window and the mask... these can be removed and placed in a CMSMS stylesheet *}\n{literal}\n<style type=\"text/css\">\n#feu_modal {\n  background-color: #fff;\n  border: 1px solid #00f;\n  padding: 2px;\n  margin:  2px;\n}\n#feu_mask {\n  background-color: #000;\n}\n#feu_modal .title {\n  background-color: #00f;\n  color:  #fff;\n  padding: 0px;\n}\n</style>\n{/literal}\n\n{capture assign=\'feu_theform\'}{strip}\n{* the reset-session form, a simple form to display a message with a title to the user with two options... okay, and cancel... the name of these buttons is important, as well the strip tag is important *}\n<form action=\"javascript:;\">\n<p class=\"title\">{$mod->Lang(\'title_reset_session\')}</p>\n<p class=\"row\">{$mod->Lang(\'msg_reset_session\')}</p>\n<p class=\"row\">\n  <input type=\"submit\" name=\"feu_ok\" value=\"{$mod->Lang(\'ok\')}\"/>\n  <input type=\"submit\" name=\"feu_cancel\" value=\"{$mod->Lang(\'cancel\')}\"/>\n</p>\n</form>\n{/strip}{/capture}\n\n{literal}\n<script type=\"text/javascript\">\n//<![CDATA[\n// the timer interval (how often you want to display the dialog to your users\nvar timer_interval = {/literal}{$session_timeout}{literal} - 30;\n\n// a function to hide the modal dialog -- you can modify this function\nfunction feu_close_modal()\n{\n   jQuery(\'#feu_modal\').fadeOut(2000);\n   jQuery(\'#feu_mask\').fadeOut(1000);\n}\n\n// a function to display the modal dialog... you can modify this function\nfunction feu_open_modal()\n{\n  var maskHeight = jQuery(document).height();\n  var maskWidth = jQuery(document).width();\n\n  // set the mask size to fill up the whole screen\n  jQuery(\'#feu_mask\').css({\'width\':maskWidth,\'height\':maskHeight});\n\n  // transition effect\n  jQuery(\'#feu_mask\').fadeIn(1000);\n  jQuery(\'#feu_mask\').fadeTo(\"slow\",0.8);\n\n  // get the top left corner of the popup\n  var winHeight = jQuery(window).height();\n  var winWidth = jQuery(window).width();\n\n  var popupHeight = jQuery(\'#feu_modal\').height();\n  var popupWidth  = jQuery(\'#feu_modal\').width();\n\n  var top = winHeight/2 - popupHeight/2;\n  var left = winWidth/2 - popupWidth/2;\n  // set the popup window to center\n  jQuery(\'#feu_modal\').css({\'top\':top,\'left\':left});\n\n  // transition effect\n  jQuery(\'#feu_modal\').fadeIn(2000);\n}\n\nfunction feu_user_cancelled()\n{\n  // a callback function that may be customized to allow displaying a message to the user\n  // to indicate that they may be logged out at any time.\n  alert(\'You have chosen to disregard the session warning, you may continue to browse this site however some functionality may be unavailable to you until you login again\');\n}\n\n// *\n// * do not modify below here unless you are an experienced jquery programmer *\n// *\n\nif( timer_interval <= 0 )\n  {\n     timer_interval = 0;\n  }\nvar dialogcontents = \'{/literal}{$feu_theform}{literal}\';\n\n\n// we have jQuery\njQuery(document).ready(function(){\n  // create a new id for our stuff\n  jQuery(\'body\').append(\'<div id=\"feu_body\"></div>\');\n  \n  // create the mask and append it to the dom\n  jQuery(\'#feu_body\').append(\'<div id=\"feu_mask\"></div>\');\n\n  // create the modal dialog and append it to the DOM\n  jQuery(\'#feu_body\').append(\'<div id=\"feu_modal\">\'+dialogcontents+\'</div>\');\n  \n  // and a junk div\n  jQuery(\'#feu_body\').append(\'<div id=\"feu_junk\" style=\"display: none;\"></div>\');\n\n  // handle click events\n  jQuery(\'#feu_modal input[name=feu_ok]\').click(function(e){\n    e.preventDefault();\n\n    // do the ajax request\n    var url = \'{/literal}{$reset_url}{literal}\';\n    var url = url.replace(/amp;/g,\'\');\n    jQuery(\'#feu_junk\').load(url);\n\n    // and done.\n    feu_close_modal();\n   });\n  jQuery(\'#feu_modal input[name=feu_cancel]\').click(function(e){\n    e.preventDefault();\n    feu_close_modal();\n    feu_user_cancelled();\n  });\n  jQuery(\'a[name=feu_manual_reset]\').click(function(e){\n    e.preventDefault();\n    feu_open_modal();\n  });\n\n  // create our timer\n  if( timer_interval > 0 )\n     {\n        setTimeout(feu_open_modal,timer_interval * 1000);\n     }\n\n});\n//]]>\n</script>\n{/literal}\n\n{* required css *}\n{literal}\n<style type=\"text/css\">\n#feu_modal {\n  position: absolute;\n  z-index: 9999;\n  display: none;\n}\n#feu_mask {\n  top: 0;\n  left: 0;\n  position: absolute;\n  z-index: 9000;\n  display: none;\n}\n</style>\n{/literal}','2013-10-17 10:46:05','2013-10-17 10:46:05'),('CGExtensions','cg_errormsg','{* original template for displaying frontend errors *}\n<div class=\"{$cg_errorclass}\">{$cg_errormsg}</div>','2013-10-17 10:46:06','2013-10-17 10:46:06'),('CGExtensions','sortablelists_Sample','{* sortable list template *}\n\n{*\n This template provides one example of using javascript in a CMS module template.  The javascript is left here as an example of how one can interact with smarty in javascript.  You may infact want to put most of these functions into a seperate .js file and include it somewhere in your head section.\n\n You are free to modify this javascript and this template.  However, the php driver scripts look for a field named in the smarty variable {$selectarea_prefix}, and expect that to be a comma seperated list of values.\n *}\n\n{literal}\n<script type=\'text/javascript\'>\nvar allowduplicates = {/literal}{$allowduplicates};{literal}\nvar selectlist = {/literal}\"{$selectarea_prefix}_selectlist\";{literal}\nvar masterlist = {/literal}\"{$selectarea_prefix}_masterlist\";{literal}\nvar addbtn = {/literal}\"{$selectarea_prefix}_add\";{literal}\nvar rembtn = {/literal}\"{$selectarea_prefix}_remove\";{literal}\nvar upbtn = {/literal}\"{$selectarea_prefix}_up\";{literal}\nvar downbtn = {/literal}\"{$selectarea_prefix}_down\";{literal}\nvar valuefld = {/literal}\"{$selectarea_prefix}\";{literal}\nvar max_selected = {/literal}{$max_selected};{literal}\n\nfunction selectarea_update_value()\n{\n  var sel_elem = document.getElementById(selectlist);\n  var val_elem = document.getElementById(valuefld);\n  var sel_idx = sel_elem.selectedIndex;\n  var opts = sel_elem.getElementsByTagName(\'option\');\n  var tmp = new Array();\n  for( i = 0; i < opts.length; i++ )\n    {\n      tmp[tmp.length] = opts[i].value;\n    }\n  var str = tmp.join(\',\');\n  val_elem.value = str;  \n}\n\nfunction selectarea_handle_down()\n{\n  var sel_elem = document.getElementById(selectlist);\n  var sel_idx = sel_elem.selectedIndex;\n  var opts = sel_elem.getElementsByTagName(\'option\');\n  for( var i = opts.length - 2; i >= 0; i-- )\n    {\n      var opt = opts[i];\n      if( opt.selected )\n        {\n           var nextopt = opts[i+1];\n           opt = sel_elem.removeChild(opt);\n           nextopt = sel_elem.replaceChild(opt,nextopt);\n           sel_elem.insertBefore(nextopt,opt);\n        }\n    }\n  selectarea_update_value();\n}\n\nfunction selectarea_handle_up()\n{\n  var sel_elem = document.getElementById(selectlist);\n  var sel_idx = sel_elem.selectedIndex;\n  var opts = sel_elem.getElementsByTagName(\'option\');\n  if( sel_idx > 0 )\n    {\n      for( var i = 1; i < opts.length; i++ )\n        {\n          var opt = opts[i];\n          if( opt.selected )\n            {\n              sel_elem.removeChild(opt);\n               sel_elem.insertBefore(opt, opts[i-1]);\n            }\n        }\n    }\n  selectarea_update_value();\n}\n\nfunction selectarea_handle_remove()\n{\n  var sel_elem = document.getElementById(selectlist);\n  var sel_idx = sel_elem.selectedIndex;\n  if( sel_idx >= 0 )\n    {\n      var val = sel_elem.options[sel_idx].value;\n      sel_elem.remove(sel_idx);\n    }\n  selectarea_update_value();\n}\n\nfunction selectarea_handle_add()\n{\n  var mas_elem = document.getElementById(masterlist);\n  var mas_idx = mas_elem.selectedIndex;\n  var sel_elem = document.getElementById(selectlist);\n  var opts = sel_elem.getElementsByTagName(\'option\');\n  if( opts.length >= max_selected && max_selected > 0) return;\n  if( mas_idx >= 0 )\n    {\n      var newOpt = document.createElement(\'option\');\n      newOpt.text = mas_elem.options[mas_idx].text;\n      newOpt.value = mas_elem.options[mas_idx].value;\n      if( allowduplicates == 0 )\n        {\n          for( var i = 0; i < opts.length; i++ )\n          {\n            if( opts[i].value == newOpt.value ) return;\n          }\n        }\n      sel_elem.add(newOpt,null);\n    }\n  selectarea_update_value();\n}\n\n\nfunction selectarea_handle_select()\n{\n  var sel_elem = document.getElementById(selectlist);\n  var sel_idx = sel_elem.selectedIndex;\n  var mas_elem = document.getElementById(masterlist);\n  var mas_idx = mas_elem.selectedIndex;\n  addbtn.disabled = (mas_idx >= 0);\n  rembtn.disabled = (sel_idx >= 0);\n  addbtn.disabled = (sel_idx >= 0);\n  downbtn.disabled = (sel_idx >= 0);\n}\n\n</script>\n{/literal}\n\n <table>\n   <tr>\n     <td>\n      {* left column - for the selected items *}\n      {$label_left}<br/>\n      <select id=\"{$selectarea_prefix}_selectlist\" size=\"10\" onchange=\"selectarea_handle_select();\">\n        {html_options options=$selectarea_selected}\n      </select><br/>\n     </td>\n     <td>\n      {* center column - for the add/delete buttons *}\n      <input type=\"submit\" id=\"{$selectarea_prefix}_add\" value=\"&lt;&lt;\" onclick=\"selectarea_handle_add(); return false;\"/><br/>\n      <input type=\"submit\" id=\"{$selectarea_prefix}_remove\" value=\"&gt;&gt;\" onclick=\"selectarea_handle_remove(); return false;\"/><br/>\n      <input type=\"submit\" id=\"{$selectarea_prefix}_up\" value=\"{$upstr}\" onclick=\"selectarea_handle_up(); return false;\"/><br/>\n      <input type=\"submit\" id=\"{$selectarea_prefix}_down\" value=\"{$downstr}\" onclick=\"selectarea_handle_down(); return false;\"/><br/>\n     </td>\n     <td>\n      {* right column - for the master list *}\n      {$label_right}<br/>\n      <select id=\"{$selectarea_prefix}_masterlist\" size=\"10\" onchange=\"selectarea_handle_select();\">\n        {html_options options=$selectarea_masterlist}\n      </select>\n     </td>\n   </tr>\n </table>\n <div><input type=\"hidden\" id=\"{$selectarea_prefix}\" name=\"{$selectarea_prefix}\" value=\"{$selectarea_selected_str}\" /></div>\n','2013-10-17 10:46:06','2013-10-17 10:46:06'),('EventsManager','summary_Sample','{* Events summary default template *}\r\n{* Events and details are stored in the $items array *}\r\n{* What can you use in this template? Some examples:\r\n		{$entry->name} : event name\r\n		{$entry->description} : event description\r\n		{$entry->category} : the category object\r\n			{$entry->category->name} : category name\r\n			{$entry->category->description} : category description\r\n		{$entry->start_datetime} : event start datetime (i.e. {$entry->start_datetime|cms_date_format}) - Same with \"end_datetime\"\r\n		{$entry->capacity} : capacity of the event\r\n		{$entry->fields : an array of extra fields\r\n			If you have an extra field with the alias \"place\", use :\r\n			{$entry->fields.place->value}\r\n\r\n		NOTE : sometimes, the extrafields values are arrays, so use {$entry->fields.place|print_r} to see what is available\r\n\r\n		Use {$entry|print_r} to display all the infos available\r\n*}\r\n{if $items|@count}\r\n	{foreach from=$items item=entry}\r\n	\r\n		{* Important, do not remove the line above: *}\r\n		{assign var=\'overquotanb\' value=0}\r\n		\r\n		<h3>{$entry->name}</h3>\r\n		{if isset($entry->category)}\r\n			<p>Category: {$entry->category->name}</p>\r\n		{/if}\r\n		<p>From : {$entry->start_datetime|cms_date_format} to : {$entry->end_datetime|cms_date_format}</p>\r\n		<p><a href=\"{$entry->detailurl}\">Event details</a></p>\r\n\r\n		{if $entry->allow_registration}\r\n			<h4>Event registration</h4>\r\n			<p>Registered places: {$entry->nb_regusers} / Capacity: {if $entry->capacity > 0}{$entry->capacity} / Remaining places: {math equation=\"x - y\" x=$entry->capacity y=$entry->nb_regusers} {else}Unlimited{/if}</p>\r\n\r\n			{if isset($entry->registration_url)}\r\n				<p><a href=\"{$entry->registration_url}\">Register</a></p>\r\n			{/if}\r\n			{if $entry->price > 0}\r\n				<p>\r\n					Price : ${number_format($entry->price,2)}\r\n				</p>\r\n			{/if}\r\n			{EventsManager action=\'register\' event_id=$entry->id inline=1 allow_notconnected=1}\r\n		{/if}\r\n\r\n		{if !empty($entry->description)}\r\n			<h4>Description</h4>\r\n			<p>{$entry->description}</p>\r\n		{/if}\r\n\r\n		{* Extra fields *}\r\n		{if isset($entry->fields)}\r\n			{foreach from=$entry->fields item=\'oneval\' key=\'key\'}\r\n				<h4>{$oneval->name}</h4>\r\n				<div>\r\n					{if $oneval->type eq \'image\' and $oneval->value neq \'\'}\r\n						<img src=\"{$oneval->file_url}\" style=\"max-width: 200px\" />\r\n					{elseif $oneval->type eq \'checkboxes\' and !empty($oneval->value)}\r\n						<ul>\r\n							{foreach from=$oneval->value item=\'onecheckbox\'}\r\n								<li>{$onecheckbox}</li>\r\n							{/foreach}\r\n						</ul>\r\n					{elseif $oneval->value neq \'\'}\r\n						{$oneval->value}\r\n					{else}\r\n						<p>No value for {$oneval->name}</p>\r\n					{/if}\r\n				</div>\r\n				<br /><br />\r\n\r\n				{* Uncomment to display all the info for the current field : *}\r\n				{*\r\n					{$key} : {$oneval|print_r}<br /><br />\r\n				*}\r\n			{/foreach}\r\n		{/if}\r\n\r\n		<a href=\"{$entry->detailurl}\">View event details</a>\r\n		<br/><br/>\r\n	{/foreach}\r\n{else}\r\n	<p>No event</p>\r\n{/if}','2013-10-17 10:46:06','2013-10-22 17:27:33'),('EventsManager','detail_Sample','{* Event detail default template *}\n{* What can you use in this template? Some examples:\n		{$entry->name} : event name\n		{$entry->description} : event description\n		{$entry->category} : the category object\n			{$entry->category->name} : category name\n			{$entry->category->description} : category description\n		{$entry->start_datetime} : event start datetime (i.e. {$entry->start_datetime|cms_date_format}) - Same with \"end_datetime\"\n		{$entry->capacity} : capacity of the event\n		{$entry->fields : an array of extra fields\n			If you have an extra field with the alias \"place\", use :\n			{$entry->fields.place->value}\n\n		NOTE : sometimes, the extrafields values are arrays, so use {$entry->fields.place|print_r} to see what is available\n\n		Use {$entry|print_r} to display all the infos available\n*}\n\n<h3>{$entry->name}</h3>\n{if isset($entry->category)}\n	<p>Category: {$entry->category->name}</p>\n{/if}\n<p>From : {$entry->start_datetime|cms_date_format} to : {$entry->end_datetime|cms_date_format}</p>\n<p>{$entry->description}</p>\n\n{* Extra fields *}\n{if isset($entry->fields)}\n	{foreach from=$entry->fields item=\'oneval\' key=\'key\'}\n		<h4>{$oneval->name}</h4>\n		<div>\n			{if $oneval->type eq \'image\' and $oneval->value neq \'\'}\n				<img src=\"{$oneval->file_url}\" style=\"max-width: 200px\" />\n			{elseif $oneval->type eq \'checkboxes\' and $oneval->value neq \'\'}\n				<ul>\n					{foreach from=$oneval->value item=\'onecheckbox\'}\n						<li>{$onecheckbox}</li>\n					{/foreach}\n				</ul>\n			{elseif $oneval->value neq \'\'}\n				{$oneval->value}\n			{else}\n				<p>No value for {$oneval->name}</p>\n			{/if}\n		</div>\n		<br /><br />\n\n		{* Uncomment to display all the info for the current field : *}\n		{*\n			{$key} : {$oneval|print_r}<br /><br />\n		*}\n	{/foreach}\n{/if}\n\n{* Registration *}\n<p>Registered places: {$entry->nb_regusers} / Capacity: {if $entry->capacity > 0}{$entry->capacity} / Remaining places: {math equation=\"x - y\" x=$entry->capacity y=$entry->nb_regusers} {else}Unlimited{/if}</p>\n{EventsManager action=\'register\' event_id=$entry->id redirectdetail=1}\n\n{if isset($entry->registration_url)}\n	<p><a href=\"{$entry->registration_url}\">Go to register page</a></p>\n{/if}\n\n{* List of registrations - Delete all the code below if you don\'t want to display the registrations list *}\n<h3>List of registrations</h3>\n{EventsManager action=\'registrationslist\' event_id=$entry->id}','2013-10-17 10:46:06','2013-10-17 10:46:06'),('EventsManager','registration_Sample','{* Event registration default template *}\r\n\r\n{if $errors|@count > 0}\r\n	{foreach from=$errors item=\'error\'}\r\n		<p class=\'error_message\'>{$error}</p>\r\n	{/foreach}\r\n{/if}\r\n{if $messages|@count > 0}\r\n	{foreach from=$messages item=\'message\'}\r\n		<p class=\'message\'>{$message}</p>\r\n	{/foreach}\r\n{/if}\r\n\r\n{if $event->allow_registration}\r\n	{if $event->limited_reg_period eq 1}\r\n		<p>Registrations for this event runs from {$event->reg_start_datetime|cms_date_format} to {$event->reg_end_datetime|cms_date_format}</p>\r\n	{/if}\r\n\r\n	{if $registration->status eq \'registered\'}\r\n		<p>You\'re registered for {$registration->nb_persons} place(s)</p>\r\n	{elseif $registration->status eq \'cancelled\'}\r\n		<p>You\'ve cancelled your registration on {$registration->modify_datetime|cms_date_format}</p>\r\n	{else}\r\n		<p>You\'re not enrolled to this event</p>\r\n	{/if}\r\n\r\n	{if $display_event_registration_form}\r\n		{if isset($overquotanb) and isset($overquotatotal)}\r\n			<div class=\"overquota_message\">\r\n				<p style=\"color: red\">You cannot register <strong>{$overquotanb}</strong> places, because this exceed the total number of available places. You can get <strong>{$overquotatotal}</strong> places. Please modify:</p>\r\n			</div>\r\n		{elseif isset($overquotanb) and ($overquotanb gt 0)}\r\n			<div class=\"overquota_message\">\r\n				<p style=\"color: red\">You cannot register <strong>{$overquotanb}</strong> places, because this event is limited to <strong>{$event->capacity_per_feu}</strong> places per user. Please modify:</p>\r\n			</div>\r\n		{/if}\r\n		{$form_start}\r\n			{$hidden}\r\n\r\n			{* Note, you can simply use : *}\r\n			{* {$nb_persons_label} {$nb_persons_input}{$submit}{$cancel} *}\r\n			{* If you want to always display the form, even when the user is already registered *}\r\n\r\n			{if ( ($event->capacity_per_feu > 1) or ($event->capacity_per_feu eq 0)) AND $registration->nb_persons eq 0}\r\n				{$nb_persons_label} {$nb_persons_input}\r\n			{/if}\r\n\r\n			{if $registration->nb_persons eq 0}\r\n				{$submit}\r\n			{else}\r\n				{$cancel}\r\n			{/if}\r\n\r\n		{$form_end}\r\n	{/if}\r\n{/if}','2013-10-17 10:46:06','2013-10-21 15:35:56'),('EventsManager','registrationslist_Sample','{* Template for the list of registrations of an event *}\r\n\r\n{if $registrations|@count}\r\n	<table style=\"width: 100%\">\r\n		<thead>\r\n			<th>ID</th>\r\n			<th>Registation date</th>\r\n			<th>Number of persons</th>\r\n			<th>Username</th>\r\n		</thead>\r\n		<tbody>\r\n			{foreach from=$registrations item=\'registration\'}\r\n				<tr>\r\n					<td>{$registration->id}</td>\r\n					<td>{$registration->modify_datetime|cms_date_format}</td>\r\n					<td>{$registration->nb_persons}</td>\r\n					<td>{$registration->user->username}</td>\r\n				</tr>\r\n			{/foreach}\r\n		</tbody>\r\n	</table>\r\n{else}\r\n	<p>No registrations</p>\r\n{/if}','2013-10-17 10:46:06','2013-10-21 13:42:22'),('EventsManager','newregistrationmail_Sample','<p>Hello {$feu_user->username},</p>\n\n<p>This mail is to confirm your registration to the event <strong>{$event->name}</strong></p>\n<p>Some informations about this event:\n	<ul>\n		<li>Start: {$event->start_datetime|cms_date_format}</li>\n		<li>End: {$event->end_datetime|cms_date_format}</li>\n	</ul>\n</p>\n<p>You registered for <strong>{$registration->nb_persons}</strong> person(s)</p>\n<p>Thank you,</p>\n<p><a href=\"{root_url}\">Website : {root_url}</a></p>','2013-10-17 10:46:06','2013-10-17 10:46:06'),('EventsManager','cancelregistrationmail_Sample','<p>Hello {$feu_user->username},</p>\n\n<p>This mail is to confirm your cancellation for the registration to the event <strong>{$event->name}</strong></p>\n<p>Some informations about this event:\n	<ul>\n		<li>Start: {$event->start_datetime|cms_date_format}</li>\n		<li>End: {$event->end_datetime|cms_date_format}</li>\n	</ul>\n</p>\n<p>Thank you,</p>\n<p><a href=\"{root_url}\">Website : {root_url}</a></p>','2013-10-17 10:46:06','2013-10-17 10:46:06'),('MenuManager','temp','{* CSS classes used in this template:\r\n.activeparent - The top level parent when a child is the active/current page\r\nli.active0n h3 - n is the depth/level of the node. To style the active page for each level separately. The active page is not clickable.\r\n.clearfix - Used for the unclickable h3 to use the entire width of the li, just like the anchors. See the Tools stylesheet in the default CMSMS installation.\r\nli.sectionheader h3 - To style section header\r\nli.separator - To style the ruler for the separator *} \r\n\r\n{assign var=\'number_of_levels\' value=10000}\r\n{if isset($menuparams.number_of_levels)}\r\n  {assign var=\'number_of_levels\' value=$menuparams.number_of_levels}\r\n{/if}\r\n\r\n{if $count > 0}\r\n<ul>\r\n{foreach from=$nodelist item=node}\r\n{if $node->depth > $node->prevdepth}\r\n{repeat string=\"<ul>\" times=$node->depth-$node->prevdepth}\r\n{elseif $node->depth < $node->prevdepth}\r\n{repeat string=\"</li></ul>\" times=$node->prevdepth-$node->depth}\r\n</li>\r\n{elseif $node->index > 0}</li>\r\n{/if}\r\n\r\n{if $node->parent == true or $node->current == true}\r\n  {assign var=\'classes\' value=\'menuactive\'}\r\n  {if $node->parent == true}\r\n    {assign var=\'classes\' value=\'menuactive menuparent\'}\r\n  {/if}\r\n  {if $node->children_exist == true and $node->depth < $number_of_levels}\r\n    {assign var=\'classes\' value=$classes|cat:\' parent\'}\r\n  {/if}\r\n  <li class=\"{$classes}\"><a class=\"{$classes}\" href=\"{$node->url}\"><span>{$node->menutext}</span></a>\r\n\r\n{elseif $node->children_exist == true and $node->depth < $number_of_levels and $node->type != \'sectionheader\' and $node->type != \'separator\'}\r\n<li class=\"parent\"><a class=\"parent\" href=\"{$node->url}\"><span>{$node->menutext}</span></a>\r\n\r\n{elseif $node->current == true}\r\n<li class=\"currentpage\"><h3><span>{$node->menutext}</span></h3>\r\n\r\n{elseif $node->type == \'sectionheader\'}\r\n<li class=\"sectionheader\"><span>{$node->menutext}</span>\r\n\r\n{elseif $node->type == \'separator\'}\r\n<li class=\"separator\" style=\"list-style-type: none;\"> <hr />\r\n\r\n{else}\r\n<li><a href=\"{$node->url}\"><span>{$node->menutext}</span></a>\r\n\r\n{/if}\r\n\r\n{/foreach}\r\n{repeat string=\"</li></ul>\" times=$node->depth-1}</li>\r\n</ul>\r\n{/if}\r\n','2013-10-17 17:18:05','2013-10-17 17:18:05'),('SelfRegistration','selpkgtemplate','{* select subscription package *}\n<div id=\"selfreg_selpkg\">\n{$formstart}{$hidden|default:\'\'}\n\n<table>\n{foreach from=$pkgs item=pkg}\n  <tr>\n   <td align=\"left\" width=\"5%\">\n     <input type=\"{$inputtype|default:\'radio\'}\" name=\"{$actionid}sr_selpkg[]\" value=\"{$pkg.id}\"/>\n   </td>\n   <td align=\"left\">{$pkg.prompt}</td>\n   <td align=\"right\" width=\"15%\">{if $pkg.cost > 0.0}{$currency_symbol|default:\'\'}{$pkg.cost|number_format:2}{$currency_code|default:\'\'}{/if}</td>\n  </tr>\n  <tr>\n   <td></td>\n   <td colspan=\"3\">{$pkg.description}</td>\n  </tr>\n{/foreach}\n</table>\n\n<div class=\"row\">\n  <p class=\"prompt\"></p>\n  <p class=\"input\">\n    <input type=\"submit\" name=\"{$actionid}sr_submit\" value=\"{$SelfRegistration->Lang(\'submit\')}\"/>\n  </p>\n</div>\n\n{$formend}\n</div>','2013-10-18 17:49:04','2013-10-18 17:49:04'),('SelfRegistration','selfreg_reg1template','{* registration 1 template *}\r\n{$title}\r\n{if isset($message) && $message != \'\'}\r\n  {if isset($error) && $error != \'\'}\r\n    <p><font color=\"red\">{$message}</font></p>\r\n  {else}\r\n    <p>{$message}</p>\r\n  {/if}\r\n{/if}\r\n{$startform}\r\n{if $controlcount > 0}\r\n  <center>\r\n  <table width=\"75%\">\r\n{foreach from=$controls item=control}\r\n  <tr>\r\n    <td>{if isset($control->hidden)}{$control->hidden}{/if}\r\n    {if $control->color != \'\'}\r\n      <font color=\"{$control->color}\">{$control->prompt}{$control->marker}</font>\r\n    {else}\r\n      {$control->prompt}{$control->marker}\r\n    {/if}\r\n    </td>\r\n    {if $control->name == \"username\" and isset($smarty.request.username)}\r\n    {assign var=\"username\" value=$smarty.request.username}\r\n    <td>{preg_replace(\"/value=\\\"/\",\"value=\\\"$username\",$control->control)}</td>\r\n    {else}\r\n    <td>{$control->control}</td>\r\n    {/if}\r\n    \r\n  </tr>\r\n{/foreach}\r\n  </table>\r\n  </center>\r\n<br/>\r\n{/if}\r\n{if isset($captcha)}\r\n{$captcha_title}: {$input_captcha}<br />\r\n  {$captcha}<br />\r\n{/if}\r\n {$hidden|default:\'\'}{$hidden2|default:\'\'}{$submit}<br/>\r\n{$endform}\r\n\r\n','2013-10-18 17:49:04','2013-10-24 14:11:00'),('SelfRegistration','selfreg_postreg1_template','{* post registration 1 template *}\r\n{if isset($messasge) && $message != \'\'}\r\n  {if isset($error) && $error != \'\'}\r\n    <p><font color=\"red\">{$message}</font></p>\r\n  {else}\r\n    <p>{$message}</p>\r\n  {/if}\r\n{/if}\r\n<p>Thank you {$username} for registering with &quot;{sitename}&quot;.  An email has been sent to {$email} with instructions on how to continue the registration process</p>\r\n<!-- Post Registration 1 template -->\r\n','2013-10-18 17:49:04','2013-10-24 14:11:00'),('SelfRegistration','selfreg_reg2template','{* registration 2 template *}\n{$title}\n{if isset($message) && $message != \'\'}\n  {if isset($error) && $error != \'\'}\n    <p><font color=\"red\">{$message}</font></p>\n  {else}\n    <p>{$message}</p>\n  {/if}\n{/if}\n{$startform}\n  <center>\n  <table width=\"75%\">\n  <tr>\n    <td>{$prompt_username}</font>\n    </td>\n    <td>{$input_username}</td>\n  </tr>\n  <tr>\n    <td>{$prompt_password}</font>\n    </td>\n    <td>{$input_password}</td>\n  </tr>\n  <tr>\n    <td>{$prompt_code}</font>\n    </td>\n    <td>{$input_code}</td>\n  </tr>\n  </table>\n  </center>\n<br/>\n{if isset($hidden)}{$hidden}{/if}\n{if isset($hidden2)}{$hidden2}{/if}\n{$submit}\n{$endform}\n\n','2013-10-18 17:49:04','2013-10-18 17:49:04'),('SelfRegistration','selfreg_emailconfirm_template','\n<!-- EmailConfirm template -->\n<html>\n<body>\n<p>Greetings {$name} welcome to the site.  This email is being sent because somebody registered for access to {$sitename} using this email address. If this was you, please click on the following link and enter your username, password, and the unique code below</p>\n   <p>Follow this link: {$link}</p>\n   <p>or this link: {$smalllink}</p>\n   <p>Code: {$code}</p>\n</body>\n</html>\n<!-- EmailConfirm template -->\n','2013-10-18 17:49:04','2013-10-18 17:49:04'),('SelfRegistration','selfreg_emailconfirm_texttemplate','\nGreetings {$name} welcome to the site.  This email is being sent because somebody registered for access to {$sitename} using this email address. If this was you, please click on the following link and enter your username, password, and the unique code below.\n\nFollow this link: {$url}\nor this link: {$smallurl}</p>\nCode: {$code}\n','2013-10-18 17:49:04','2013-10-18 17:49:04'),('SelfRegistration','selfreg_emailuseredited_template','\n<!-- EmailUserEdited template -->\n<html>\n<body>\n<p>Greetings {$name} welcome to the site.  This email is being sent because, although you have already registered with {$sitename}, there was an error in your input.  The administrator has done his best to correct this data, and you are now being sent an updated registration form. Please click on the following link and enter your username, password, and the unique code below</p>\n   <p>Follow this link: {$link}</p>\n   <p>or this link: {$smalllink}</p>\n   <p>Password: {$password}</p>\n   <p>Code: {$code}</p>\n</body>\n</html>\n<!-- EmailUserEdited template -->\n','2013-10-18 17:49:04','2013-10-18 17:49:04'),('SelfRegistration','selfreg_emailuseredited_texttemplate','\nGreetings {$name} welcome to the site.  This email is being sent because, although you have already registered with {$sitename}, there was an error in your input.  The administrator has done his best to correct this data, and you are now being sent an updated registration form. Please click on the following link and enter your username, password, and the unique code below\n   Follow this link: {$url}\n     or this link: {$smallurl}</p>\n   Password: {$password}\n   Code: {$code}\n','2013-10-18 17:49:04','2013-10-18 17:49:04'),('SelfRegistration','selfreg_finalmessage_template','\n<!-- FinalMessage Template -->\n<p>Welcome {$username} to {$sitename}.  Your registration is complete.  Please login to continue</p>\n<!-- FinalMessage Template -->\n  ','2013-10-18 17:49:04','2013-10-18 17:49:04'),('SelfRegistration','selfreg_sendanotheremail_template','\n<!-- SendAnotherEmail Template -->\n{$title}\n{if isset($message) && $message != \'\'}\n  {if isset($message) && $error != \'\'}\n    <p><font color=\"red\">{$message}</font></p>\n  {else}\n    <p>{$message}</p>\n  {/if}\n{/if}\n<p>I didn\'t receive my confirmation email, please send another one.</p>\n<p>My Username is: {$startform}{$input_username}&nbsp;{$submit}{$endform}</p>\n<!-- SendAnotherEmail Template -->\n  ','2013-10-18 17:49:04','2013-10-18 17:49:04'),('SelfRegistration','selfreg_post_sendanotheremail_template','\n<!-- Post SendAnotherEmail template -->\n{$title}\n{if isset($message) && $message != \'\'}\n  {if isset($error) && $error != \'\'}\n    <p><font color=\"red\">{$message}</font></p>\n  {else}\n    <p>{$message}</p>\n  {/if}\n{/if}\n<p>Thank you {$username} for registering with {$sitename}.  We are sorry you had difficulty receiving your email.  A second email has been sent to {$email} with instructions on how to continue the registration process</p>\n<!-- Post SendAnotherEmail template -->\n','2013-10-18 17:49:04','2013-10-18 17:49:04'),('EventsManager','summary_Table','{* Events summary default template *}\r\n{* Events and details are stored in the $items array *}\r\n{* What can you use in this template? Some examples:\r\n		{$entry->name} : event name\r\n		{$entry->description} : event description\r\n		{$entry->category} : the category object\r\n			{$entry->category->name} : category name\r\n			{$entry->category->description} : category description\r\n		{$entry->start_datetime} : event start datetime (i.e. {date_format($entry->start_datetime, \'F jS Y H:i\')}) - Same with \"end_datetime\"\r\n		{$entry->capacity} : capacity of the event\r\n		{$entry->fields : an array of extra fields\r\n			If you have an extra field with the alias \"place\", use :\r\n			{$entry->fields.place->value}\r\n\r\n		NOTE : sometimes, the extrafields values are arrays, so use {$entry->fields.place|print_r} to see what is available\r\n\r\n		Use {$entry|print_r} to display all the infos available\r\n*}\r\n{FrontEndUsers form=\"logout\"}\r\n{FEULoginAndReturn}\r\n\r\n{if $items|@count}\r\n<table>\r\n	<tr>\r\n		<th>Name</th>\r\n		<th>Category</th>\r\n		<th>Start</th>\r\n		<th>End</th>\r\n		<th>Price</th>\r\n		<th>Registered</th>\r\n		<th>Remaining</th>\r\n		<th></th>\r\n	</tr>\r\n	{foreach from=$items item=entry}\r\n	\r\n		{* Important, do not remove the line above: *}\r\n		{assign var=\'overquotanb\' value=0}\r\n	<tr>\r\n		<td><a href=\"{$entry->detailurl}\">{$entry->name}</a></td>\r\n		{if isset($entry->category)}\r\n			<td>{$entry->category->name}</td>\r\n		{else}\r\n			<td></td>\r\n		{/if}\r\n		<td>{$entry->start_datetime|cms_date_format:\"M d, Y @ g:ia\"}</td>\r\n		<td>{$entry->end_datetime|cms_date_format:\"M d, Y @ g:ia\"}</td>\r\n		{if $entry->price>0}\r\n			<td>${number_format($entry->price,2)}</td>\r\n		{else}\r\n			<td>Free</td>\r\n		{/if}\r\n\r\n		{if $entry->allow_registration}\r\n			<td>{$entry->nb_regusers}</td>\r\n			{if $entry->capacity > 0}\r\n				<td>{math equation=\"x - y\" x=$entry->capacity y=$entry->nb_regusers}</td>\r\n			{else}\r\n				<td>Unlimited</td>\r\n			{/if}\r\n\r\n			{if isset($entry->registration_url)}\r\n				<td><a href=\"{$entry->registration_url}\">Register</a></td>\r\n			{/if}\r\n		{/if}\r\n		</tr>\r\n		{*{if !empty($entry->description)}\r\n			<h4>Description</h4>\r\n			<p>{$entry->description}</p>\r\n		{/if}*}\r\n		</tr>\r\n	{/foreach}\r\n	</table>\r\n{else}\r\n	<p>No event</p>\r\n{/if}','2013-10-21 15:18:01','2013-10-24 12:25:55'),('EventsManager','registration_Simple','{* Event registration default template *}\r\n{if $errors|@count > 0}\r\n	{foreach from=$errors item=\'error\'}\r\n		<p class=\'error_message\'>{$error}</p>\r\n	{/foreach}\r\n{/if}\r\n{if $messages|@count > 0}\r\n	{foreach from=$messages item=\'message\'}\r\n		<p class=\'message\'>{$message}</p>\r\n	{/foreach}\r\n{/if}\r\n\r\n{if $event->allow_registration}\r\n	{if $event->limited_reg_period eq 1}\r\n		<p>Registrations for this event runs from {$event->reg_start_datetime|cms_date_format} to {$event->reg_end_datetime|cms_date_format}</p>\r\n	{/if}\r\n\r\n	{if $registration->status eq \'registered\'}\r\n		<p>You\'re registered for {$registration->nb_persons} place(s)</p>\r\n	{elseif $registration->status eq \'cancelled\'}\r\n		<p>You\'ve cancelled your registration on {$registration->modify_datetime|cms_date_format}</p>\r\n	{/if}\r\n\r\n	{if $display_event_registration_form}\r\n		{if isset($overquotanb) and isset($overquotatotal)}\r\n			<div class=\"overquota_message\">\r\n				<p style=\"color: red\">You cannot register <strong>{$overquotanb}</strong> places, because this exceed the total number of available places. You can get <strong>{$overquotatotal}</strong> places. Please modify:</p>\r\n			</div>\r\n		{elseif isset($overquotanb) and ($overquotanb gt 0)}\r\n			<div class=\"overquota_message\">\r\n				<p style=\"color: red\">You cannot register <strong>{$overquotanb}</strong> places, because this event is limited to <strong>{$event->capacity_per_feu}</strong> places per user. Please modify:</p>\r\n			</div>\r\n		{/if}\r\n		{$form_start}\r\n			{$hidden}\r\n\r\n			{* Note, you can simply use : *}\r\n			{* {$nb_persons_label} {$nb_persons_input}{$submit}{$cancel} *}\r\n			{* If you want to always display the form, even when the user is already registered *}\r\n\r\n			{if ( ($event->capacity_per_feu > 1) or ($event->capacity_per_feu eq 0)) AND $registration->nb_persons eq 0}\r\n				{$nb_persons_label} {$nb_persons_input}\r\n			{/if}\r\n\r\n			{if $registration->nb_persons eq 0}\r\n				{$submit}\r\n			{else}\r\n				{$cancel}\r\n			{/if}\r\n\r\n		{$form_end}\r\n	{/if}\r\n{/if}','2013-10-21 15:37:44','2013-10-24 12:33:01'),('EventsManager','summary_AdamShawCalendar','{* Events summary default template *}\r\n{* Events and details are stored in the $items array *}\r\n{* What can you use in this template? Some examples:\r\n		{$entry->name} : event name\r\n		{$entry->description} : event description\r\n		{$entry->category} : the category object\r\n			{$entry->category->name} : category name\r\n			{$entry->category->description} : category description\r\n		{$entry->start_datetime} : event start datetime (i.e. {$entry->start_datetime|cms_date_format}) - Same with \"end_datetime\"\r\n		{$entry->capacity} : capacity of the event\r\n		{$entry->fields : an array of extra fields\r\n			If you have an extra field with the alias \"place\", use :\r\n			{$entry->fields.place->value}\r\n\r\n		NOTE : sometimes, the extrafields values are arrays, so use {$entry->fields.place|print_r} to see what is available\r\n\r\n		Use {$entry|print_r} to display all the infos available\r\n*}\r\n{cms_jquery cdn=\'true\' exclude=\'jquery.ui.nestedSortable.js\' append=\'uploads/js/jquery.qtip-1.0.0-rc3.min.js\'}\r\n{literal}\r\n<script type=\"text/javascript\" src=\"https://cdnjs.cloudflare.com/ajax/libs/fullcalendar/1.6.4/fullcalendar.min.js\"></script>\r\n<link rel=\"stylesheet\" type=\"text/css\" href=\"https://cdnjs.cloudflare.com/ajax/libs/fullcalendar/1.6.4/fullcalendar.css\"/>\r\n<link rel=\"stylesheet\" type=\"text/css\" href=\"https://cdnjs.cloudflare.com/ajax/libs/fullcalendar/1.6.4/fullcalendar.print.css\"/>\r\n<script type=\"text/javascript\">\r\n$(document).ready(function() {\r\n\r\n    // page is now ready, initialize the calendar...\r\n    $(\'#calendar\').fullCalendar({\r\n        events: myEvents,\r\n        timeFormat: \'h:mmt{ - h:mmt}\',\r\n        eventRender: function(event, element) {\r\n            element.qtip({\r\n                content: event.description\r\n            });\r\n        }\r\n    });\r\n});\r\n</script>\r\n{/literal}\r\n{FrontEndUsers form=\"logout\"}\r\n{FEULoginAndReturn}\r\n<script type=\"text/javascript\">\r\nvar myEvents=[\r\n{if $items|@count}\r\n	{foreach from=$items item=entry}\r\n	\r\n		{* Important, do not remove the line above: *}\r\n		{assign var=\'overquotanb\' value=0}\r\n		{ldelim}\r\n			title: \'{$entry->name}\',\r\n			start: \'{$entry->start_datetime}\',\r\n			end: \'{$entry->end_datetime}\',\r\n			allDay : false,\r\n			url: \'{$entry->detailurl}\',\r\n			description: \'{$entry->description}\'\r\n		{rdelim},\r\n	{/foreach}\r\n{/if}\r\n];\r\n</script>','2013-10-22 13:50:13','2013-10-24 12:24:34'),('EventsManager','detail_Simple','{* Event detail default template *}\r\n{* What can you use in this template? Some examples:\r\n		{$entry->name} : event name\r\n		{$entry->description} : event description\r\n		{$entry->category} : the category object\r\n			{$entry->category->name} : category name\r\n			{$entry->category->description} : category description\r\n		{$entry->start_datetime} : event start datetime (i.e. {$entry->start_datetime|cms_date_format}) - Same with \"end_datetime\"\r\n		{$entry->capacity} : capacity of the event\r\n		{$entry->fields : an array of extra fields\r\n			If you have an extra field with the alias \"place\", use :\r\n			{$entry->fields.place->value}\r\n\r\n		NOTE : sometimes, the extrafields values are arrays, so use {$entry->fields.place|print_r} to see what is available\r\n\r\n		Use {$entry|print_r} to display all the infos available\r\n*}\r\n{FrontEndUsers form=\"logout\" returnlast=\"1\"}\r\n<h3>{$entry->name}</h3>\r\n{if isset($entry->category)}\r\n	<p>Category: {$entry->category->name}</p>\r\n{/if}\r\n<p>Start: {$entry->start_datetime|cms_date_format:\"M d, Y @ g:ia\"}</p>\r\n<p>End: {$entry->end_datetime|cms_date_format:\"M d, Y @ g:ia\"}</p>\r\n<p>{$entry->description}</p>\r\n\r\n{* Extra fields *}\r\n{if isset($entry->fields)}\r\n	{foreach from=$entry->fields item=\'oneval\' key=\'key\'}\r\n		<h4>{$oneval->name}</h4>\r\n		<div>\r\n			{if $oneval->type eq \'image\' and $oneval->value neq \'\'}\r\n				<img src=\"{$oneval->file_url}\" style=\"max-width: 200px\" />\r\n			{elseif $oneval->type eq \'checkboxes\' and $oneval->value neq \'\'}\r\n				<ul>\r\n					{foreach from=$oneval->value item=\'onecheckbox\'}\r\n						<li>{$onecheckbox}</li>\r\n					{/foreach}\r\n				</ul>\r\n			{elseif $oneval->value neq \'\'}\r\n				{$oneval->value}\r\n			{else}\r\n				<p>No value for {$oneval->name}</p>\r\n			{/if}\r\n		</div>\r\n		<br /><br />\r\n\r\n		{* Uncomment to display all the info for the current field : *}\r\n		{*\r\n			{$key} : {$oneval|print_r}<br /><br />\r\n		*}\r\n	{/foreach}\r\n{/if}\r\n\r\n{* Registration *}\r\n<p>Registered places: {$entry->nb_regusers} / Capacity: {if $entry->capacity > 0}{$entry->capacity} / Remaining places: {math equation=\"x - y\" x=$entry->capacity y=$entry->nb_regusers} {else}Unlimited{/if}</p>\r\n\r\n{if $FrontEndUsers->loggedIn()}\r\n	{EventsManager action=\'register\' event_id=$entry->id redirectdetail=1}\r\n{else}\r\n	<h2>Please {FEULoginAndReturn linkonly=1} to register for the event</h2>\r\n{/if}\r\n{event_back_link}','2013-10-22 14:59:06','2013-10-24 13:31:40');
/*!40000 ALTER TABLE `cms_module_templates` ENABLE KEYS */;
UNLOCK TABLES;

--
-- Table structure for table `cms_modules`
--

DROP TABLE IF EXISTS `cms_modules`;
/*!40101 SET @saved_cs_client     = @@character_set_client */;
/*!40101 SET character_set_client = utf8 */;
CREATE TABLE `cms_modules` (
  `module_name` varchar(160) NOT NULL,
  `status` varchar(255) DEFAULT NULL,
  `version` varchar(255) DEFAULT NULL,
  `admin_only` tinyint(4) DEFAULT '0',
  `active` tinyint(4) DEFAULT NULL,
  `allow_fe_lazyload` tinyint(4) DEFAULT NULL,
  `allow_admin_lazyload` tinyint(4) DEFAULT NULL,
  PRIMARY KEY (`module_name`),
  KEY `cms_index_modules_by_module_name` (`module_name`)
) ENGINE=MyISAM DEFAULT CHARSET=utf8;
/*!40101 SET character_set_client = @saved_cs_client */;

--
-- Dumping data for table `cms_modules`
--

LOCK TABLES `cms_modules` WRITE;
/*!40000 ALTER TABLE `cms_modules` DISABLE KEYS */;
INSERT INTO `cms_modules` VALUES ('CMSMailer','installed','5.2.2',0,1,1,0),('CMSPrinting','installed','1.0.5',0,1,0,1),('FileManager','installed','1.4.3',0,1,1,0),('MenuManager','installed','1.8.6',0,1,0,0),('MultiDomains','installed','2.1.1',0,1,0,0),('ModuleManager','installed','1.5.5',1,1,0,1),('News','installed','2.13',0,1,1,1),('Search','installed','1.7.11',0,1,1,1),('ThemeManager','installed','1.1.8',1,1,0,1),('Showtime','installed','3.3',0,1,0,0),('TinyMCE','installed','2.9.12',0,1,0,0),('FrontEndUsers','installed','1.21.18',0,1,0,1),('CGExtensions','installed','1.37.2',0,1,0,0),('AireLibs','installed','1.3.2',0,1,0,0),('EventsManager','installed','1.2.7',0,1,0,0),('SelfRegistration','installed','1.8',0,1,0,1);
/*!40000 ALTER TABLE `cms_modules` ENABLE KEYS */;
UNLOCK TABLES;

--
-- Table structure for table `cms_permissions`
--

DROP TABLE IF EXISTS `cms_permissions`;
/*!40101 SET @saved_cs_client     = @@character_set_client */;
/*!40101 SET character_set_client = utf8 */;
CREATE TABLE `cms_permissions` (
  `permission_id` int(11) NOT NULL,
  `permission_name` varchar(255) DEFAULT NULL,
  `permission_text` varchar(255) DEFAULT NULL,
  `create_date` datetime DEFAULT NULL,
  `modified_date` datetime DEFAULT NULL,
  PRIMARY KEY (`permission_id`)
) ENGINE=MyISAM DEFAULT CHARSET=utf8;
/*!40101 SET character_set_client = @saved_cs_client */;

--
-- Dumping data for table `cms_permissions`
--

LOCK TABLES `cms_permissions` WRITE;
/*!40000 ALTER TABLE `cms_permissions` DISABLE KEYS */;
INSERT INTO `cms_permissions` VALUES (1,'Add Pages','Add Pages','2006-07-25 21:22:33','2006-07-25 21:22:33'),(2,'Add Groups','Add Groups','2006-07-25 21:22:33','2006-07-25 21:22:33'),(4,'Add Templates','Add Templates','2006-07-25 21:22:33','2006-07-25 21:22:33'),(5,'Add Users','Add Users','2006-07-25 21:22:33','2006-07-25 21:22:33'),(6,'Modify Any Page','Modify Any Page','2006-07-25 21:22:33','2006-07-25 21:22:33'),(7,'Modify Groups','Modify Groups','2006-07-25 21:22:33','2006-07-25 21:22:33'),(8,'Modify Group Assignments','Modify Group Assignments','2006-07-25 21:22:33','2006-07-25 21:22:33'),(9,'Modify Permissions','Modify Permissions for Groups','2006-07-25 21:22:33','2006-07-25 21:22:33'),(11,'Modify Templates','Modify Templates','2006-07-25 21:22:33','2006-07-25 21:22:33'),(12,'Modify Users','Modify Users','2006-07-25 21:22:33','2006-07-25 21:22:33'),(13,'Remove Pages','Remove Pages','2006-07-25 21:22:33','2006-07-25 21:22:33'),(14,'Remove Groups','Remove Groups','2006-07-25 21:22:33','2006-07-25 21:22:33'),(16,'Remove Templates','Remove Templates','2006-07-25 21:22:33','2006-07-25 21:22:33'),(17,'Remove Users','Remove Users','2006-07-25 21:22:33','2006-07-25 21:22:33'),(18,'Modify Modules','Modify Modules','2006-07-25 21:22:33','2006-07-25 21:22:33'),(20,'Modify Files','Modify Files','2006-07-25 21:22:33','2006-07-25 21:22:33'),(21,'Modify Site Preferences','Modify Site Preferences','2006-07-25 21:22:33','2006-07-25 21:22:33'),(22,'Modify Stylesheets','Modify Stylesheets','2006-07-25 21:22:33','2006-07-25 21:22:33'),(23,'Add Stylesheets','Add Stylesheets','2006-07-25 21:22:33','2006-07-25 21:22:33'),(24,'Remove Stylesheets','Remove Stylesheets','2006-07-25 21:22:33','2006-07-25 21:22:33'),(25,'Add Stylesheet Assoc','Add Stylesheet Associations','2006-07-25 21:22:33','2006-07-25 21:22:33'),(26,'Modify Stylesheet Assoc','Modify Stylesheet Associations','2006-07-25 21:22:33','2006-07-25 21:22:33'),(27,'Remove Stylesheet Assoc','Remove Stylesheet Associations','2006-07-25 21:22:33','2006-07-25 21:22:33'),(28,'Modify User-defined Tags','Modify User defined Tags','2006-07-25 21:22:33','2006-07-25 21:22:33'),(29,'Clear Admin Log','Clear Admin Log','2006-07-25 21:22:33','2006-07-25 21:22:33'),(30,'Add Global Content Blocks','Add Global Content Blocks','2006-07-25 21:22:33','2006-07-25 21:22:33'),(31,'Modify Global Content Blocks','Modify Global Content Blocks','2006-07-25 21:22:33','2006-07-25 21:22:33'),(32,'Remove Global Content Blocks','Remove Global Content Blocks','2006-07-25 21:22:33','2006-07-25 21:22:33'),(35,'Modify Events','Modify Events','2006-01-27 20:06:58','2006-01-27 20:06:58'),(36,'View Tag Help','View Tag Help','2006-01-27 20:06:58','2006-01-27 20:06:58'),(44,'Manage All Content','Manage All Content','2009-05-06 15:04:11','2009-05-06 15:04:11'),(46,'Reorder Content','Reorder Content','2009-05-06 15:04:11','2009-05-06 15:04:11'),(47,'Use FileManager Advanced','Advanced usage of the File Manager module','2013-10-02 16:55:11','2013-10-02 16:55:11'),(48,'Manage Menu','Manage Menu','2013-10-02 16:55:11','2013-10-02 16:55:11'),(57,'Manage MultiDomains','Manage MultiDomains','2013-10-04 16:20:58','2013-10-04 16:20:58'),(50,'Modify News','Modify News','2013-10-02 16:55:11','2013-10-02 16:55:11'),(51,'Approve News','Approve News For Frontend Display','2013-10-02 16:55:11','2013-10-02 16:55:11'),(52,'Delete News','Delete News Articles','2013-10-02 16:55:11','2013-10-02 16:55:11'),(53,'Manage Themes','Manage Themes','2013-10-02 16:55:13','2013-10-02 16:55:13'),(54,'Use Showtime','Use Showtime','2013-10-04 13:55:00','2013-10-04 13:55:00'),(55,'Use Showtime Prefs','Use Showtime Prefs','2013-10-04 13:55:00','2013-10-04 13:55:00'),(56,'allowadvancedprofile','Allow usage of advanced profile in TinyMCE','2013-10-04 14:00:05','2013-10-04 14:00:05'),(58,'Modify FrontEndUserProps','Modify FrontEndUser Properties','2013-10-17 10:46:05','2013-10-17 10:46:05'),(59,'Use EventsManager','Use EventsManager','2013-10-17 10:46:06','2013-10-17 10:46:06'),(60,'Manage Registering Users','Manage Registering Users','2013-10-18 17:49:04','2013-10-18 17:49:04');
/*!40000 ALTER TABLE `cms_permissions` ENABLE KEYS */;
UNLOCK TABLES;

--
-- Table structure for table `cms_permissions_seq`
--

DROP TABLE IF EXISTS `cms_permissions_seq`;
/*!40101 SET @saved_cs_client     = @@character_set_client */;
/*!40101 SET character_set_client = utf8 */;
CREATE TABLE `cms_permissions_seq` (
  `id` int(11) NOT NULL
) ENGINE=MyISAM DEFAULT CHARSET=utf8;
/*!40101 SET character_set_client = @saved_cs_client */;

--
-- Dumping data for table `cms_permissions_seq`
--

LOCK TABLES `cms_permissions_seq` WRITE;
/*!40000 ALTER TABLE `cms_permissions_seq` DISABLE KEYS */;
INSERT INTO `cms_permissions_seq` VALUES (60);
/*!40000 ALTER TABLE `cms_permissions_seq` ENABLE KEYS */;
UNLOCK TABLES;

--
-- Table structure for table `cms_routes`
--

DROP TABLE IF EXISTS `cms_routes`;
/*!40101 SET @saved_cs_client     = @@character_set_client */;
/*!40101 SET character_set_client = utf8 */;
CREATE TABLE `cms_routes` (
  `term` varchar(255) NOT NULL,
  `key1` varchar(50) NOT NULL,
  `key2` varchar(50) DEFAULT NULL,
  `key3` varchar(50) DEFAULT NULL,
  `data` text,
  `created` datetime DEFAULT NULL,
  PRIMARY KEY (`term`,`key1`)
) ENGINE=MyISAM DEFAULT CHARSET=utf8;
/*!40101 SET character_set_client = @saved_cs_client */;

--
-- Dumping data for table `cms_routes`
--

LOCK TABLES `cms_routes` WRITE;
/*!40000 ALTER TABLE `cms_routes` DISABLE KEYS */;
INSERT INTO `cms_routes` VALUES ('/[nN]ews\\/(?P<articleid>[0-9]+)\\/(?P<returnid>[0-9]+)\\/(?P<junk>.*?)\\/d,(?P<detailtemplate>.*?)$/','News',NULL,NULL,'O:8:\"CmsRoute\":2:{s:15:\"\0CmsRoute\0_data\";a:4:{s:4:\"term\";s:97:\"/[nN]ews\\/(?P<articleid>[0-9]+)\\/(?P<returnid>[0-9]+)\\/(?P<junk>.*?)\\/d,(?P<detailtemplate>.*?)$/\";s:8:\"absolute\";b:0;s:4:\"key1\";s:4:\"News\";s:4:\"key2\";N;}s:18:\"\0CmsRoute\0_results\";N;}','2013-10-18 18:10:38'),('/[nN]ews\\/(?P<articleid>[0-9]+)\\/(?P<returnid>[0-9]+)\\/(?P<junk>.*?)$/','News',NULL,NULL,'O:8:\"CmsRoute\":2:{s:15:\"\0CmsRoute\0_data\";a:4:{s:4:\"term\";s:70:\"/[nN]ews\\/(?P<articleid>[0-9]+)\\/(?P<returnid>[0-9]+)\\/(?P<junk>.*?)$/\";s:8:\"absolute\";b:0;s:4:\"key1\";s:4:\"News\";s:4:\"key2\";N;}s:18:\"\0CmsRoute\0_results\";N;}','2013-10-18 18:10:38'),('/[nN]ews\\/(?P<articleid>[0-9]+)\\/(?P<returnid>[0-9]+)$/','News',NULL,NULL,'O:8:\"CmsRoute\":2:{s:15:\"\0CmsRoute\0_data\";a:4:{s:4:\"term\";s:55:\"/[nN]ews\\/(?P<articleid>[0-9]+)\\/(?P<returnid>[0-9]+)$/\";s:8:\"absolute\";b:0;s:4:\"key1\";s:4:\"News\";s:4:\"key2\";N;}s:18:\"\0CmsRoute\0_results\";N;}','2013-10-18 18:10:38'),('/[nN]ews\\/(?P<articleid>[0-9]+)$/','News',NULL,NULL,'O:8:\"CmsRoute\":2:{s:15:\"\0CmsRoute\0_data\";a:5:{s:4:\"term\";s:33:\"/[nN]ews\\/(?P<articleid>[0-9]+)$/\";s:8:\"absolute\";b:0;s:4:\"key1\";s:4:\"News\";s:4:\"key2\";N;s:8:\"defaults\";a:1:{s:8:\"returnid\";i:-1;}}s:18:\"\0CmsRoute\0_results\";N;}','2013-10-18 18:10:38');
/*!40000 ALTER TABLE `cms_routes` ENABLE KEYS */;
UNLOCK TABLES;

--
-- Table structure for table `cms_siteprefs`
--

DROP TABLE IF EXISTS `cms_siteprefs`;
/*!40101 SET @saved_cs_client     = @@character_set_client */;
/*!40101 SET character_set_client = utf8 */;
CREATE TABLE `cms_siteprefs` (
  `sitepref_name` varchar(255) NOT NULL,
  `sitepref_value` text,
  `create_date` datetime DEFAULT NULL,
  `modified_date` datetime DEFAULT NULL,
  PRIMARY KEY (`sitepref_name`)
) ENGINE=MyISAM DEFAULT CHARSET=utf8;
/*!40101 SET character_set_client = @saved_cs_client */;

--
-- Dumping data for table `cms_siteprefs`
--

LOCK TABLES `cms_siteprefs` WRITE;
/*!40000 ALTER TABLE `cms_siteprefs` DISABLE KEYS */;
INSERT INTO `cms_siteprefs` VALUES ('enablesitedownmessage','0','2006-07-25 21:22:33','2006-07-25 21:22:33'),('sitedownmessage','<p>Site is currently down for maintenance.</p>','2006-07-25 21:22:33','2006-07-25 21:22:33'),('sitedownmessagetemplate','-1','2006-07-25 21:22:33','2006-07-25 21:22:33'),('useadvancedcss','1','2006-07-25 21:22:33','2006-07-25 21:22:33'),('metadata','<meta name=\"Generator\" content=\"CMS Made Simple - Copyright (C) 2004-12 Ted Kulp. All rights reserved.\" />\r\n<meta http-equiv=\"Content-Type\" content=\"text/html; charset=utf-8\" />\r\n ','2006-07-25 21:22:33','2006-07-25 21:22:33'),('xmlmodulerepository','','2006-07-25 21:22:33','2006-07-25 21:22:33'),('logintheme','OneEleven','2006-07-25 21:22:33','2006-07-25 21:22:33'),('global_umask','022',NULL,NULL),('frontendlang','en_US',NULL,NULL),('frontendwysiwyg','-1',NULL,NULL),('nogcbwysiwyg','0',NULL,NULL),('urlcheckversion','',NULL,NULL),('defaultdateformat','',NULL,NULL),('css_max_age','0',NULL,NULL),('backendwysiwyg','MicroTiny',NULL,NULL),('disablesafemodewarning','0',NULL,NULL),('allowparamcheckwarnings','0',NULL,NULL),('enablenotifications','1',NULL,NULL),('page_active','1',NULL,NULL),('page_showinmenu','1',NULL,NULL),('page_cachable','1',NULL,NULL),('page_metadata','{* Add code here that should appear in the metadata section of all new pages *}',NULL,NULL),('defaultpagecontent','<!-- Add code here that should appear in the content block of all new pages -->',NULL,NULL),('default_parent_page','-1',NULL,NULL),('additional_editors','',NULL,NULL),('page_searchable','1',NULL,NULL),('page_extra1','',NULL,NULL),('page_extra2','',NULL,NULL),('page_extra3','',NULL,NULL),('sitedownexcludes','',NULL,NULL),('clear_vc_cache','0',NULL,NULL),('sitename','ISU Crop BioEngineering Consortium',NULL,NULL),('sitemask','',NULL,NULL),('CMSMailer_mapi_pref_mailer','smtp',NULL,NULL),('CMSMailer_mapi_pref_host','127.0.0.1',NULL,NULL),('CMSMailer_mapi_pref_port','25',NULL,NULL),('CMSMailer_mapi_pref_from','info@cropbioengineering.iastate.edu',NULL,NULL),('CMSMailer_mapi_pref_fromuser','CMS Administrator',NULL,NULL),('CMSMailer_mapi_pref_sendmail','/usr/sbin/sendmail',NULL,NULL),('CMSMailer_mapi_pref_timeout','1000',NULL,NULL),('CMSMailer_mapi_pref_smtpauth','0',NULL,NULL),('CMSMailer_mapi_pref_username','',NULL,NULL),('CMSMailer_mapi_pref_password','',NULL,NULL),('CMSMailer_mapi_pref_secure','',NULL,NULL),('CMSPrinting_mapi_pref_overridestyle','/*\nYou can put css stuff here, which will be inserted in the header after calling the cmsms-stylesheets.\nProvided you don\'t remove the {$overridestylesheet} in PrintTemplate, of course.\n\nAny suggestions for default content in this stylesheet?\n\nHave fun!\n*/',NULL,NULL),('FileManager_mapi_pref_iconsize','32px',NULL,NULL),('FileManager_mapi_pref_uploadboxes','5',NULL,NULL),('FileManager_mapi_pref_showhiddenfiles','0',NULL,NULL),('ModuleManager_mapi_pref_module_repository','http://www.cmsmadesimple.org/ModuleRepository/request/v2/',NULL,NULL),('News_mapi_pref_default_summary_template_contents','<!-- Start News Display Template -->\n{* This section shows a clickable list of your News categories. *}\n<ul class=\"list1\">\n{foreach from=$cats item=node}\n{if $node.depth > $node.prevdepth}\n{repeat string=\"<ul>\" times=$node.depth-$node.prevdepth}\n{elseif $node.depth < $node.prevdepth}\n{repeat string=\"</li></ul>\" times=$node.prevdepth-$node.depth}\n</li>\n{elseif $node.index > 0}</li>\n{/if}\n<li{if $node.index == 0} class=\"firstnewscat\"{/if}>\n{if $node.count > 0}\n	<a href=\"{$node.url}\">{$node.news_category_name}</a>{else}<span>{$node.news_category_name} </span>{/if}\n{/foreach}\n{repeat string=\"</li></ul>\" times=$node.depth-1}</li>\n</ul>\n\n{* this displays the category name if you\'re browsing by category *}\n{if $category_name}\n<h1>{$category_name}</h1>\n{/if}\n\n{* if you don\'t want category browsing on your summary page, remove this line and everything above it *}\n\n{if $pagecount > 1}\n  <p>\n{if $pagenumber > 1}\n{$firstpage}&nbsp;{$prevpage}&nbsp;\n{/if}\n{$pagetext}&nbsp;{$pagenumber}&nbsp;{$oftext}&nbsp;{$pagecount}\n{if $pagenumber < $pagecount}\n&nbsp;{$nextpage}&nbsp;{$lastpage}\n{/if}\n</p>\n{/if}\n{foreach from=$items item=entry}\n<div class=\"NewsSummary\">\n\n{if $entry->postdate}\n	<div class=\"NewsSummaryPostdate\">\n		{$entry->postdate|cms_date_format}\n	</div>\n{/if}\n\n<div class=\"NewsSummaryLink\">\n<a href=\"{$entry->moreurl}\" title=\"{$entry->title|cms_escape:htmlall}\">{$entry->title|cms_escape}</a>\n</div>\n\n<div class=\"NewsSummaryCategory\">\n	{$category_label} {$entry->category}\n</div>\n\n{if $entry->author}\n	<div class=\"NewsSummaryAuthor\">\n		{$author_label} {$entry->author}\n	</div>\n{/if}\n\n{if $entry->summary}\n	<div class=\"NewsSummarySummary\">\n		{eval var=$entry->summary}\n	</div>\n\n	<div class=\"NewsSummaryMorelink\">\n		[{$entry->morelink}]\n	</div>\n\n{else if $entry->content}\n\n	<div class=\"NewsSummaryContent\">\n		{eval var=$entry->content}\n	</div>\n{/if}\n\n{if isset($entry->extra)}\n    <div class=\"NewsSummaryExtra\">\n        {eval var=$entry->extra}\n	{* {cms_module module=\'Uploads\' mode=\'simpleurl\' upload_id=$entry->extravalue} *}\n    </div>\n{/if}\n{if isset($entry->fields)}\n  {foreach from=$entry->fields item=\'field\'}\n     <div class=\"NewsSummaryField\">\n        {if $field->type == \'file\'}\n          <img src=\"{$entry->file_location}/{$field->displayvalue}\"/>\n        {else}\n          {$field->name}:&nbsp;{eval var=$field->displayvalue}\n        {/if}\n     </div>\n  {/foreach}\n{/if}\n\n</div>\n{/foreach}\n<!-- End News Display Template -->\n',NULL,NULL),('News_mapi_pref_current_summary_template','Sample',NULL,NULL),('News_mapi_pref_default_detail_template_contents','{* News module entry object reference:\n   ------------------------------\n   In previous versions of News the \'object\' returned in $entry was quite simple, and a <pre>{$entry|@print_r}</pre> would output all of the available data\n   This has changed in News 2.12, the object is not quite as \'simple\' as it was in previous versions, and that method will no longer work.  Hence, below\n   you will find a referennce to the available data.\n\n   ====\n   news_article Object Reference\n   ====\n\n     Members:\n     --\n     Members can be displayed by the following syntax: {$entry->membername} or assigned to another smarty variable using {assign var=\'foo\' value=$entry->membername}.\n\n     The following members are available in the entry array:\n   \n     id (integer)           = The unique article id.\n     author_id (integer)    = The userid of the author who created the article.  This value may be negative to indicate an FEU userid.\n     title (string)         = The title of the article.\n     summary (text)         = The summary text (may be empty or unset).\n     extra (string)         = The \"extra\" data associated with the article (may be empty or unset).\n     news_url (string)      = The url segment associated with this article (may be empty or unset).\n     postdate (string)      = A string representing the news article post date.  You may filter this through cms_date_format for different display possibilities.\n     startdate (string)     = A string representing the date the article should begin to appear.  (may be empty or unset)\n     enddate (string)       = A string representing the date the article should stop appearing on the site (may be empty or unset).\n     category_id (integer)  = The unique id of the hierarchy level where this article resides (may be empty or unset)\n     status (string)        = either \'draft\' or \'published\' indicating the status of this article.\n     author (string)        = The username of the original author of the article.  If the article was created by frontend submission, this will attempt to retrieve the username from the FEU module.\n     authorname (string)    = The full name of the original author of the website. Only applicable if article was created by an administrator and that information exists in the administrators profile.\n     category (string)      = The name of the category that this article is associated with.\n     canonical (string)     = A full URL (prettified) to this articles detail view using defaults if necessary.\n     fields (associative)   = An associative array of field objects, representing the fields, and their values for this article.  See the information below on the field object definition.   In past versions of News this was a simple array, now it is an associative one.\n     customfieldsbyname     = (deprecated) - A synonym for the \'fields\' member\n     fieldsbyname           = (deprecated) - A synonym for the \'fields\' member\n     useexp (integer)       = A flag indicating wether this article is using the expiry information.\n     file_location (string) = A url containing the location where files attached the article are stored... the field value should be appended to this url.\n     \n\n   ====\n   news_field Object Reference\n   ====\n   The news_field object contains data about the fields and their values that are associated with a particular news article.\n\n     Members:\n     --------\n     id (integer)  = The id of the field definition\n     name (string) = The name of the field\n     type (string) = The type of field\n     max_length (integer) = The maximum length of the field (applicable only to text fields)\n     item_order (integer) = The order of the field\n     public (integer) = A flag indicating wether the field is public or not\n     value (mixed)    = The value of the field.\n     displayvalue (mixed) = A displayable value for the field.  This is particularly useful in the case of dropdown fields.\n\n\n   ====\n   Below, you will find the normal detail template information.  Modify this template as desired.\n*}\n\n{* set a canonical variable that can be used in the head section if process_whole_template is false in the config.php *}\n{if isset($entry->canonical)}\n  {assign var=\'canonical\' value=$entry->canonical}\n{/if}\n\n{if $entry->postdate}\n	<div id=\"NewsPostDetailDate\">\n		{$entry->postdate|cms_date_format}\n	</div>\n{/if}\n<h3 id=\"NewsPostDetailTitle\">{$entry->title|cms_escape:htmlall}</h3>\n\n<hr id=\"NewsPostDetailHorizRule\" />\n\n{if $entry->summary}\n	<div id=\"NewsPostDetailSummary\">\n		<strong>\n			{eval var=$entry->summary}\n		</strong>\n	</div>\n{/if}\n\n{if $entry->category}\n	<div id=\"NewsPostDetailCategory\">\n		{$category_label} {$entry->category}\n	</div>\n{/if}\n{if $entry->author}\n	<div id=\"NewsPostDetailAuthor\">\n		{$author_label} {$entry->author}\n	</div>\n{/if}\n\n<div id=\"NewsPostDetailContent\">\n	{eval var=$entry->content}\n</div>\n\n{if $entry->extra}\n	<div id=\"NewsPostDetailExtra\">\n		{$extra_label} {$entry->extra}\n	</div>\n{/if}\n\n{if $return_url != \"\"}\n<div id=\"NewsPostDetailReturnLink\">{$return_url}{if $category_name != \'\'} - {$category_link}{/if}</div>\n{/if}\n\n{if isset($entry->fields)}\n  {foreach from=$entry->fields item=\'field\'}\n     <div class=\"NewsDetailField\">\n        {if $field->type == \'file\'}\n	  {* this template assumes that every file uploaded is an image of some sort, because News doesn\'t distinguish *}\n          <img src=\"{$entry->file_location}/{$field->displayvalue}\"/>\n        {else}\n          {$field->name}:&nbsp;{eval var=$field->displayvalue}\n        {/if}\n     </div>\n  {/foreach}\n{/if}\n',NULL,NULL),('News_mapi_pref_current_detail_template','Sample',NULL,NULL),('News_mapi_pref_default_form_template_contents','{* original form template *}\n{if isset($error)}\n  <h3><font color=\"red\">{$error}</font></h3>\n{else}\n  {if isset($message)}\n    <h3>{$message}</h3>\n  {/if}\n{/if}\n{$startform}\n	<div class=\"pageoverflow\">\n		<p class=\"pagetext\">*{$titletext}:</p>\n		<p class=\"pageinput\">{$inputtitle}</p>\n	</div>\n	<div class=\"pageoverflow\">\n		<p class=\"pagetext\">{$categorytext}:</p>\n		<p class=\"pageinput\">{$inputcategory}</p>\n	</div>\n{if !isset($hide_summary_field) or $hide_summary_field == 0}\n	<div class=\"pageoverflow\">\n		<p class=\"pagetext\">{$summarytext}:</p>\n		<p class=\"pageinput\">{$inputsummary}</p>\n	</div>\n{/if}\n	<div class=\"pageoverflow\">\n		<p class=\"pagetext\">*{$contenttext}:</p>\n		<p class=\"pageinput\">{$inputcontent}</p>\n	</div>\n	<div class=\"pageoverflow\">\n		<p class=\"pagetext\">{$extratext}:</p>\n		<p class=\"pageinput\">{$inputextra}</p>\n	</div>\n	<div class=\"pageoverflow\">\n		<p class=\"pagetext\">{$startdatetext}:</p>\n		<p class=\"pageinput\">{html_select_date prefix=$startdateprefix time=$startdate end_year=\"+15\"} {html_select_time prefix=$startdateprefix time=$startdate}</p>\n	</div>\n	<div class=\"pageoverflow\">\n		<p class=\"pagetext\">{$enddatetext}:</p>\n		<p class=\"pageinput\">{html_select_date prefix=$enddateprefix time=$enddate end_year=\"+15\"} {html_select_time prefix=$enddateprefix time=$enddate}</p>\n	</div>\n	{if isset($customfields)}\n	   {foreach from=$customfields item=\'onefield\'}\n	      <div class=\"pageoverflow\">\n		<p class=\"pagetext\">{$onefield->name}:</p>\n		<p class=\"pageinput\">{$onefield->field}</p>\n	      </div>\n	   {/foreach}\n	{/if}\n	<div class=\"pageoverflow\">\n		<p class=\"pagetext\">&nbsp;</p>\n		<p class=\"pageinput\">{$hidden}{$submit}{$cancel}</p>\n	</div>\n{$endform}\n',NULL,NULL),('News_mapi_pref_current_form_template','Sample',NULL,NULL),('News_mapi_pref_default_browsecat_template_contents','{if $count > 0}\n<ul class=\"list1\">\n{foreach from=$cats item=node}\n{if $node.depth > $node.prevdepth}\n{repeat string=\"<ul>\" times=$node.depth-$node.prevdepth}\n{elseif $node.depth < $node.prevdepth}\n{repeat string=\"</li></ul>\" times=$node.prevdepth-$node.depth}\n</li>\n{elseif $node.index > 0}</li>\n{/if}\n<li class=\"newscategory\">\n{if $node.count > 0}\n	<a href=\"{$node.url}\">{$node.news_category_name}</a> ({$node.count}){else}<span>{$node.news_category_name} (0)</span>{/if}\n{/foreach}\n{repeat string=\"</li></ul>\" times=$node.depth-1}</li>\n</ul>\n{/if}',NULL,NULL),('News_mapi_pref_current_browsecat_template','Sample',NULL,NULL),('News_mapi_pref_email_subject','A new News article has been posted',NULL,NULL),('News_mapi_pref_allowed_upload_types','gif,png,jpeg,jpg',NULL,NULL),('News_mapi_pref_auto_create_thumbnails','gif,png,jpeg,jpg',NULL,NULL),('Search_mapi_pref_stopwords','i, me, my, myself, we, our, ours, ourselves, you, your, yours, \nyourself, yourselves, he, him, his, himself, she, her, hers, \nherself, it, its, itself, they, them, their, theirs, themselves, \nwhat, which, who, whom, this, that, these, those, am, is, are, \nwas, were, be, been, being, have, has, had, having, do, does, \ndid, doing, a, an, the, and, but, if, or, because, as, until, \nwhile, of, at, by, for, with, about, against, between, into, \nthrough, during, before, after, above, below, to, from, up, down, \nin, out, on, off, over, under, again, further, then, once, here, \nthere, when, where, why, how, all, any, both, each, few, more, \nmost, other, some, such, no, nor, not, only, own, same, so, \nthan, too, very',NULL,NULL),('Search_mapi_pref_usestemming','false',NULL,NULL),('Search_mapi_pref_searchtext','Enter Search...',NULL,NULL),('PruneAdminlog_lastexecute','1382644643',NULL,NULL),('pseudocron_lastrun','1382644643',NULL,NULL),('cms_is_uptodate','1',NULL,NULL),('lastcmsversioncheck','1382590795',NULL,NULL),('__NOTIFICATIONS__','',NULL,NULL),('Showtime_mapi_pref_uploadmethode','swf',NULL,NULL),('Showtime_mapi_pref_watermark_file','watermark.png',NULL,NULL),('Showtime_mapi_pref_watermark_pos','bottom_right',NULL,NULL),('Showtime_mapi_pref_watermark_transparant','70',NULL,NULL),('Showtime_mapi_pref_watermark_padding_x','10',NULL,NULL),('Showtime_mapi_pref_watermark_padding_y','10',NULL,NULL),('Showtime_mapi_pref_load_jQuery_scripts','1',NULL,NULL),('TinyMCE_mapi_pref_skin','default',NULL,NULL),('TinyMCE_mapi_pref_source_formatting','1',NULL,NULL),('TinyMCE_mapi_pref_editor_width','800',NULL,NULL),('TinyMCE_mapi_pref_editor_width_auto','1',NULL,NULL),('__listcontent_timelock__','1382118398',NULL,NULL),('thumbnail_width','96',NULL,NULL),('thumbnail_height','96',NULL,NULL),('searchmodule','Search',NULL,NULL),('mail_is_set','1',NULL,NULL),('CMSMailer_mapi_pref_charset','utf-8',NULL,NULL),('TinyMCE_mapi_pref_editor_width_unit','',NULL,NULL),('TinyMCE_mapi_pref_editor_height','400',NULL,NULL),('TinyMCE_mapi_pref_editor_height_auto','1',NULL,NULL),('TinyMCE_mapi_pref_editor_height_unit','',NULL,NULL),('TinyMCE_mapi_pref_show_path','1',NULL,NULL),('TinyMCE_mapi_pref_striptags','true',NULL,NULL),('TinyMCE_mapi_pref_imagebrowserstyle','both',NULL,NULL),('TinyMCE_mapi_pref_allowscaling','0',NULL,NULL),('TinyMCE_mapi_pref_scalingwidth','800',NULL,NULL),('TinyMCE_mapi_pref_scalingheight','600',NULL,NULL),('TinyMCE_mapi_pref_filepickerstyle','both',NULL,NULL),('TinyMCE_mapi_pref_fpwidth','700',NULL,NULL),('TinyMCE_mapi_pref_fpheight','500',NULL,NULL),('TinyMCE_mapi_pref_toolbar1','cut,paste,pastetext,pasteword,copy,separator,justifyleft,justifycenter,justifyright,justifyfull,separator,styleselect,formatselect,fontselect,fontsizeselect',NULL,NULL),('TinyMCE_mapi_pref_toolbar2','bold,italic,underline,strikethrough,advhr,separator,bullist,numlist,separator,outdent,indent,separator,undo,redo,separator,customdropdown,cmslinker,link,unlink,anchor,image,charmap,cleanup,separator,forecolor,backcolor,separator,code,spellchecker,fullscreen,help',NULL,NULL),('TinyMCE_mapi_pref_toolbar3','showtime_picker',NULL,NULL),('TinyMCE_mapi_pref_allow_tables','0',NULL,NULL),('TinyMCE_mapi_pref_allowupload','0',NULL,NULL),('TinyMCE_mapi_pref_showtogglebutton','1',NULL,NULL),('TinyMCE_mapi_pref_advanced_toolbar1','cut,paste,pastetext,pasteword,copy,separator,justifyleft,justifycenter,justifyright,justifyfull,separator,styleselect,formatselect,fontselect,fontsizeselect',NULL,NULL),('TinyMCE_mapi_pref_advanced_toolbar2','bold,italic,underline,strikethrough,advhr,separator,bullist,numlist,separator,outdent,indent,separator,undo,redo,separator,customdropdown,cmslinker,link,unlink,anchor,image,charmap,cleanup,separator,forecolor,backcolor,separator,code,spellchecker,fullscreen,help',NULL,NULL),('TinyMCE_mapi_pref_advanced_toolbar3','',NULL,NULL),('TinyMCE_mapi_pref_advanced_allow_tables','0',NULL,NULL),('TinyMCE_mapi_pref_advanced_allowupload','0',NULL,NULL),('TinyMCE_mapi_pref_advanced_showtogglebutton','1',NULL,NULL),('TinyMCE_mapi_pref_front_toolbar1','cut,paste,pastetext,pasteword,copy,separator,justifyleft,justifycenter,justifyright,justifyfull,separator,styleselect,formatselect,fontselect,fontsizeselect',NULL,NULL),('TinyMCE_mapi_pref_front_toolbar2','bold,italic,underline,strikethrough,advhr,separator,bullist,numlist,separator,outdent,indent,separator,undo,redo,separator,cmslinker,link,unlink,anchor,image,charmap,cleanup,separator,forecolor,backcolor,separator,code,spellchecker,fullscreen,help',NULL,NULL),('TinyMCE_mapi_pref_front_toolbar3','',NULL,NULL),('TinyMCE_mapi_pref_front_allow_tables','0',NULL,NULL),('TinyMCE_mapi_pref_front_showtogglebutton','1',NULL,NULL),('TinyMCE_mapi_pref_plugins','advimage,advlink,contextmenu,paste,inlinepopups,spellchecker',NULL,NULL),('TinyMCE_mapi_pref_newlinestyle','p',NULL,NULL),('TinyMCE_mapi_pref_usehtml5scheme','0',NULL,NULL),('TinyMCE_mapi_pref_usecompression','0',NULL,NULL),('TinyMCE_mapi_pref_entityencoding','raw',NULL,NULL),('TinyMCE_mapi_pref_bodycss','',NULL,NULL),('TinyMCE_mapi_pref_forcedrootblock','false',NULL,NULL),('TinyMCE_mapi_pref_customdropdown','Insert CMS version info|{cms_version} {cms_versionname}\n---|---\nInsert Smarty {literal} around selection|{literal}|{/literal}',NULL,NULL),('TinyMCE_mapi_pref_extraconfig','',NULL,NULL),('TinyMCE_mapi_pref_forcecleanpaste','1',NULL,NULL),('TinyMCE_mapi_pref_startenabled','1',NULL,NULL),('TinyMCE_mapi_pref_loadcmslinker','1',NULL,NULL),('TinyMCE_mapi_pref_cmslinkerstyle','selflink',NULL,NULL),('TinyMCE_mapi_pref_cmslinkeradds','',NULL,NULL),('TinyMCE_mapi_pref_usestaticconfig','0',NULL,NULL),('TinyMCE_mapi_pref_ignoremodifyfiles','0',NULL,NULL),('TinyMCE_mapi_pref_dropdownblockformats','h1,h2,h3,h4,h5,h6,blockquote,dt,dd,code,samp',NULL,NULL),('TinyMCE_mapi_pref_module_plugins','showtime_picker',NULL,NULL),('TinyMCE_mapi_pref_allowresizing','both',NULL,NULL),('TinyMCE_mapi_pref_makethumbnail','1',NULL,NULL),('TinyMCE_mapi_pref_dateformat','%Y-%m-%d',NULL,NULL),('TinyMCE_mapi_pref_timeformat','%H:%M:%S',NULL,NULL),('TinyMCE_mapi_pref_showthumbnailfiles','0',NULL,NULL),('TinyMCE_mapi_pref_showfilemanagement','0',NULL,NULL),('TinyMCE_mapi_pref_restrictdirs','0',NULL,NULL),('TinyMCE_mapi_pref_advanced_showfilemanagement','0',NULL,NULL),('MultiDomains_mapi_pref_defaultdomain','0',NULL,NULL),('MultiDomains_mapi_pref_dont_use_event_handler','0',NULL,NULL),('MultiDomains_mapi_pref_clear_cache','1',NULL,NULL),('MultiDomains_mapi_pref_system_check','0',NULL,NULL),('MultiDomains_mapi_pref_debug_use','0',NULL,NULL),('MultiDomains_mapi_pref_devdomain','0',NULL,NULL),('MultiDomains_mapi_pref_devip','',NULL,NULL),('MultiDomains_mapi_pref_stats_use','0',NULL,NULL),('MultiDomains_mapi_pref_stats_daily','0',NULL,NULL),('MultiDomains_mapi_pref_stats_email','',NULL,NULL),('MultiDomains_mapi_pref_day','20131004',NULL,NULL),('MultiDomains_mapi_pref_month','201310',NULL,NULL),('MultiDomains_mapi_pref_year','2013',NULL,NULL),('FrontEndUsers_mapi_pref_min_passwordlength','6',NULL,NULL),('FrontEndUsers_mapi_pref_max_passwordlength','20',NULL,NULL),('FrontEndUsers_mapi_pref_min_usernamelength','4',NULL,NULL),('FrontEndUsers_mapi_pref_max_usernamelength','40',NULL,NULL),('FrontEndUsers_mapi_pref_user_session_expires','1800',NULL,NULL),('FrontEndUsers_mapi_pref_cookie_keepalive','0',NULL,NULL),('FrontEndUsers_mapi_pref_cookiename','xec9e3ce',NULL,NULL),('FrontEndUsers_mapi_pref_default_group','2',NULL,NULL),('FrontEndUsers_mapi_pref_required_field_marker','*',NULL,NULL),('FrontEndUsers_mapi_pref_required_field_color','blue',NULL,NULL),('FrontEndUsers_mapi_pref_require_onegroup','0',NULL,NULL),('FrontEndUsers_mapi_pref_hidden_field_marker','!',NULL,NULL),('FrontEndUsers_mapi_pref_hidden_field_color','green',NULL,NULL),('FrontEndUsers_mapi_pref_pageid_forgotpasswd','',NULL,NULL),('FrontEndUsers_mapi_pref_pageid_changesettings','',NULL,NULL),('FrontEndUsers_mapi_pref_pageid_login','',NULL,NULL),('FrontEndUsers_mapi_pref_pageid_logout','',NULL,NULL),('FrontEndUsers_mapi_pref_pageid_afterverify','',NULL,NULL),('FrontEndUsers_mapi_pref_allow_duplicate_emails','0',NULL,NULL),('FrontEndUsers_mapi_pref_username_is_email','1',NULL,NULL),('FrontEndUsers_mapi_pref_passwordfldlength','20',NULL,NULL),('FrontEndUsers_mapi_pref_usernamefldlength','40',NULL,NULL),('FrontEndUsers_mapi_pref_allow_repeated_logins','0',NULL,NULL),('FrontEndUsers_mapi_pref_image_destination_path','feusers',NULL,NULL),('FrontEndUsers_mapi_pref_allowed_image_extensions','.gif,.png,.jpg',NULL,NULL),('FrontEndUsers_mapi_pref_notification_subject','FEU Event Notification',NULL,NULL),('FrontEndUsers_mapi_pref_expireage_months','12',NULL,NULL),('FrontEndUsers_mapi_pref_pwsalt','c80ad',NULL,NULL),('CGExtensions_mapi_pref_cache_autoclean_last','1382645161',NULL,NULL),('CGExtensions_mapi_pref_imageextensions','jpg,png,gif',NULL,NULL),('CGExtensions_mapi_pref_thumbnailsize','75',NULL,NULL),('CGExtensions_mapi_pref_watermark_text','ISU Crop BioEngineering Consortium',NULL,NULL),('CGExtensions_mapi_pref_watermark_textsize','12',NULL,NULL),('CGExtensions_mapi_pref_watermark_angle','0',NULL,NULL),('CGExtensions_mapi_pref_watermark_font','ARIAL.TTF',NULL,NULL),('CGExtensions_mapi_pref_watermark_bgcolor','#FFFFFF',NULL,NULL),('CGExtensions_mapi_pref_watermark_textcolor','#000000',NULL,NULL),('CGExtensions_mapi_pref_watermark_transparent','1',NULL,NULL),('CGExtensions_mapi_pref_dflt_sortablelist_template_content','{* sortable list template *}\n\n{*\n This template provides one example of using javascript in a CMS module template.  The javascript is left here as an example of how one can interact with smarty in javascript.  You may infact want to put most of these functions into a seperate .js file and include it somewhere in your head section.\n\n You are free to modify this javascript and this template.  However, the php driver scripts look for a field named in the smarty variable {$selectarea_prefix}, and expect that to be a comma seperated list of values.\n *}\n\n{literal}\n<script type=\'text/javascript\'>\nvar allowduplicates = {/literal}{$allowduplicates};{literal}\nvar selectlist = {/literal}\"{$selectarea_prefix}_selectlist\";{literal}\nvar masterlist = {/literal}\"{$selectarea_prefix}_masterlist\";{literal}\nvar addbtn = {/literal}\"{$selectarea_prefix}_add\";{literal}\nvar rembtn = {/literal}\"{$selectarea_prefix}_remove\";{literal}\nvar upbtn = {/literal}\"{$selectarea_prefix}_up\";{literal}\nvar downbtn = {/literal}\"{$selectarea_prefix}_down\";{literal}\nvar valuefld = {/literal}\"{$selectarea_prefix}\";{literal}\nvar max_selected = {/literal}{$max_selected};{literal}\n\nfunction selectarea_update_value()\n{\n  var sel_elem = document.getElementById(selectlist);\n  var val_elem = document.getElementById(valuefld);\n  var sel_idx = sel_elem.selectedIndex;\n  var opts = sel_elem.getElementsByTagName(\'option\');\n  var tmp = new Array();\n  for( i = 0; i < opts.length; i++ )\n    {\n      tmp[tmp.length] = opts[i].value;\n    }\n  var str = tmp.join(\',\');\n  val_elem.value = str;  \n}\n\nfunction selectarea_handle_down()\n{\n  var sel_elem = document.getElementById(selectlist);\n  var sel_idx = sel_elem.selectedIndex;\n  var opts = sel_elem.getElementsByTagName(\'option\');\n  for( var i = opts.length - 2; i >= 0; i-- )\n    {\n      var opt = opts[i];\n      if( opt.selected )\n        {\n           var nextopt = opts[i+1];\n           opt = sel_elem.removeChild(opt);\n           nextopt = sel_elem.replaceChild(opt,nextopt);\n           sel_elem.insertBefore(nextopt,opt);\n        }\n    }\n  selectarea_update_value();\n}\n\nfunction selectarea_handle_up()\n{\n  var sel_elem = document.getElementById(selectlist);\n  var sel_idx = sel_elem.selectedIndex;\n  var opts = sel_elem.getElementsByTagName(\'option\');\n  if( sel_idx > 0 )\n    {\n      for( var i = 1; i < opts.length; i++ )\n        {\n          var opt = opts[i];\n          if( opt.selected )\n            {\n              sel_elem.removeChild(opt);\n               sel_elem.insertBefore(opt, opts[i-1]);\n            }\n        }\n    }\n  selectarea_update_value();\n}\n\nfunction selectarea_handle_remove()\n{\n  var sel_elem = document.getElementById(selectlist);\n  var sel_idx = sel_elem.selectedIndex;\n  if( sel_idx >= 0 )\n    {\n      var val = sel_elem.options[sel_idx].value;\n      sel_elem.remove(sel_idx);\n    }\n  selectarea_update_value();\n}\n\nfunction selectarea_handle_add()\n{\n  var mas_elem = document.getElementById(masterlist);\n  var mas_idx = mas_elem.selectedIndex;\n  var sel_elem = document.getElementById(selectlist);\n  var opts = sel_elem.getElementsByTagName(\'option\');\n  if( opts.length >= max_selected && max_selected > 0) return;\n  if( mas_idx >= 0 )\n    {\n      var newOpt = document.createElement(\'option\');\n      newOpt.text = mas_elem.options[mas_idx].text;\n      newOpt.value = mas_elem.options[mas_idx].value;\n      if( allowduplicates == 0 )\n        {\n          for( var i = 0; i < opts.length; i++ )\n          {\n            if( opts[i].value == newOpt.value ) return;\n          }\n        }\n      sel_elem.add(newOpt,null);\n    }\n  selectarea_update_value();\n}\n\n\nfunction selectarea_handle_select()\n{\n  var sel_elem = document.getElementById(selectlist);\n  var sel_idx = sel_elem.selectedIndex;\n  var mas_elem = document.getElementById(masterlist);\n  var mas_idx = mas_elem.selectedIndex;\n  addbtn.disabled = (mas_idx >= 0);\n  rembtn.disabled = (sel_idx >= 0);\n  addbtn.disabled = (sel_idx >= 0);\n  downbtn.disabled = (sel_idx >= 0);\n}\n\n</script>\n{/literal}\n\n <table>\n   <tr>\n     <td>\n      {* left column - for the selected items *}\n      {$label_left}<br/>\n      <select id=\"{$selectarea_prefix}_selectlist\" size=\"10\" onchange=\"selectarea_handle_select();\">\n        {html_options options=$selectarea_selected}\n      </select><br/>\n     </td>\n     <td>\n      {* center column - for the add/delete buttons *}\n      <input type=\"submit\" id=\"{$selectarea_prefix}_add\" value=\"&lt;&lt;\" onclick=\"selectarea_handle_add(); return false;\"/><br/>\n      <input type=\"submit\" id=\"{$selectarea_prefix}_remove\" value=\"&gt;&gt;\" onclick=\"selectarea_handle_remove(); return false;\"/><br/>\n      <input type=\"submit\" id=\"{$selectarea_prefix}_up\" value=\"{$upstr}\" onclick=\"selectarea_handle_up(); return false;\"/><br/>\n      <input type=\"submit\" id=\"{$selectarea_prefix}_down\" value=\"{$downstr}\" onclick=\"selectarea_handle_down(); return false;\"/><br/>\n     </td>\n     <td>\n      {* right column - for the master list *}\n      {$label_right}<br/>\n      <select id=\"{$selectarea_prefix}_masterlist\" size=\"10\" onchange=\"selectarea_handle_select();\">\n        {html_options options=$selectarea_masterlist}\n      </select>\n     </td>\n   </tr>\n </table>\n <div><input type=\"hidden\" id=\"{$selectarea_prefix}\" name=\"{$selectarea_prefix}\" value=\"{$selectarea_selected_str}\" /></div>\n',NULL,NULL),('CGExtensions_mapi_pref_dflt_sortablelist_template','Sample',NULL,NULL),('EventsManager_mapi_pref_orig_summary_template','{* Events summary default template *}\n{* Events and details are stored in the $items array *}\n{* What can you use in this template? Some examples:\n		{$entry->name} : event name\n		{$entry->description} : event description\n		{$entry->category} : the category object\n			{$entry->category->name} : category name\n			{$entry->category->description} : category description\n		{$entry->start_datetime} : event start datetime (i.e. {$entry->start_datetime|cms_date_format}) - Same with \"end_datetime\"\n		{$entry->capacity} : capacity of the event\n		{$entry->fields : an array of extra fields\n			If you have an extra field with the alias \"place\", use :\n			{$entry->fields.place->value}\n\n		NOTE : sometimes, the extrafields values are arrays, so use {$entry->fields.place|print_r} to see what is available\n\n		Use {$entry|print_r} to display all the infos available\n*}\n{if $items|@count}\n	{foreach from=$items item=entry}\n	\n		{* Important, do not remove the line above: *}\n		{assign var=\'overquotanb\' value=0}\n		\n		<h3>{$entry->name}</h3>\n		{if isset($entry->category)}\n			<p>Category: {$entry->category->name}</p>\n		{/if}\n		<p>From : {$entry->start_datetime|cms_date_format} to : {$entry->end_datetime|cms_date_format}</p>\n		<p><a href=\"{$entry->detailurl}\">Event details</a></p>\n\n		{if $entry->allow_registration}\n			<h4>Event registration</h4>\n			<p>Registered places: {$entry->nb_regusers} / Capacity: {if $entry->capacity > 0}{$entry->capacity} / Remaining places: {math equation=\"x - y\" x=$entry->capacity y=$entry->nb_regusers} {else}Unlimited{/if}</p>\n\n			{if isset($entry->registration_url)}\n				<p><a href=\"{$entry->registration_url}\">Register</a></p>\n			{/if}\n\n			{EventsManager action=\'register\' event_id=$entry->id inline=1 allow_notconnected=1}\n		{/if}\n\n		{if !empty($entry->description)}\n			<h4>Description</h4>\n			<p>{$entry->description}</p>\n		{/if}\n\n		{* Extra fields *}\n		{if isset($entry->fields)}\n			{foreach from=$entry->fields item=\'oneval\' key=\'key\'}\n				<h4>{$oneval->name}</h4>\n				<div>\n					{if $oneval->type eq \'image\' and $oneval->value neq \'\'}\n						<img src=\"{$oneval->file_url}\" style=\"max-width: 200px\" />\n					{elseif $oneval->type eq \'checkboxes\' and !empty($oneval->value)}\n						<ul>\n							{foreach from=$oneval->value item=\'onecheckbox\'}\n								<li>{$onecheckbox}</li>\n							{/foreach}\n						</ul>\n					{elseif $oneval->value neq \'\'}\n						{$oneval->value}\n					{else}\n						<p>No value for {$oneval->name}</p>\n					{/if}\n				</div>\n				<br /><br />\n\n				{* Uncomment to display all the info for the current field : *}\n				{*\n					{$key} : {$oneval|print_r}<br /><br />\n				*}\n			{/foreach}\n		{/if}\n\n		<a href=\"{$entry->detailurl}\">View event details</a>\n		\n	{/foreach}\n{else}\n	<p>No event</p>\n{/if}',NULL,NULL),('EventsManager_mapi_pref_dflt_summary_template','AdamShawCalendar',NULL,NULL),('EventsManager_mapi_pref_orig_detail_template','{* Event detail default template *}\n{* What can you use in this template? Some examples:\n		{$entry->name} : event name\n		{$entry->description} : event description\n		{$entry->category} : the category object\n			{$entry->category->name} : category name\n			{$entry->category->description} : category description\n		{$entry->start_datetime} : event start datetime (i.e. {$entry->start_datetime|cms_date_format}) - Same with \"end_datetime\"\n		{$entry->capacity} : capacity of the event\n		{$entry->fields : an array of extra fields\n			If you have an extra field with the alias \"place\", use :\n			{$entry->fields.place->value}\n\n		NOTE : sometimes, the extrafields values are arrays, so use {$entry->fields.place|print_r} to see what is available\n\n		Use {$entry|print_r} to display all the infos available\n*}\n\n<h3>{$entry->name}</h3>\n{if isset($entry->category)}\n	<p>Category: {$entry->category->name}</p>\n{/if}\n<p>From : {$entry->start_datetime|cms_date_format} to : {$entry->end_datetime|cms_date_format}</p>\n<p>{$entry->description}</p>\n\n{* Extra fields *}\n{if isset($entry->fields)}\n	{foreach from=$entry->fields item=\'oneval\' key=\'key\'}\n		<h4>{$oneval->name}</h4>\n		<div>\n			{if $oneval->type eq \'image\' and $oneval->value neq \'\'}\n				<img src=\"{$oneval->file_url}\" style=\"max-width: 200px\" />\n			{elseif $oneval->type eq \'checkboxes\' and $oneval->value neq \'\'}\n				<ul>\n					{foreach from=$oneval->value item=\'onecheckbox\'}\n						<li>{$onecheckbox}</li>\n					{/foreach}\n				</ul>\n			{elseif $oneval->value neq \'\'}\n				{$oneval->value}\n			{else}\n				<p>No value for {$oneval->name}</p>\n			{/if}\n		</div>\n		<br /><br />\n\n		{* Uncomment to display all the info for the current field : *}\n		{*\n			{$key} : {$oneval|print_r}<br /><br />\n		*}\n	{/foreach}\n{/if}\n\n{* Registration *}\n<p>Registered places: {$entry->nb_regusers} / Capacity: {if $entry->capacity > 0}{$entry->capacity} / Remaining places: {math equation=\"x - y\" x=$entry->capacity y=$entry->nb_regusers} {else}Unlimited{/if}</p>\n{EventsManager action=\'register\' event_id=$entry->id redirectdetail=1}\n\n{if isset($entry->registration_url)}\n	<p><a href=\"{$entry->registration_url}\">Go to register page</a></p>\n{/if}\n\n{* List of registrations - Delete all the code below if you don\'t want to display the registrations list *}\n<h3>List of registrations</h3>\n{EventsManager action=\'registrationslist\' event_id=$entry->id}',NULL,NULL),('EventsManager_mapi_pref_dflt_detail_template','Simple',NULL,NULL),('EventsManager_mapi_pref_orig_registration_template','{* Event registration default template *}\n\n{if $errors|@count > 0}\n	{foreach from=$errors item=\'error\'}\n		<p class=\'error_message\'>{$error}</p>\n	{/foreach}\n{/if}\n{if $messages|@count > 0}\n	{foreach from=$messages item=\'message\'}\n		<p class=\'message\'>{$message}</p>\n	{/foreach}\n{/if}\n\n{if $event->allow_registration}\n	{if $event->limited_reg_period eq 1}\n		<p>Registrations for this event runs from {$event->reg_start_datetime|cms_date_format} to {$event->reg_end_datetime|cms_date_format}</p>\n	{/if}\n\n	{if $registration->status eq \'registered\'}\n		<p>You\'re registered for {$registration->nb_persons} place(s)</p>\n	{elseif $registration->status eq \'cancelled\'}\n		<p>You\'ve cancelled your registration on {$registration->modify_datetime|cms_date_format}</p>\n	{else}\n		<p>You\'re not enrolled to this event</p>\n	{/if}\n\n	{if $display_event_registration_form}\n		{if isset($overquotanb) and isset($overquotatotal)}\n			<div class=\"overquota_message\">\n				<p style=\"color: red\">You cannot register <strong>{$overquotanb}</strong> places, because this exceed the total number of available places. You can get <strong>{$overquotatotal}</strong> places. Please modify:</p>\n			</div>\n		{elseif isset($overquotanb) and ($overquotanb gt 0)}\n			<div class=\"overquota_message\">\n				<p style=\"color: red\">You cannot register <strong>{$overquotanb}</strong> places, because this event is limited to <strong>{$event->capacity_per_feu}</strong> places per user. Please modify:</p>\n			</div>\n		{/if}\n		{$form_start}\n			{$hidden}\n\n			{* Note, you can simply use : *}\n			{* {$nb_persons_label} {$nb_persons_input}{$submit}{$cancel} *}\n			{* If you want to always display the form, even when the user is already registered *}\n\n			{if ( ($event->capacity_per_feu > 1) or ($event->capacity_per_feu eq 0)) AND $registration->nb_persons eq 0}\n				{$nb_persons_label} {$nb_persons_input}\n			{/if}\n\n			{if $registration->nb_persons eq 0}\n				{$submit}\n			{else}\n				{$cancel}\n			{/if}\n\n		{$form_end}\n	{/if}\n{/if}',NULL,NULL),('EventsManager_mapi_pref_dflt_registration_template','Simple',NULL,NULL),('EventsManager_mapi_pref_orig_registrationslist_template','{* Template for the list of registrations of an event *}\n\n{if $registrations|@count}\n	<table style=\"width: 100%\">\n		<thead>\n			<th>ID</th>\n			<th>Registation date</th>\n			<th>Number of persons</th>\n			<th>Username</th>\n		</thead>\n		<tbody>\n			{foreach from=$registrations item=\'registration\'}\n				<tr>\n					<td>{$registration->id}</td>\n					<td>{$registration->modify_datetime|cms_date_format}</td>\n					<td>{$registration->nb_persons}</td>\n					<td>{$registration->user->username}</td>\n				</tr>\n			{/foreach}\n		</tbody>\n	</table>\n{else}\n	<p>No registrations</p>\n{/if}',NULL,NULL),('EventsManager_mapi_pref_dflt_registrationslist_template','Sample',NULL,NULL),('EventsManager_mapi_pref_menuname','',NULL,NULL),('EventsManager_mapi_pref_dflt_detailpage','-1',NULL,NULL),('EventsManager_mapi_pref_dflt_registrationpage','-1',NULL,NULL),('EventsManager_mapi_pref_dflt_feuloginpage','-1',NULL,NULL),('EventsManager_mapi_pref_newregistration_mail_sendtouser','0',NULL,NULL),('EventsManager_mapi_pref_newregistration_mail_sendtoother','0',NULL,NULL),('EventsManager_mapi_pref_newregistration_mail_sendtoother_mails','',NULL,NULL),('EventsManager_mapi_pref_cancelregistration_mail_sendtouser','0',NULL,NULL),('EventsManager_mapi_pref_cancelregistration_mail_sendtoother','0',NULL,NULL),('EventsManager_mapi_pref_cancelregistration_mail_sendtoother_mails','',NULL,NULL),('EventsManager_mapi_pref_newregistration_mail_subject','New registration to the event {$event->name}',NULL,NULL),('EventsManager_mapi_pref_cancelregistration_mail_subject','Registration cancelled for the event {$event->name}',NULL,NULL),('EventsManager_mapi_pref_overquota_behaviour','reg_with_limit',NULL,NULL),('EventsManager_mapi_pref_export_cancelled','1',NULL,NULL),('EventsManager_mapi_pref_showtabs','1',NULL,NULL),('EventsManager_mapi_pref_urlprefix','',NULL,NULL),('EventsManager_mapi_pref_registerurlprefix','',NULL,NULL),('EventsManager_mapi_pref_displayed_feu_properties','',NULL,NULL),('EventsManager_mapi_pref_exportencoding','UTF-8',NULL,NULL),('FrontEndUsers_mapi_pref_expireusers_lastrun','1382642876',NULL,NULL),('FrontEndUsers_mapi_pref_support_lostun','1',NULL,NULL),('FrontEndUsers_mapi_pref_allow_changeusername','0',NULL,NULL),('FrontEndUsers_mapi_pref_support_lostpw','1',NULL,NULL),('FrontEndUsers_mapi_pref_allow_duplicate_reminders','0',NULL,NULL),('FrontEndUsers_mapi_pref_signin_button','Sign in',NULL,NULL),('FrontEndUsers_mapi_pref_secure_field_marker','^^',NULL,NULL),('FrontEndUsers_mapi_pref_secure_field_color','yellow',NULL,NULL),('FrontEndUsers_mapi_pref_pageidforgotpasswd','',NULL,NULL),('FrontEndUsers_mapi_pref_pageid_afterchangesettings','',NULL,NULL),('SelfRegistration_mapi_pref_require_email_confirmation','0',NULL,NULL),('SelfRegistration_mapi_pref_send_emails_to','root@localhost.com',NULL,NULL),('SelfRegistration_mapi_pref_notify_on_registration','0',NULL,NULL),('SelfRegistration_mapi_pref_selfreg_emailconfirm_subject','Registration Confirmation',NULL,NULL),('SelfRegistration_mapi_pref_selfreg_emailuseredited_subject','Your registration info has been modified',NULL,NULL),('SelfRegistration_mapi_pref_selfreg_force_email_twice','0',NULL,NULL),('SelfRegistration_mapi_pref_noregister_groups','',NULL,NULL),('SelfRegistration_mapi_pref_inline_forms','1',NULL,NULL),('SelfRegistration_mapi_pref_selfreg_skip_final_msg','0',NULL,NULL),('SelfRegistration_mapi_pref_enable_whitelist','',NULL,NULL),('SelfRegistration_mapi_pref_whitelist','',NULL,NULL),('SelfRegistration_mapi_pref_whitelist_trigger_message','',NULL,NULL),('SelfRegistration_mapi_pref_reg_additionalgroups','0',NULL,NULL),('SelfRegistration_mapi_pref_allowselectpkg','0',NULL,NULL),('SelfRegistration_mapi_pref_login_afterverify','1',NULL,NULL),('SelfRegistration_mapi_pref_redirect_afterregister','',NULL,NULL),('SelfRegistration_mapi_pref_redirect_afterverify','',NULL,NULL),('FrontEndUsers_mapi_pref_auto_create_unknown','0',NULL,NULL),('FrontEndUsers_mapi_pref_auth_module','__BUILTIN__',NULL,NULL),('FrontEndUsers_mapi_pref_use_randomusername','0',NULL,NULL),('FrontEndUsers_mapi_pref_notification_address','',NULL,NULL),('FrontEndUsers_mapi_pref_feusers_specific_permissions','0',NULL,NULL),('FrontEndUsers_mapi_pref_forcelogout_times','',NULL,NULL),('FrontEndUsers_mapi_pref_forcelogout_sessionage','0',NULL,NULL),('FrontEndUsers_mapi_pref_expireusers_interval','0',NULL,NULL),('FrontEndUsers_mapi_pref_pagetype_groups','2',NULL,NULL),('FrontEndUsers_mapi_pref_pagetype_action','showlogin',NULL,NULL),('FrontEndUsers_mapi_pref_pagetype_redirectto','-1',NULL,NULL);
/*!40000 ALTER TABLE `cms_siteprefs` ENABLE KEYS */;
UNLOCK TABLES;

--
-- Table structure for table `cms_templates`
--

DROP TABLE IF EXISTS `cms_templates`;
/*!40101 SET @saved_cs_client     = @@character_set_client */;
/*!40101 SET character_set_client = utf8 */;
CREATE TABLE `cms_templates` (
  `template_id` int(11) NOT NULL,
  `template_name` varchar(160) DEFAULT NULL,
  `template_content` text,
  `stylesheet` text,
  `encoding` varchar(25) DEFAULT NULL,
  `active` tinyint(4) DEFAULT NULL,
  `default_template` tinyint(4) DEFAULT NULL,
  `create_date` datetime DEFAULT NULL,
  `modified_date` datetime DEFAULT NULL,
  PRIMARY KEY (`template_id`),
  KEY `cms_index_templates_by_template_name` (`template_name`)
) ENGINE=MyISAM DEFAULT CHARSET=utf8;
/*!40101 SET character_set_client = @saved_cs_client */;

--
-- Dumping data for table `cms_templates`
--

LOCK TABLES `cms_templates` WRITE;
/*!40000 ALTER TABLE `cms_templates` DISABLE KEYS */;
INSERT INTO `cms_templates` VALUES (19,'Minimal template','{process_pagedata}\r\n<!DOCTYPE html PUBLIC \"-//W3C//DTD XHTML 1.0 Transitional//EN\"\r\n\"http://www.w3.org/TR/xhtml1/DTD/xhtml1-transitional.dtd\">\r\n\r\n<html xmlns=\"http://www.w3.org/1999/xhtml\" xml:lang=\"en\" lang=\"en\">\r\n{* Change lang=\"en\" to the language of your site *}\r\n\r\n<head>\r\n\r\n<title>{sitename} - {title}</title>\r\n{* The sitename is changed in Site Admin/Global settings. {title} is the name of each page *}\r\n\r\n{metadata}\r\n{* Don\'t remove this! Metadata is entered in Site Admin/Global settings. *}\r\n\r\n{cms_stylesheet}\r\n{* This is how all the stylesheets attached to this template are linked to *}\r\n\r\n</head>\r\n\r\n<body>\r\n\r\n      {* Start Navigation *}\r\n      <div style=\"float: left; width: 25%;\">\r\n         {menu loadprops=0 template=\'minimal_menu.tpl\'}\r\n      </div>\r\n      {* End Navigation *}\r\n\r\n      {* Start Content *}\r\n      <div>\r\n         <h2>{title}</h2>\r\n         {content} \r\n      </div>\r\n      {* End Content *}\r\n\r\n</body>\r\n</html>',NULL,NULL,1,0,'2006-07-25 21:22:33','2013-10-02 17:07:33'),(15,'CSSMenu left + 1 column','{process_pagedata}<!DOCTYPE html PUBLIC \"-//W3C//DTD XHTML 1.0 Transitional//EN\" \"http://www.w3.org/TR/xhtml1/DTD/xhtml1-transitional.dtd\">\n<html xmlns=\"http://www.w3.org/1999/xhtml\" xml:lang=\"en\" lang=\"en\">\n{* Change lang=\"en\" to the language of your site *}\n\n{* note: anything inside these are smarty comments, they will not show up in the page source *}\n  <head>\n    <title>{sitename} - {title}</title>\n{* The sitename is changed in Site Admin/Global settings. {title} is the name of each page *}\n\n {metadata}\n{* Don\'t remove this! Metadata is entered in Site Admin/Global settings. *}\n\n {cms_stylesheet}\n{* This is how all the stylesheets attached to this template are linked to it *}\n\n {cms_selflink dir=\"start\" rellink=1}\n {cms_selflink dir=\"prev\" rellink=1}\n {cms_selflink dir=\"next\" rellink=1}\n{* Relational links for interconnections between pages, good for accessibility and Search Engine Optimization *}\n\n{* the literal below and the /literal at the end are needed whenever there are {\"curly brackets\"} as smarty will think it\'s something to process and will throw an error *}\n {literal}\n<script type=\"text/JavaScript\">\n<!--\n//pass min and max - measured against window width\nfunction P7_MinMaxW(a,b){\nvar nw=\"auto\",w=document.documentElement.clientWidth;\nif(w>=b){nw=b+\"px\";}if(w<=a){nw=a+\"px\";}return nw;\n}\n//-->\n</script>\n    <!--[if lte IE 6]>\n    <style type=\"text/css\">\n    #pagewrapper {width:expression(P7_MinMaxW(720,950));}\n    #container {height: 1%;}\n    </style>\n    <![endif]-->\n    {/literal}\n{* The min and max page width for Internet Explorer is set here. For other browsers it\'s in the stylesheet \"Layout: Top menu + 2 columns\" *}\n\n    <!--[if lte IE 6]>\n    <script type=\"text/javascript\" src=\"modules/MenuManager/CSSMenu.js\"></script>\n    <![endif]--> \n{* The above JavaScript is required for CSSMenu to work in IE *}\n\n  </head>\n  <body>\n    <div id=\"pagewrapper\">\n{* first out side div/box *}\n\n{* start accessibility skip links, anything with the class of accessibility is hidden with CSS from visual browsers *}\n      <ul class=\"accessibility\">\n        <li>{anchor anchor=\'menu_vert\' title=\'Skip to navigation\' accesskey=\'n\' text=\'Skip to navigation\'}</li>\n        <li>{anchor anchor=\'main\' title=\'Skip to content\' accesskey=\'s\' text=\'Skip to content\'}</li>\n      </ul>\n{* end accessibility skip links *}\n\n      <hr class=\"accessibility\" />\n{* anything class=\"accessibility\" is hidden for visual browsers by CSS *}\n\n{* Start Header, with logo image that links to the default start page. Logo image is changed in the stylesheet  \"Layout: Left sidebar + 1 column\" *}\n      <div id=\"header\">\n\n{* this holds the name of the site on the right side *}\n        <h2 class=\"headright\">{sitename}</h2>\n\n{* a link back to home page and the header left image/logo, text is hidden using CSS *}\n        <h1>{cms_selflink dir=\"start\" text=\"$sitename\"}</h1>        \n        <hr class=\"accessibility\" />\n      </div>\n{* End Header *}\n\n{* Start Search, the input \"Submit\" is using an image, CSS: input.search-button *}\n      <div id=\"search\">\n      {search}\n      </div>\n{* End Search *}\n\n{* Start Breadcrumbs *}\n      <div class=\"crbk\">\n{* holds the right image, we need 2 divs to be able to make this site fluid, if it was fixed width we could use one div, one image  *}\n\n        <div class=\"breadcrumbs\">\n        {cms_breadcrumbs root=\'Home\'}\n          <hr class=\"accessibility\" />\n        </div>\n      </div>\n{* End Breadcrumbs *}\n\n{* Start Content (Navigation and Content columns) *}\n      <div id=\"content\">\n\n{* Start Sidebar, 2 divs one for top image one for bottom image *}\n        <div id=\"sidebar\">\n          <div id=\"sidebara\">\n\n{* Start Navigation, stylesheet  \"Navigation: CSSMenu - Vertical\" *}\n            <h2 class=\"accessibility\">Navigation</h2>\n            {menu loadprops=0 template=\'cssmenu.tpl\'}\n            <hr class=\"accessibility\" />\n{* End Navigation *}\n\n{* Start News, stylesheet  \"Module: News\" *}\n            <div id=\"news\">\n              <h2>News</h2>\n              {news number=\'3\' detailpage=\'news\'}\n            </div>\n{* End News *}\n\n          </div>\n        </div>\n{* End Sidebar *}\n\n{* Start Content Area, the back1, back2, back3, hold the 3 outside images, main holds the 4th one, to make the box complete, if the template were fixed width not fluid we could use just 2 divs and 2 images, 1 top 1 bottom *}\n        <div class=\"back1\">\n          <div class=\"back2\">\n            <div class=\"back3\">\n              <div id=\"main\">\n                <div style=\"float: right;\">{print showbutton=true script=true}</div>\n                <h2>{title}</h2>\n                {content}\n                <br />{* to insure space below the content *}\n\n{* Start relational links *}\n{* note this is the right side, when you float: divs you need to have float: right; divs first *}\n            <div class=\"right49\">\n              <p>{anchor anchor=\'main\' text=\'^ Top\'}</p>\n            </div>\n\n            <div class=\"left49\">\n              <p> {cms_selflink dir=\"previous\" label=\"Previous page: \"}\n{* The label parameter doesn\'t need to be there if you\'re using English, but is here to show how it\'s used if you don\'t want the English text \"Previous page\" *}\n              <br />\n              {cms_selflink dir=\"next\"}\n              </p>\n            </div>\n{* End relational links *}\n\n                <hr class=\"accessibility\" />\n                <div class=\"clear\">\n                </div>\n              </div>\n            </div>\n          </div>\n        </div>\n{* End Content Area *}\n\n      </div>\n{* End Content *}\n\n{* Start Footer. Edit the footer in the Global Content Block called \"footer\" *}\n      <div class=\"footback\">\n        <div id=\"footer\">\n{* stylesheet  \"Navigation: FatFootMenu\" *}\n          <div id=\"fooleft\">\n          {menu loadprops=0}\n          </div>\n          <div id=\"footrt\">\n          {global_content name=\'footer\'}\n          </div>\n          <div class=\"clear\"></div>\n        </div>\n      </div>\n{* End Footer *}\n\n    </div>\n{* end pagewrapper *}\n  </body>\n</html>','','',1,0,'2006-07-25 21:22:33','2013-10-02 17:07:33'),(16,'CSSMenu top + 2 columns','{process_pagedata}<!DOCTYPE html PUBLIC \"-//W3C//DTD XHTML 1.0 Transitional//EN\" \"http://www.w3.org/TR/xhtml1/DTD/xhtml1-transitional.dtd\">\r\n<html xmlns=\"http://www.w3.org/1999/xhtml\" xml:lang=\"en\" lang=\"en\">\r\n{* Change lang=\"en\" to the language of your site *}\r\n\r\n{* note: anything inside these are smarty comments, they will not show up in the page source *}\r\n\r\n  <head>\r\n    <title>{sitename} - {title}</title>\r\n{* The sitename is changed in Site Admin/Global settings. {title} is the name of each page *}\r\n\r\n {metadata}\r\n{* Don\'t remove this! Metadata is entered in Site Admin/Global settings. *}\r\n\r\n {cms_stylesheet}\r\n{* This is how all the stylesheets attached to this template are linked to it *}\r\n\r\n {cms_selflink dir=\"start\" rellink=1}\r\n {cms_selflink dir=\"prev\" rellink=1}\r\n {cms_selflink dir=\"next\" rellink=1}\r\n{* Relational links for interconnections between pages, good for accessibility and Search Engine Optimization *}\r\n\r\n{* the literal below and the /literal at the end are needed whenever there are {\"curly brackets\"} as smarty will think it\'s something to process and will throw an error *}\r\n {literal}\r\n<script type=\"text/JavaScript\">\r\n<!--\r\n//pass min and max - measured against window width\r\nfunction P7_MinMaxW(a,b){\r\nvar nw=\"auto\",w=document.documentElement.clientWidth;\r\nif(w>=b){nw=b+\"px\";}if(w<=a){nw=a+\"px\";}return nw;\r\n}\r\n//-->\r\n</script>\r\n    <!--[if lte IE 6]>\r\n    <style type=\"text/css\">\r\n    #pagewrapper {width:expression(P7_MinMaxW(720,950));}\r\n    #container {height: 1%;}\r\n    </style>\r\n    <![endif]-->\r\n    {/literal}\r\n{* The min and max page width for Internet Explorer is set here. For other browsers it\'s in the stylesheet \"Layout: Top menu + 2 columns\" *}\r\n\r\n    <!--[if lte IE 6]>\r\n    <script type=\"text/javascript\" src=\"modules/MenuManager/CSSMenu.js\"></script>\r\n    <![endif]--> \r\n{* The above JavaScript is required for CSSMenu to work in IE *}\r\n  </head>\r\n  <body>\r\n    <div id=\"pagewrapper\">\r\n\r\n{* start accessibility skip links, anything with the class of accessibility is hidden with CSS from visual browsers *}\r\n      <ul class=\"accessibility\">\r\n        <li>{anchor anchor=\'menu_vert\' title=\'Skip to navigation\' accesskey=\'n\' text=\'Skip to navigation\'}</li>\r\n        <li>{anchor anchor=\'main\' title=\'Skip to content\' accesskey=\'s\' text=\'Skip to content\'}</li>\r\n      </ul>\r\n{* end accessibility skip links *}\r\n\r\n      <hr class=\"accessibility\" />\r\n{* Horizontal ruler that is hidden for visual browsers by CSS *}\r\n\r\n{* Start Header, with logo image that links to the default start page. Logo image is changed in the stylesheet  \"Layout: Top menu + 2 columns\" *}\r\n      <div id=\"header\">\r\n\r\n{* this holds the name of the site on the right side *}\r\n        <h2 class=\"headright\">{sitename}</h2>\r\n\r\n{* a link back to home page and the header left image/logo, text is hidden using CSS *}\r\n        <h1>{cms_selflink dir=\"start\" text=\"$sitename\"}</h1>        \r\n        <hr class=\"accessibility\" />\r\n      </div>\r\n{* End Header *}\r\n\r\n{* Start Navigation *}\r\n      <div id=\"menu_vert\">\r\n{* stylesheet  \"Navigation: CSSMenu - Horizontal\" *}\r\n        <h2 class=\"accessibility\">Navigation</h2>\r\n        {menu loadprops=0 template=\'cssmenu.tpl\'}\r\n        <hr class=\"accessibility\" />\r\n      </div>\r\n{* End Navigation *}\r\n\r\n{* Start Search, the input \"Submit\" is using an image, CSS: input.search-button *}\r\n      <div id=\"search\">\r\n      {search}\r\n      </div>\r\n{* End Search *}\r\n\r\n{* Start Breadcrumbs *}\r\n      <div class=\"crbk\">\r\n{* holds the right image, we need 2 divs to be able to make this site fluid, if it was fixed width we could use one div, one image  *}\r\n\r\n        <div class=\"breadcrumbs\">\r\n        {cms_breadcrumbs root=\'Home\'}\r\n          <hr class=\"accessibility\" />\r\n        </div>\r\n      </div>\r\n{* End Breadcrumbs *}\r\n\r\n{* Start Content *}\r\n      <div id=\"content\">\r\n\r\n{* Start Sidebar *}\r\n        <div id=\"sidebar\">\r\n          <div id=\"sidebarb\">\r\n          {content block=\'Sidebar\'}\r\n\r\n{* Start News, stylesheet  \"Module: News\" *}\r\n            <div id=\"news\">\r\n              <h2>News</h2>\r\n              {news number=\'3\' detailpage=\'news\'}\r\n            </div>\r\n{* End News *}\r\n\r\n          </div>\r\n        </div>\r\n{* End Sidebar *}\r\n\r\n{* Start Content Area, the back1, back2, back3, hold the 3 outside images, main holds the 4th one, to make the box complete, if the template were fixed width not fluid we could use just 2 divs and 2 images, 1 top 1 bottom *}\r\n        <div class=\"back1\">\r\n          <div class=\"back2\">\r\n            <div class=\"back3\">\r\n              <div id=\"main\">\r\n                <div style=\"float: right;\">{print showbutton=true script=true}</div>\r\n                <h2>{title}</h2>\r\n                {content}\r\n                <br />{* to insure space below content *}\r\n\r\n{* Start relational links *}\r\n{* note this is the right side, when you float: divs you need to have float: right; divs first *}\r\n            <div class=\"right49\">\r\n              <p>{anchor anchor=\'main\' text=\'^ Top\'}</p>\r\n            </div>\r\n            <div class=\"left49\">\r\n              <p> {cms_selflink dir=\"previous\" label=\"Previous page: \"}\r\n{* The label parameter doesn\'t need to be there if you\'re using English, but is here to show how it\'s used if you don\'t want the English text \"Previous page\" *}\r\n\r\n              <br />\r\n              {cms_selflink dir=\"next\"}\r\n              </p>\r\n            </div>\r\n{* End relational links *}\r\n\r\n                <hr class=\"accessibility\" />\r\n                <div class=\"clear\"></div>\r\n              </div>\r\n            </div>\r\n          </div>\r\n        </div>\r\n{* End Content Area *}\r\n\r\n      </div>\r\n{* End Content *}\r\n\r\n{* Start Footer. Edit the footer in the Global Content Block called \"footer\" *}\r\n      <div class=\"footback\">\r\n        <div id=\"footer\">\r\n{* stylesheet  \"Navigation: FatFootMenu\" *}\r\n          <div id=\"fooleft\">\r\n          {menu loadprops=0}\r\n          </div>\r\n          <div id=\"footrt\">\r\n          {global_content name=\'footer\'}\r\n          </div>\r\n          <div class=\"clear\"></div>\r\n        </div>\r\n      </div>\r\n{* End Footer *}\r\n\r\n    </div>\r\n{* end pagewrapper *}\r\n\r\n  </body>\r\n</html>','','',1,0,'2006-07-25 21:22:33','2013-10-02 17:07:33'),(17,'Left simple navigation + 1 column','{process_pagedata}<!DOCTYPE html PUBLIC \"-//W3C//DTD XHTML 1.0 Transitional//EN\" \"http://www.w3.org/TR/xhtml1/DTD/xhtml1-transitional.dtd\">\n<html xmlns=\"http://www.w3.org/1999/xhtml\" xml:lang=\"en\" lang=\"en\">\n{* Change lang=\"en\" to the language of your site *}\n\n{* note: anything inside these are smarty comments, they will not show up in the page source *}\n\n  <head>\n    <title>{sitename} - {title}</title>\n{* The sitename is changed in Site Admin/Global settings. {title} is the name of each page *}\n\n {metadata}\n{* Don\'t remove this! Metadata is entered in Site Admin/Global settings. *}\n\n {cms_stylesheet}\n{* This is how all the stylesheets attached to this template are linked to it *}\n\n {cms_selflink dir=\"start\" rellink=1}\n {cms_selflink dir=\"prev\" rellink=1}\n {cms_selflink dir=\"next\" rellink=1}\n{* Relational links for interconnections between pages, good for accessibility and Search Engine Optimization *}\n\n{* the literal below and the /literal at the end are needed whenever there are {\"curly brackets\"} as smarty will think it\'s something to process and will throw an error *}\n {literal}\n<script type=\"text/JavaScript\">\n<!--\n//pass min and max - measured against window width\nfunction P7_MinMaxW(a,b){\nvar nw=\"auto\",w=document.documentElement.clientWidth;\nif(w>=b){nw=b+\"px\";}if(w<=a){nw=a+\"px\";}return nw;\n}\n//-->\n</script>\n    <!--[if lte IE 6]>\n    <style type=\"text/css\">\n    #pagewrapper {width:expression(P7_MinMaxW(720,1200));}\n    #container {height: 1%;}\n    </style>\n    <![endif]-->\n    {/literal}\n{* The min and max page width for Internet Explorer is set here. For other browsers it\'s in the stylesheet \"Layout: Left sidebar + 1 column\" *}\n\n  </head>\n  <body>\n    <div id=\"pagewrapper\">\n\n{* start accessibility skip links, anything with the class of accessibility is hidden with CSS from visual browsers *}\n      <ul class=\"accessibility\">\n        <li>{anchor anchor=\'menu_vert\' title=\'Skip to navigation\' accesskey=\'n\' text=\'Skip to navigation\'}</li>\n        <li>{anchor anchor=\'main\' title=\'Skip to content\' accesskey=\'s\' text=\'Skip to content\'}</li>\n      </ul>\n{* end accessibility skip links *}\n\n      <hr class=\"accessibility\" />\n{* anything with class=\"accessibility is hidden for visual browsers by CSS *}\n\n{* Start Header, with logo image that links to the default start page. Logo image is changed in the stylesheet  \"Layout: Left sidebar + 1 column\" *}\n      <div id=\"header\">\n\n{* this holds the name of the site on the right side *}\n        <h2 class=\"headright\">{sitename}</h2>\n\n{* this holds a link back to home page and the header left image/logo, text is hidden using CSS *}\n        <h1>{cms_selflink dir=\"start\" text=\"$sitename\"}</h1> \n       \n        <hr class=\"accessibility\" />\n      </div>\n{* End Header *}\n\n{* Start Search, the input \"Submit\" is using an image, CSS: input.search-button *}\n      <div id=\"search\">\n      {search}\n      </div>\n{* End Search *}\n\n{* Start Breadcrumbs *}\n      <div class=\"crbk\">\n{* holds the right image, we need 2 divs to be able to make this site fluid, if it was fixed width we could use one div, one image  *}\n\n        <div class=\"breadcrumbs\">\n        {cms_breadcrumbs root=\'Home\'}\n          <hr class=\"accessibility\" />\n        </div>\n      </div>\n{* End Breadcrumbs *}\n\n{* Start Content (Navigation and Content columns) *}\n      <div id=\"content\">\n\n{* Start Sidebar, 2 divs one for top image one for bottom image *}\n        <div id=\"sidebar\">\n          <div id=\"sidebara\">\n\n{* Start Navigation, stylesheet  \"Navigation: Simple - Vertical\" *}\n            <div id=\"menu_vert\">\n              <h2 class=\"accessibility\">Navigation</h2>\n              {menu loadprops=0 template=\'simple_navigation.tpl\' collapse=\'1\'}\n            </div>\n{* End Navigation *}\n\n{* Start News, style sheet \"Module: News\" *}\n            <div id=\"news\">\n              <h2>News</h2>\n              {news number=\'3\' detailpage=\'news\'}\n            </div>\n{* End News *}\n\n          </div>\n        </div>\n{* End Sidebar *}\n\n{* Start Content Area *}\n{* again 2 divs to hold top and bottom images, back is set to go to the right side then the main is set to come off the right side *}\n        <div class=\"back\">        \n          <div id=\"main\">\n            <div style=\"float: right;\">{print showbutton=true script=true}</div>\n            <h2>{title}</h2>\n            {content}\n            <br />\n{* this break is just to make sure we get space after the content *}\n\n{* Start relational links *}\n{* note this is the right side, when you float: divs you need to have float: right; divs first *}\n            <div class=\"right49\">\n              <p>{anchor anchor=\'main\' text=\'^ Top\'}</p>\n            </div>\n\n            <div class=\"left49\">\n              <p> {cms_selflink dir=\"previous\" label=\"Previous page: \"}\n{* The label parameter doesn\'t need to be there if you\'re using English, but is here to show how it\'s used if you don\'t want the English text \"Previous page\" *}\n\n              <br />\n              {cms_selflink dir=\"next\"}\n              </p>\n            </div>\n{* End relational links *}\n\n            <hr class=\"accessibility\" />\n          </div>\n        </div>\n{* End Content Area *}\n\n        <div class=\"clear\"></div>\n{* this is to make sure the 2 divs stay tight *}\n\n      </div>\n{* End Content *}\n\n{* Start Footer. Edit the footer in the Global Content Block called \"footer\" *}\n      <div class=\"footback\">\n        <div id=\"footer\">\n{* stylesheet  \"Navigation: FatFootMenu\" *}\n          <div id=\"fooleft\">\n          {menu loadprops=0}\n          </div>\n          <div id=\"footrt\">\n          {global_content name=\'footer\'}\n          </div>\n          <div class=\"clear\"></div>\n        </div>\n      </div>\n{* End Footer *}\n\n    </div>\n{* end pagewrapper *}\n  </body>\n</html>','','',1,0,'2006-07-25 21:22:33','2013-10-02 17:07:33'),(18,'Top simple navigation + left subnavigation + 1 column','{process_pagedata}<!DOCTYPE html PUBLIC \"-//W3C//DTD XHTML 1.0 Transitional//EN\" \"http://www.w3.org/TR/xhtml1/DTD/xhtml1-transitional.dtd\">\n<html xmlns=\"http://www.w3.org/1999/xhtml\" xml:lang=\"en\" lang=\"en\">\n{* Change lang=\"en\" to the language of your site *}\n\n{* note: anything inside these are smarty comments, they will not show up in the page source *}\n\n  <head>\n    <title>{sitename} - {title}</title>\n{* The sitename is changed in Site Admin/Global settings. {title} is the name of each page *}\n\n {metadata}\n{* Don\'t remove this! Metadata is entered in Site Admin/Global settings. *}\n\n {cms_stylesheet}\n{* This is how all the stylesheets attached to this template are linked to it *}\n\n {cms_selflink dir=\"start\" rellink=1}\n {cms_selflink dir=\"prev\" rellink=1}\n {cms_selflink dir=\"next\" rellink=1}\n{* Relational links for interconnections between pages, good for accessibility and Search Engine Optimization *}\n\n{* the literal below and the /literal at the end are needed whenever there are {\"curly brackets\"} as smarty will think it\'s something to process and will throw an error *}\n {literal}\n<script type=\"text/JavaScript\">\n<!--\n//pass min and max - measured against window width\nfunction P7_MinMaxW(a,b){\nvar nw=\"auto\",w=document.documentElement.clientWidth;\nif(w>=b){nw=b+\"px\";}if(w<=a){nw=a+\"px\";}return nw;\n}\n//-->\n</script>\n    <!--[if lte IE 6]>\n    <style type=\"text/css\">\n    #pagewrapper {width:expression(P7_MinMaxW(720,950));}\n    #container {height: 1%;}\n    </style>\n    <![endif]-->\n    {/literal}\n{* The min and max page width for Internet Explorer is set here. For other browsers it\'s in the stylesheet \"Layout: Top menu + 2 columns\" *}\n\n  </head>\n  <body>\n    <div id=\"pagewrapper\">\n\n{* start accessibility skip links, anything with the class of accessibility is hidden with CSS from visual browsers *}\n      <ul class=\"accessibility\">\n        <li>{anchor anchor=\'menu_vert\' title=\'Skip to navigation\' accesskey=\'n\' text=\'Skip to navigation\'}</li>\n        <li>{anchor anchor=\'main\' title=\'Skip to content\' accesskey=\'s\' text=\'Skip to content\'}</li>\n      </ul>\n{* end accessibility skip links *}\n\n      <hr class=\"accessibility\" />\n{* Horizontal ruler that is hidden for visual browsers by CSS *\n}\n{* Start Header, with logo image that links to the default start page. Logo image is changed in the stylesheet  \"Layout: Top menu + 2 columns\" *}\n      <div id=\"header\">\n\n{* this holds the name of the site on the right side *}\n        <h2 class=\"headright\">{sitename}</h2>\n\n{* this holds a link back to home page and the header left image/logo, text is hidden using CSS *}\n        <h1>{cms_selflink dir=\"start\" text=\"$sitename\"}</h1>\n        <hr class=\"accessibility\" />\n      </div>\n{* End Header *}\n\n{* Start Navigation *}\n      <div id=\"menu_horiz\">\n{* stylesheet  \"Navigation: Simple - Horizontal\" *}\n        <h2 class=\"accessibility\">Navigation</h2>\n        {menu loadprops=0 template=\'simple_navigation.tpl\' number_of_levels=\'1\'}\n        <hr class=\"accessibility\" />\n      </div>\n{* End Navigation *}\n{* Start Search, the input \"Submit\" is using an image, CSS: input.search-button *}\n      <div id=\"search\">\n      {search}\n      </div>\n{* End Search *}\n\n{* Start Breadcrumbs *}\n      <div class=\"crbk\">\n{* holds the right image, we need 2 divs to be able to make this site fluid, if it was fixed width we could use one div, one image  *}\n\n        <div class=\"breadcrumbs\">\n        {cms_breadcrumbs root=\'Home\'}\n          <hr class=\"accessibility\" />\n        </div>\n      </div>\n{* End Breadcrumbs *}\n\n{* Start Content (Navigation and Content columns) *}\n      <div id=\"content\">\n\n{* Start Sidebar, 2 divs one for top image one for bottom image *}\n        <div id=\"sidebar\">\n          <div id=\"sidebara\">\n\n{* Start Sub Navigation, stylesheet  \"Navigation: Simple - Vertical\" *}\n            <div id=\"menu_vert\">\n              <h2 class=\"accessibility\">Sub Navigation</h2>\n              {menu loadprops=0 template=\'simple_navigation.tpl\' start_level=\'2\' collapse=\'1\'}\n                <hr class=\"accessibility\" />\n            </div>\n{* End Sub Navigation *}\n\n{* Start News, style sheet \"Module: News\" *}\n            <div id=\"news\">\n              <h2>News</h2>\n              {news number=\'3\' detailpage=\'news\'}\n            </div>\n{* End News *}\n\n          </div>\n        </div>\n{* End Sidebar *}\n\n{* Start Content Area, the back1, back2, back3, hold the 3 outside images, main holds the 4th one, to make the box complete, if the template were fixed width not fluid we could use just 2 divs and 2 images, 1 top 1 bottom *}\n        <div class=\"back1\">\n          <div class=\"back2\">\n            <div class=\"back3\">\n              <div id=\"main\">\n                <div style=\"float: right;\">{print showbutton=true script=true}</div>\n                <h2>{title}</h2>\n                {content}\n                <br />{* to insure space below content *}\n\n{* Start relational links *}\n{* note this is the right side, when you float: divs you need to have float: right; divs first *}\n            <div class=\"right49\">\n              <p>{anchor anchor=\'main\' text=\'^ Top\'}</p>\n            </div>\n            <div class=\"left49\">\n              <p> {cms_selflink dir=\"previous\" label=\"Previous page: \"}\n{* The label parameter doesn\'t need to be there if you\'re using English, but is here to show how it\'s used if you don\'t want the English text \"Previous page\" *}\n\n              <br />\n              {cms_selflink dir=\"next\"}\n              </p>\n            </div>\n{* End relational links *}\n\n                <hr class=\"accessibility\" />\n                <div class=\"clear\"></div>\n              </div>\n            </div>\n          </div>\n        </div>\n{* End Content Area *}\n\n      </div>\n{* End Content *}\n\n{* Start Footer. Edit the footer in the Global Content Block called \"footer\" *}\n      <div class=\"footback\">\n        <div id=\"footer\">\n{* stylesheet  \"Navigation: FatFootMenu\" *}\n          <div id=\"fooleft\">\n          {menu loadprops=0}\n          </div>\n          <div id=\"footrt\">\n          {global_content name=\'footer\'}\n          </div>\n          <div class=\"clear\"></div>\n        </div>\n      </div>\n{* End Footer  *}\n\n    </div>\n{* end pagewrapper *}\n\n  </body>\n</html>','','',1,0,'2006-07-25 21:22:33','2013-10-02 17:07:33'),(20,'ShadowMenu Tab + 2 columns','{process_pagedata}<!DOCTYPE html PUBLIC \"-//W3C//DTD XHTML 1.0 Transitional//EN\" \"http://www.w3.org/TR/xhtml1/DTD/xhtml1-transitional.dtd\">\r\n<html xmlns=\"http://www.w3.org/1999/xhtml\" xml:lang=\"en\" lang=\"en\">\r\n{* Change lang=\"en\" to the language of your site *}\r\n\r\n{* note: anything inside these are smarty comments, they will not show up in the page source *}\r\n\r\n  <head>\r\n    <title>{sitename} - {title}</title>\r\n{* The sitename is changed in Site Admin/Global settings. {title} is the name of each page *}\r\n\r\n {metadata}\r\n{* Don\'t remove this! Metadata is entered in Site Admin/Global settings. *}\r\n\r\n {cms_stylesheet}\r\n{* This is how all the stylesheets attached to this template are linked to it *}\r\n\r\n {cms_selflink dir=\"start\" rellink=1}\r\n {cms_selflink dir=\"prev\" rellink=1}\r\n {cms_selflink dir=\"next\" rellink=1}\r\n{* Relational links for interconnections between pages, good for accessibility and Search Engine Optimization *}\r\n\r\n{* the literal below and the /literal at the end are needed whenever there are {\"curly brackets\"} as smarty will think it\'s something to process and will throw an error *}\r\n {literal}\r\n<script type=\"text/JavaScript\">\r\n<!--\r\n//pass min and max - measured against window width\r\nfunction P7_MinMaxW(a,b){\r\nvar nw=\"auto\",w=document.documentElement.clientWidth;\r\nif(w>=b){nw=b+\"px\";}if(w<=a){nw=a+\"px\";}return nw;\r\n}\r\n//-->\r\n</script>\r\n    <!--[if lte IE 6]>\r\n    <style type=\"text/css\">\r\n    #pagewrapper {width:expression(P7_MinMaxW(720,950));}\r\n    #container {height: 1%;}\r\n    </style>\r\n    <![endif]-->\r\n    {/literal}\r\n{* The min and max page width for Internet Explorer is set here. For other browsers it\'s in the stylesheet \"Layout: Top menu + 2 columns\" *}\r\n\r\n    <!--[if lte IE 6]>\r\n    <script type=\"text/javascript\" src=\"modules/MenuManager/CSSMenu.js\"></script>\r\n    <![endif]--> \r\n{* The above JavaScript is required for CSSMenu to work in IE *}\r\n\r\n  </head>\r\n  <body>\r\n    <div id=\"pagewrapper\">\r\n\r\n{* start accessibility skip links, anything with the class of accessibility is hidden with CSS from visual browsers *}\r\n      <ul class=\"accessibility\">\r\n        <li>{anchor anchor=\'menu_vert\' title=\'Skip to navigation\' accesskey=\'n\' text=\'Skip to navigation\'}</li>\r\n        <li>{anchor anchor=\'main\' title=\'Skip to content\' accesskey=\'s\' text=\'Skip to content\'}</li>\r\n      </ul>\r\n{* end accessibility skip links *}\r\n\r\n      <hr class=\"accessibility\" />\r\n{* Horizontal ruler that is hidden for visual browsers by CSS *}\r\n\r\n{* Start Header, with logo image that links to the default start page. Logo image is changed in the stylesheet  \"Layout: Top menu + 2 columns\" *}\r\n      <div id=\"header\">\r\n\r\n{* this holds the name of the site on the right side *}\r\n        <h2 class=\"headright\">{sitename}</h2>\r\n\r\n{* a link back to home page and the header left image/logo, text is hidden using CSS *}\r\n        <h1>{cms_selflink dir=\"start\" text=\"$sitename\"}</h1>        \r\n        <hr class=\"accessibility\" />\r\n      </div>\r\n{* End Header *}\r\n\r\n{* Start Navigation, stylesheet \"Navigation: ShadowMenu - Horizontal\" *}\r\n      <div id=\"menu_vert\">\r\n        <h2 class=\"accessibility\">Navigation</h2>\r\n        {menu loadprops=0 template=\'cssmenu_ulshadow.tpl\'}\r\n        <hr class=\"accessibility\" />\r\n      </div>\r\n{* End Navigation *}\r\n\r\n{* Start Search, the input \"Submit\" is using an image, CSS: input.search-button *}\r\n      <div id=\"search\">\r\n      {search}\r\n      </div>\r\n{* End Search *}\r\n\r\n{* Start Breadcrumbs *}\r\n      <div class=\"crbk\">\r\n{* holds the right image, we need 2 divs to be able to make this site fluid, if it was fixed width we could use one div, one image  *}\r\n\r\n        <div class=\"breadcrumbs\">\r\n        {cms_breadcrumbs root=\'Home\'}\r\n          <hr class=\"accessibility\" />\r\n        </div>\r\n      </div>\r\n{* End Breadcrumbs *}\r\n\r\n{* Start Content *}\r\n      <div id=\"content\">\r\n\r\n{* Start Sidebar *}\r\n        <div id=\"sidebar\">\r\n          <div id=\"sidebarb\">\r\n          {content block=\'Sidebar\'}\r\n\r\n{* Start News, stylesheet  \"Module: News\" *}\r\n            <div id=\"news\">\r\n              <h2>News</h2>\r\n              {news number=\'3\' detailpage=\'news\'}\r\n            </div>\r\n{* End News *}\r\n\r\n          </div>\r\n        </div>\r\n{* End Sidebar *}\r\n\r\n{* Start Content Area, the back1, back2, back3, hold the 3 outside images, main holds the 4th one, to make the box complete, if the template were fixed width not fluid we could use just 2 divs and 2 images, 1 top 1 bottom *}\r\n        <div class=\"back1\">\r\n          <div class=\"back2\">\r\n            <div class=\"back3\">\r\n              <div id=\"main\">\r\n                <div style=\"float: right;\">{print showbutton=true script=true}</div>\r\n                <h2>{title}</h2>\r\n                {content}\r\n                <br />{* to insure space below content *}\r\n\r\n{* Start relational links *}\r\n{* note this is the right side, when you float: divs you need to have float: right; divs first *}\r\n            <div class=\"right49\">\r\n              <p>{anchor anchor=\'main\' text=\'^ Top\'}</p>\r\n            </div>\r\n            <div class=\"left49\">\r\n              <p> {cms_selflink dir=\"previous\" label=\"Previous page: \"}\r\n{* The label parameter doesn\'t need to be there if you\'re using English, but is here to show how it\'s used if you don\'t want the English text \"Previous page\" *}\r\n\r\n              <br />\r\n              {cms_selflink dir=\"next\"}\r\n              </p>\r\n            </div>\r\n{* End relational links *}\r\n\r\n                <hr class=\"accessibility\" />\r\n                <div class=\"clear\"></div>\r\n              </div>\r\n            </div>\r\n          </div>\r\n        </div>\r\n{* End Content Area *}\r\n\r\n      </div>\r\n{* End Content *}\r\n\r\n{* Start Footer. Edit the footer in the Global Content Block called \"footer\" *}\r\n      <div class=\"footback\">\r\n        <div id=\"footer\">\r\n{* stylesheet  \"Navigation: FatFootMenu\" *}\r\n          <div id=\"fooleft\">\r\n          {menu loadprops=0}\r\n          </div>\r\n          <div id=\"footrt\">\r\n          {global_content name=\'footer\'}\r\n          </div>\r\n          <div class=\"clear\"></div>\r\n        </div>\r\n      </div>\r\n{* End Footer *}\r\n\r\n    </div>\r\n{* end pagewrapper *}\r\n\r\n  </body>\r\n</html>','','',1,0,'2009-05-01 04:30:42','2013-10-02 17:07:33'),(21,'ShadowMenu left + 1 column','{process_pagedata}<!DOCTYPE html PUBLIC \"-//W3C//DTD XHTML 1.0 Transitional//EN\" \"http://www.w3.org/TR/xhtml1/DTD/xhtml1-transitional.dtd\">\n<html xmlns=\"http://www.w3.org/1999/xhtml\" xml:lang=\"en\" lang=\"en\">\n{* Change lang=\"en\" to the language of your site *}\n\n{* note: anything inside these are smarty comments, they will not show up in the page source *}\n\n  <head>\n    <title>{sitename} - {title}</title>\n{* The sitename is changed in Site Admin/Global settings. {title} is the name of each page *}\n\n {metadata}\n{* Don\'t remove this! Metadata is entered in Site Admin/Global settings. *}\n\n {cms_stylesheet}\n{* This is how all the stylesheets attached to this template are linked to it *}\n\n {cms_selflink dir=\"start\" rellink=1}\n {cms_selflink dir=\"prev\" rellink=1}\n {cms_selflink dir=\"next\" rellink=1}\n{* Relational links for interconnections between pages, good for accessibility and Search Engine Optimization *}\n\n{* the literal below and the /literal at the end are needed whenever there are {\"curly brackets\"} as smarty will think it\'s something to process and will throw an error *}\n {literal}\n<script type=\"text/JavaScript\">\n<!--\n//pass min and max - measured against window width\nfunction P7_MinMaxW(a,b){\nvar nw=\"auto\",w=document.documentElement.clientWidth;\nif(w>=b){nw=b+\"px\";}if(w<=a){nw=a+\"px\";}return nw;\n}\n//-->\n</script>\n    <!--[if lte IE 6]>\n    <style type=\"text/css\">\n    #pagewrapper {width:expression(P7_MinMaxW(720,950));}\n    #container {height: 1%;}\n    </style>\n    <![endif]-->\n    {/literal}\n{* The min and max page width for Internet Explorer is set here. For other browsers it\'s in the stylesheet \"Layout: Top menu + 2 columns\" *}\n\n    <!--[if lte IE 6]>\n    <script type=\"text/javascript\" src=\"modules/MenuManager/CSSMenu.js\"></script>\n    <![endif]--> \n{* The above JavaScript is required for CSSMenu to work in IE *}\n\n  </head>\n  <body>\n    <div id=\"pagewrapper\">\n\n{* start accessibility skip links, anything with the class of accessibility is hidden with CSS from visual browsers *}\n      <ul class=\"accessibility\">\n        <li>{anchor anchor=\'menu_vert\' title=\'Skip to navigation\' accesskey=\'n\' text=\'Skip to navigation\'}</li>\n        <li>{anchor anchor=\'main\' title=\'Skip to content\' accesskey=\'s\' text=\'Skip to content\'}</li>\n      </ul>\n{* end accessibility skip links *}\n\n      <hr class=\"accessibility\" />\n{* Horizontal ruler that is hidden for visual browsers by CSS *}\n\n{* Start Header, with logo image that links to the default start page. Logo image is changed in the stylesheet  \"Layout: Left sidebar + 1 column\" *}\n      <div id=\"header\">\n\n{* this holds the name of the site on the right side *}\n        <h2 class=\"headright\">{sitename}</h2>\n\n{* this holds a link back to home page and the header left image/logo, text is hidden using CSS *}\n        <h1>{cms_selflink dir=\"start\" text=\"$sitename\"}</h1>        \n        <hr class=\"accessibility\" />\n      </div>\n{* End Header *}\n\n{* Start Search, the input \"Submit\" is using an image, CSS: input.search-button *}\n      <div id=\"search\">\n      {search}\n      </div>\n{* End Search *}\n\n{* Start Breadcrumbs *}\n      <div class=\"crbk\">\n{* holds the right image, we need 2 divs to be able to make this site fluid, if it was fixed width we could use one div, one image  *}\n\n        <div class=\"breadcrumbs\">\n        {cms_breadcrumbs root=\'Home\'}\n          <hr class=\"accessibility\" />\n        </div>\n      </div>\n{* End Breadcrumbs *}\n\n{* Start Content (Navigation and Content columns) *}\n      <div id=\"content\">\n\n{* Start Sidebar, 2 divs one for top image one for bottom image *}\n        <div id=\"sidebar\">\n          <div id=\"sidebara\">\n\n{* Start Navigation, stylesheet  \"Navigation: ShadowMenu - Vertical\" *}\n            <h2 class=\"accessibility\">Navigation</h2>\n            {menu loadprops=0 template=\'cssmenu_ulshadow.tpl\'}\n            <hr class=\"accessibility\" />\n\n{* Start News, stylesheet  \"Module: News\" *}\n            <div id=\"news\">\n              <h2>News</h2>\n              {news number=\'3\' detailpage=\'news\'}\n            </div>\n{* End News *}\n\n          </div>\n        </div>\n{* End Sidebar *}\n\n{* Start Content Area, the back1, back2, back3, hold the 3 outside images, main holds the 4th one, to make the box complete, if the template were fixed width not fluid we could use just 2 divs and 2 images, 1 top 1 bottom *}\n        <div class=\"back1\">\n          <div class=\"back2\">\n            <div class=\"back3\">\n              <div id=\"main\">\n                <div style=\"float: right;\">{print showbutton=true script=true}</div>\n                <h2>{title}</h2>\n                {content}\n                <br />{* to insure space below content *}\n\n{* Start relational links *}\n{* note this is the right side, when you float: divs you need to have float: right; divs first *}\n            <div class=\"right49\">\n              <p>{anchor anchor=\'main\' text=\'^ Top\'}</p>\n            </div>\n            <div class=\"left49\">\n              <p> {cms_selflink dir=\"previous\" label=\"Previous page: \"}\n{* The label parameter doesn\'t need to be there if you\'re using English, but is here to show how it\'s used if you don\'t want the English text \"Previous page\" *}\n\n              <br />\n              {cms_selflink dir=\"next\"}\n              </p>\n            </div>\n{* End relational links *}\n\n                <hr class=\"accessibility\" />\n                <div class=\"clear\"></div>\n              </div>\n            </div>\n          </div>\n        </div>\n{* End Content Area *}\n\n      </div>\n{* End Content *}\n\n{* Start Footer. Edit the footer in the Global Content Block called \"footer\" *}\n      <div class=\"footback\">\n        <div id=\"footer\">\n{* stylesheet  \"Navigation: FatFootMenu\" *}\n          <div id=\"fooleft\">\n          {menu loadprops=0}\n          </div>\n          <div id=\"footrt\">\n          {global_content name=\'footer\'}\n          </div>\n          <div class=\"clear\"></div>\n        </div>\n      </div>\n{* End Footer *}\n\n    </div>\n{* end pagewrapper *}\n\n  </body>\n</html>','','',1,0,'2009-05-01 23:17:51','2013-10-02 17:07:33'),(22,'NCleanBlue','{process_pagedata}<!DOCTYPE html PUBLIC \"-//W3C//DTD XHTML 1.0 Transitional//EN\"\r\n\"http://www.w3.org/TR/xhtml1/DTD/xhtml1-transitional.dtd\">\r\n<html xmlns=\"http://www.w3.org/1999/xhtml\" xml:lang=\"en\" lang=\"en\">\r\n{* Change lang=\"en\" to the language of your site *}\r\n\r\n{* note: anything inside these are smarty comments, they will not show up in the page source *}\r\n  <head>\r\n{if isset($canonical)}<link rel=\"canonical\" href=\"{$canonical}\" />{elseif isset($content_obj)}<link rel=\"canonical\" href=\"{$content_obj->GetURL()}\" />{/if}\r\n\r\n<title>{title} | {sitename}</title>\r\n{* The sitename is changed in Site Admin/Global settings. {title} is the name of each page *}\r\n\r\n{metadata}\r\n{* Don\'t remove this! Metadata is entered in Site Admin/Global settings. *}\r\n\r\n{cms_stylesheet}\r\n{* This is how all the stylesheets attached to this template are linked to *}\r\n\r\n{cms_selflink dir=\"start\" rellink=1}\r\n{cms_selflink dir=\"prev\" rellink=1}\r\n{cms_selflink dir=\"next\" rellink=1}\r\n{* Relational links for interconnections between pages, good for accessibility and Search Engine Optmization *}\r\n\r\n<!--[if IE 6]>\r\n<script type=\"text/javascript\" src=\"modules/MenuManager/CSSMenu.js\"></script>\r\n<![endif]-->\r\n{* The above JavaScript is required for Menu - NCleanBlue-css to work in IE6 *}\r\n\r\n{* the literal below and the /literal at the end are needed whenever there are {\"curly brackets\"} as smarty will think it\'s something to process and will throw an error *}\r\n{* IE6 png fix *}\r\n{literal}\r\n<!--[if IE 6]>\r\n<script type=\"text/javascript\"  src=\"uploads/NCleanBlue/js/ie6fix.js\"></script>\r\n<script type=\"text/javascript\">\r\n // argument is a CSS selector\r\n DD_belatedPNG.fix(\'.sbar-top,.sbar-bottom,.main-top,.main-bottom,#version\');\r\n</script>\r\n<style type=\"text/css\">\r\n/* enable background image caching in IE6 */\r\nhtml {filter:expression(document.execCommand(\"BackgroundImageCache\", false, true));} \r\n</style>\r\n<![endif]-->\r\n{/literal}\r\n\r\n  </head>\r\n  <body>\r\n    <div id=\"ncleanblue\">\r\n      <div id=\"pagewrapper\" class=\"core-wrap-960 core-center\">\r\n{* start accessibility skip links *}\r\n        <ul class=\"accessibility\">\r\n          <li>{anchor anchor=\'menu_vert\' title=\'Skip to navigation\' accesskey=\'n\' text=\'Skip to navigation\'}</li>\r\n          <li>{anchor anchor=\'main\' title=\'Skip to content\' accesskey=\'s\' text=\'Skip to content\'}</li>\r\n        </ul>\r\n{* end accessibility skip links *}\r\n        <hr class=\"accessibility\" />\r\n{* Horizontal ruler that is hidden for visual browsers by CSS *}\r\n\r\n{* Start Header, with logo image that links to the default start page *}\r\n        <div id=\"header\" class=\"util-clearfix\">\r\n{* logo image that links to the default start page. Logo image is changed in the style sheet  \"Layout: NCleanBlue\" *}\r\n          <div id=\"logo\" class=\"core-float-left\">\r\n            {cms_selflink dir=\"start\" text=\"$sitename\"}\r\n          </div>\r\n          \r\n{* Start Search, the input \"Submit\" is using an image, CSS: div#search input.search-button *}\r\n          <div id=\"search\" class=\"core-float-right\">\r\n            {search search_method=\"post\"}\r\n          </div>\r\n{* End Search *}\r\n          <span class=\"util-clearb\">&nbsp;</span>\r\n          \r\n{* Start Navigation, style sheet  \"Layout: NCleanBlue\", starting at Menu  ROOT *}\r\n          <h2 class=\"accessibility util-clearb\">Navigation</h2>\r\n{* anything class=\"accessibility\" is hidden for visual browsers by CSS *}\r\n          <div class=\"page-menu util-clearfix\">\r\n          {menu loadprops=0 template=\'cssmenu_ulshadow.tpl\'}\r\n          </div>\r\n          <hr class=\"accessibility util-clearb\" />\r\n{* End Navigation *}\r\n\r\n        </div>\r\n{* End Header *}\r\n\r\n{* Start Content (Navigation and Content columns) *}\r\n        <div id=\"content\" class=\"util-clearfix\"> \r\n\r\n{* Start Optional tag CMS Version Information, also is a good example how smarty works, the big star that holds the version number, you may remove it here and the style sheet where it is marked. *}\r\n          <div title=\"CMS - {cms_version} - {cms_versionname}\" id=\"version\">\r\n          {capture assign=\'cms_version\'}{cms_version|lower}{/capture}{\"/-([a-z]).*/\"|preg_replace:\"\":$cms_version}\r\n          </div>\r\n{* End Optional tag  *}\r\n\r\n{* Start Bar *}\r\n          <div id=\"bar\" class=\"util-clearfix\">\r\n{* Start Breadcrumbs, a bit of letting you know where your at *}\r\n            <div class=\"breadcrumbs core-float-right\">\r\n              {cms_breadcrumbs root=\'Home\'}\r\n            </div>\r\n{* End Breadcrumbs *}\r\n\r\n            <hr class=\"accessibility util-clearb\" />\r\n          </div>\r\n{* End Bar *}\r\n\r\n{* Start left side *}\r\n          <div id=\"left\" class=\"core-float-left\">\r\n            <div class=\"sbar-top\">\r\n              <h2 class=\"sbar-title\">News</h2>\r\n            </div>\r\n            <div class=\"sbar-main\">\r\n{* Start News *}\r\n              <div id=\"news\">\r\n              {news number=\'3\' detailpage=\'news\'}\r\n              </div>\r\n              <img class=\"screen\" src=\"uploads/NCleanBlue/screen-1.6.jpg\" width=\"139\" height=\"142\" title=\"CMS - {cms_version} - {cms_versionname}\" alt=\"CMS - {cms_version} - {cms_versionname}\" />\r\n{* End News *} \r\n            </div>\r\n            <span class=\"sbar-bottom\">&nbsp;</span> \r\n          </div>\r\n{* End left side *}\r\n\r\n{* Start Content Area, right side *}\r\n          <div id=\"main\"  class=\"core-float-right\">\r\n\r\n{* main top, holds top image and print image *}\r\n            <div class=\"main-top\">\r\n              <div class=\"print core-float-right\">\r\n                {print showbutton=true}\r\n              </div>\r\n            </div> \r\n            \r\n{* main content *}\r\n            <div class=\"main-main util-clearfix\">\r\n              <h1 class=\"title\">{title}</h1>\r\n            {content}\r\n            </div>\r\n            \r\n{* Start main bottom and relational links *}\r\n            <div class=\"main-bottom\">\r\n              <div class=\"right49 core-float-right\">\r\n              {anchor anchor=\'main\' text=\'^&nbsp;&nbsp;Top\'}\r\n              </div>\r\n              <div class=\"left49 core-float-left\">\r\n                <span>\r\n                  {cms_selflink dir=\"previous\" label=\"Previous page: \"}&nbsp;\r\n{* The label parameter doesn\'t need to be there if you\'re using English, but is here to show how it\'s used if you don\'t want the English text \"Previous page\" *}\r\n                </span>\r\n                <span>\r\n                  {cms_selflink dir=\"next\"}&nbsp;\r\n                </span>\r\n              </div>\r\n{* End relational links *}\r\n\r\n              <hr class=\"accessibility\" />\r\n            </div>\r\n{* End main bottom *}\r\n\r\n          </div>\r\n{* End Content Area, right side *}\r\n\r\n        </div>\r\n{* End Content *}\r\n\r\n      </div>\r\n{* end pagewrapper *}\r\n      <span class=\"util-clearb\">&nbsp;</span>\r\n      \r\n{* Start Footer *}\r\n      <div id=\"footer-wrapper\">\r\n        <div id=\"footer\" class=\"core-wrap-960\">\r\n{* first foot menu *}\r\n          <div class=\"block core-float-left\">\r\n            {menu loadprops=0 template=\'minimal_menu.tpl\'  number_of_levels=\'1\'}\r\n          </div>\r\n          \r\n{* second foot menu if active page has children *}\r\n          <div class=\"block core-float-left\">\r\n            {menu loadprops=0 template=\'minimal_menu.tpl\'  start_level=\"2\"}\r\n          </div>\r\n          \r\n{* edit the footer in the Global Content Block called \"footer\" *}\r\n          <div class=\"block cms core-float-left\">\r\n            {global_content name=\'footer\'}\r\n          </div>\r\n          \r\n          <span class=\"util-clearb\">&nbsp;</span>\r\n        </div>\r\n      </div>\r\n{* End Footer *}\r\n    </div>\r\n{* End Div *}\r\n  </body>\r\n</html>','','',1,0,'2009-05-06 14:20:10','2013-10-02 17:07:33'),(23,'Simplex','{strip}\r\n{process_pagedata}\r\n\r\n{* With cms_lang_info we retrieve current language information, assign gives us $nls variable we can work with *}\r\n{cms_lang_info assign=\'nls\'}\r\n\r\n{* using strip as we don\'t want useless whitespace, especially not before doctype *}\r\n{/strip}<!doctype html>\r\n<html lang=\'{if isset($nls)}{$nls->htmlarea()}{/if}\' dir=\'{if isset($nls)}{$nls->direction()}{/if}\'>\r\n<head>\r\n<meta charset=\'{if isset($nls)}{$nls->encoding()}{/if}\'>\r\n<title>{title} - {sitename}</title>\r\n<meta name=\'viewport\' content=\'initial-scale=1.0 maximum-scale=1.0 user-scalable=no\' />\r\n<meta name=\'HandheldFriendly\' content=\'true\' />\r\n{* Don\'t remove this! Metadata is entered in Site Admin/Global settings. *}\r\n{metadata}\r\n{* See in news detail template how cannonical url can be assigned from module *}\r\n{if isset($canonical)}<link rel=\'canonical\' href=\'{$canonical}\' />{elseif isset($content_obj)}<link rel=\'canonical\' href=\'{$content_obj->GetURL()}\' />{/if}\r\n{* This is how all the stylesheets attached to this template are linked to *}\r\n{cms_stylesheet}\r\n{* using google fonts *}\r\n<link href=\'//fonts.googleapis.com/css?family=Oswald:400,700\' rel=\'stylesheet\' type=\'text/css\'>\r\n{* learning IE lower then Version 9 some html5 *}\r\n<!--[if lt IE 9]>\r\n<script src=\"//html5shiv.googlecode.com/svn/trunk/html5.js\"></script>\r\n<![endif]-->\r\n{* Relational links for interconnections between pages, good for accessibility and Search Engine Optmization *}\r\n{cms_selflink dir=\'start\' rellink=\'1\'}\r\n{cms_selflink dir=\'prev\' rellink=\'1\'}\r\n{cms_selflink dir=\'next\' rellink=\'1\'}\r\n</head>\r\n<body id=\'boxed\'>\r\n<!-- #wrapper (wrapping content in a box) -->\r\n<div class=\'container centered\' id=\'wrapper\'>\r\n    <!-- accessibility links, jump to nav or content -->\r\n    <ul class=\"visuallyhidden\">\r\n        <li>{anchor anchor=\'nav\' title=\'Skip to navigation\' accesskey=\'n\' text=\'Skip to navigation\'}</li>\r\n        <li>{anchor anchor=\'main\' title=\'Skip to content\' accesskey=\'s\' text=\'Skip to content\'}</li>\r\n    </ul>\r\n    <!-- accessibility //-->\r\n    <!-- .top (top section of page containing logo, navigation search...) -->\r\n    <header class=\'top\'>\r\n        <div class=\'row header\'>\r\n            <!-- .logo (cmsms logo on the left side) -->\r\n            <div class=\'logo grid_4\'>\r\n                <a href=\'{root_url}\' title=\'{sitename}\'>\r\n                    <img src=\'{uploads_url}/simplex/images/cmsmadesimple-logo.png\' width=\'227\' height=\'59\' alt=\'{sitename}\' />\r\n                    <span class=\'palm\'></span>\r\n                </a>\r\n            </div>\r\n            <!-- .logo //-->\r\n            <!-- .main-navigation (main navigation on the right side) -->\r\n            <nav class=\'main-navigation grid_8 noprint\' id=\'nav\' role=\'navigation\'>\r\n                {menu template=\'Simplex_Navigation.tpl\'}\r\n            </nav>\r\n            <!-- .main-navigation //-->\r\n        </div>\r\n        <!-- .header-bottom (bottom part of header containing catchphrase and search field) -->\r\n        <div class=\'row header-bottom\'>\r\n            <section class=\'phrase\'>\r\n                <span class=\'grid_7\'>Content Management System the way it was meant to be.</span>\r\n                {strip}\r\n                {search assign=\'is_search\'}{* assigned search module tag, now we can build different search template for this site template and have fun with html5, Read http://www.w3.org/TR/html-markup/input.search.html for full attirbute specs *}\r\n                {if isset($is_search)}\r\n                <div class=\'grid_5 search noprint\' role=\'search\'>\r\n                        {$startform}\r\n                        <label for=\'{$search_actionid}searchinput\' class=\'visuallyhidden\'>{$searchprompt}:</label>\r\n                            <input type=\'search\' class=\'search-input\' id=\'{$search_actionid}searchinput\' name=\'{$search_actionid}searchinput\' size=\'20\' maxlength=\'50\' value=\'\' placeholder=\'{$searchtext}\' />\r\n                            {if isset($hidden)}{$hidden}{/if}\r\n                        {$endform}\r\n                </div>\r\n                {/if}{/strip}\r\n            </section>\r\n        </div>\r\n        <div class=\'clear\'></div>\r\n        <!-- .header-bottom //-->\r\n        <!-- .banner (banner area for a slider or teaser image) -->\r\n        <section class=\'banner row noprint\' role=\'banner\'>\r\n            <div class=\'banner-text\'>\r\n                <ul>\r\n                    <li>Flexible</li>\r\n                    <li>Powerful</li>\r\n                    <li>Secure</li>\r\n                    <li>Robust</li>\r\n                </ul>\r\n            </div>\r\n            <div class=\'banner-image cf\'>\r\n            {strip}\r\n                {* you do not need a module for every simple site functionality. For example you can build a simple slideshow\r\n                with php glob function (http://www.php.net/manual/en/function.glob.php) without wasting your system resources \r\n                by using modules or plugins.\r\n                Below would search for files matching .jpg in folder named teaser in simplex theme folder *}\r\n                {assign var=\'teaser\' value=\'uploads/simplex/teaser/*.jpg\'|glob}\r\n                    {foreach from=$teaser item=\'one\'}\r\n                        <div><img src=\'{root_url}/{$one}\' width=\'852\' height=\'275\' alt=\'\' /></div>\r\n                    {/foreach}\r\n            {/strip}\r\n            </div>\r\n        </section>\r\n        <!-- .banner //-->\r\n    </header>\r\n    <!-- .top //-->\r\n    <!-- .content-wrapper (wrapping div for content area) -->\r\n    <div class=\'content-wrapper cf\'>\r\n        <!-- .content (display content first) -->\r\n        <div class=\'content-inner grid_8 push_4\'>\r\n            <!-- .content-top (breadcrumbs and print button) -->\r\n            <div class=\'content-top cf\' itemscope itemtype=\'http://data-vocabulary.org/Breadcrumb\'>            \r\n                {* menu manager has action breadcrumbs since 1.11, you can use {cms_breadcrumbs} tag or {menu action=\'breadcrumbs\'} as below *}\r\n                {menu action=\'breadcrumbs\'}                \r\n                {* print tag from CMSPrinting Module *}\r\n                {print showbutton=\'false\' class=\'printbutton noprint\'}                \r\n            </div>\r\n            <!-- .content-top //-->\r\n            <!-- .content (actual content with title and content tags) -->\r\n            <article class=\'content\' id=\'main\' role=\'main\'>\r\n                <h1>{title}</h1> {* title tag *}\r\n                    {content} {* content entered in page editor area *}\r\n            </article>\r\n            <!-- .content //-->\r\n        </div>\r\n        <!-- .content-inner //-->\r\n        <!-- .sidebar (then show sidebar) -->\r\n        <aside class=\'sidebar grid_4 pull_8\'>\r\n            {* sample of using News Module tag for summary of latest two articles *}\r\n            {news summarytemplate=\'Summary_Simplex\' number=\'2\' detailpage=\'news\' detailtemplate=\'Simplex_Detail\'}\r\n        </aside>\r\n        <!-- .sidebar //-->\r\n        <div class=\'cf grid_8 prefix_4\'>\r\n            <span class=\'previous\'>{cms_selflink dir=\'previous\'}</span>\r\n            <span class=\'next\'>{cms_selflink dir=\'next\'}</span>\r\n        </div>\r\n    </div>\r\n    <!-- .content-wrapper //-->\r\n    <!-- .footer (footer area) -->\r\n    <footer class=\'row footer\'>\r\n        <span class=\'back-top\'>{anchor anchor=\'main\' text=\'&uarr;\'}</span>\r\n        <section class=\'grid_4 copyright\'>\r\n            <ul class=\'social cf\'>\r\n                <li class=\'twitter\'><a title=\'Twitter\' href=\'http://twitter.com/#!/cmsms\'>Twitter</a></li>\r\n                <li class=\'facebook\'><a title=\'Facebook\' href=\'https://www.facebook.com/cmsmadesimple\'>Facebook</a></li>\r\n                <li class=\'linkedin\'><a title=\'LinkedIn\' href=\'http://www.linkedin.com/groups?gid=1139537\'>LinkedIn</a></li>\r\n                <li class=\'youtube\'><a title=\'YouTube\' href=\'http://www.youtube.com/user/cmsmadesimple\'>YouTube</a></li>\r\n            </ul>\r\n            {global_content name=\'footer\'}\r\n        </section>\r\n        <section class=\'grid_8 noprint\'>\r\n            <nav class=\'footer-navigation row\'>\r\n                {menu template=\'Simplex_Navigation.tpl\' excludeprefix=\'home\' number_of_levels=\'2\' loadprops=\'0\'}\r\n            </nav>\r\n        </section> \r\n    </footer>\r\n    <div class=\'clear\'></div>\r\n</div>\r\n<!-- #wrapper //--> \r\n{cms_jquery exclude=\'jquery-ui.min.js,jquery.ui.nestedSortable.js,jquery.json.min.js\' append=\'uploads/simplex/js/functions.min.js\'}\r\n</body>\r\n</html>','','',1,0,'2012-04-23 13:36:19','2013-10-02 17:07:33'),(24,'IAState_Crop_Bio_Engeering','{process_pagedata}\r\n<!DOCTYPE html PUBLIC \"-//W3C//DTD XHTML 1.0 Transitional//EN\"\r\n\"http://www.w3.org/TR/xhtml1/DTD/xhtml1-transitional.dtd\">\r\n\r\n<html xmlns=\"http://www.w3.org/1999/xhtml\" xml:lang=\"en\" lang=\"en\">\r\n{* Change lang=\"en\" to the language of your site *}\r\n\r\n<head>\r\n\r\n<title>{sitename} - {title}</title>\r\n{* The sitename is changed in Site Admin/Global settings. {title} is the name of each page *}\r\n\r\n{metadata}\r\n{* Don\'t remove this! Metadata is entered in Site Admin/Global settings. *}\r\n\r\n{cms_stylesheet}\r\n{* This is how all the stylesheets attached to this template are linked to *}\r\n<link href=\"/uploads/images/favicon.ico\" rel=\"Shortcut Icon\" />\r\n</head>\r\n   <body>\r\n      <div class=\"hwrapper\" id=\"header\">\r\n         <div id=\"top-strip\">\r\n            <div class=\"grids-24\">\r\n               <div class=\"grid-8\">\r\n                  <ul class=\"left\">\r\n                     <li><a href=\"http://cymail.iastate.edu/\">CyMail</a></li>\r\n                     <li><a href=\"http://exchange.iastate.edu/\">Outlook</a></li>\r\n                     <li><a href=\"http://bb.its.iastate.edu/\">Blackboard</a></li>\r\n                     <li><a href=\"http://accessplus.iastate.edu/\">AccessPlus</a></li>\r\n                  </ul>\r\n               </div>\r\n               <div class=\"grid-16\">\r\n                  <ul class=\"right\">\r\n                     <li class=\"idx\"><a href=\"http://www.iastate.edu/index/A/\">A</a></li><li class=\"idx\"><a href=\"http://www.iastate.edu/index/B/\">B</a></li><li class=\"idx\"><a href=\"http://www.iastate.edu/index/C/\">C</a></li><li class=\"idx\"><a href=\"http://www.iastate.edu/index/D/\">D</a></li><li class=\"idx\"><a href=\"http://www.iastate.edu/index/E/\">E</a></li><li class=\"idx\"><a href=\"http://www.iastate.edu/index/F/\">F</a></li><li class=\"idx\"><a href=\"http://www.iastate.edu/index/G/\">G</a></li><li class=\"idx\"><a href=\"http://www.iastate.edu/index/H/\">H</a></li><li class=\"idx\"><a href=\"http://www.iastate.edu/index/I/\">I</a></li><li class=\"idx\"><a href=\"http://www.iastate.edu/index/J/\">J</a></li><li class=\"idx\"><a href=\"http://www.iastate.edu/index/K/\">K</a></li><li class=\"idx\"><a href=\"http://www.iastate.edu/index/L/\">L</a></li><li class=\"idx\"><a href=\"http://www.iastate.edu/index/M/\">M</a></li><li class=\"idx\"><a href=\"http://www.iastate.edu/index/N/\">N</a></li><li class=\"idx\"><a href=\"http://www.iastate.edu/index/O/\">O</a></li><li class=\"idx\"><a href=\"http://www.iastate.edu/index/P/\">P</a></li><li class=\"idx\"><a href=\"http://www.iastate.edu/index/Q/\">Q</a></li><li class=\"idx\"><a href=\"http://www.iastate.edu/index/R/\">R</a></li><li class=\"idx\"><a href=\"http://www.iastate.edu/index/S/\">S</a></li><li class=\"idx\"><a href=\"http://www.iastate.edu/index/T/\">T</a></li><li class=\"idx\"><a href=\"http://www.iastate.edu/index/U/\">U</a></li><li class=\"idx\"><a href=\"http://www.iastate.edu/index/V/\">V</a></li><li class=\"idx\"><a href=\"http://www.iastate.edu/index/W/\">W</a></li><li class=\"idx\"><a href=\"http://www.iastate.edu/index/X/\">X</a></li><li class=\"idx\"><a href=\"http://www.iastate.edu/index/Y/\">Y</a></li><li class=\"idx\"><a href=\"http://www.iastate.edu/index/Z/\">Z</a></li>\r\n                     <li class=\"border first\"><a href=\"http://info.iastate.edu/\">Directory</a></li>\r\n                     <li class=\"border\"><a href=\"http://www.fpm.iastate.edu/maps/\">Maps</a></li>\r\n                     <li class=\"border last\"><a href=\"http://www.iastate.edu/contact/\">Contact Us</a></li>\r\n                  </ul>\r\n               </div>\r\n            </div>\r\n         </div>\r\n         <div id=\"ribbon\">\r\n            <div class=\"grids-24\">\r\n               <div class=\"grid-8\">\r\n                  <h1 class=\"nameplate\">\r\n                     <a accesskey=\"1\" href=\"/\">\r\n                        <img alt=\"Iowa State University\" src=\"/uploads/images/phplogo.png\">\r\n                     </a>\r\n                  </h1>\r\n               </div>\r\n               <div class=\"grid-8\">\r\n                  <div class=\"description\">\r\n                      <p>A Presidential Initiative for Interdisciplinary Research</p>\r\n                  </div>\r\n               </div>\r\n               <div class=\"grid-8\">\r\n                  {*{search search_method=\"post\"}*}\r\n                  <form action=\"http://google.iastate.edu/search\" method=\"GET\">\r\n                      <input name=\"output\" value=\"xml_no_dtd\" type=\"hidden\">\r\n                      <input name=\"client\" value=\"default_frontend\" type=\"hidden\">\r\n                      <input name=\"sitesearch\" value=\"\" type=\"hidden\">\r\n                      <input name=\"proxystylesheet\" value=\"default_frontend\" type=\"hidden\">\r\n                      <input class=\"search-input\"accesskey=\"s\" name=\"q\" placeholder=\"Search\" tabindex=\"1\" title=\"Search\" type=\"text\">\r\n                      <input class=\"search-button\" name=\"btnG\" title=\"Submit\" value=\"\" type=\"submit\">\r\n                  </form>\r\n               </div>\r\n            </div>\r\n            <div class=\"grids-24\" id=\"main-nav\">\r\n               <div class=\"grid-24\">\r\n                 {* Start Navigation *}\r\n                     {menu template=\"IAStateMenu\"}\r\n                 {* End Navigation *}\r\n               </div>\r\n            </div>\r\n            <div class=\"clear\"></div>\r\n         </div>\r\n      </div>\r\n\r\n      {*<div style=\"float: left; width: 25%;\">\r\n         {menu loadprops=0 template=\'minimal_menu.tpl\'}\r\n      </div>*}\r\n\r\n      <div id=\"container\">\r\n      <div class=\"grids-24\">\r\n         <div class=\"grid-24\">\r\n            <div id=\"content\">\r\n               {* Start Content *}\r\n               {content}\r\n               {* End Content *}\r\n            </div>\r\n         </div>\r\n      </div>\r\n      </div>\r\n      <div class=\"fwrapper\">\r\n         <div id=\"footer\" class=\"grids-24\">\r\n             <div id=\"footer-nav\" class=\"grid-16\">\r\n                 {menu template=\"IAStateFooterMenu\"}\r\n             </div>\r\n             <div class=\"grid-8\">\r\n                 <div id=\"wiki-link\">\r\n                     Crop Bioengineering Consortium\r\n                     <a href=\"http://wiki.cropbioengineeringconsortium.org/\" target=\"_blank\">WIKI</a>\r\n                 </div>\r\n             </div>\r\n         </div>\r\n      </div>\r\n   </body>\r\n</html>','','',1,1,'2013-10-02 17:07:22','2013-10-23 16:39:52');
/*!40000 ALTER TABLE `cms_templates` ENABLE KEYS */;
UNLOCK TABLES;

--
-- Table structure for table `cms_templates_seq`
--

DROP TABLE IF EXISTS `cms_templates_seq`;
/*!40101 SET @saved_cs_client     = @@character_set_client */;
/*!40101 SET character_set_client = utf8 */;
CREATE TABLE `cms_templates_seq` (
  `id` int(11) NOT NULL
) ENGINE=MyISAM DEFAULT CHARSET=utf8;
/*!40101 SET character_set_client = @saved_cs_client */;

--
-- Dumping data for table `cms_templates_seq`
--

LOCK TABLES `cms_templates_seq` WRITE;
/*!40000 ALTER TABLE `cms_templates_seq` DISABLE KEYS */;
INSERT INTO `cms_templates_seq` VALUES (24);
/*!40000 ALTER TABLE `cms_templates_seq` ENABLE KEYS */;
UNLOCK TABLES;

--
-- Table structure for table `cms_user_groups`
--

DROP TABLE IF EXISTS `cms_user_groups`;
/*!40101 SET @saved_cs_client     = @@character_set_client */;
/*!40101 SET character_set_client = utf8 */;
CREATE TABLE `cms_user_groups` (
  `group_id` int(11) DEFAULT NULL,
  `user_id` int(11) DEFAULT NULL,
  `create_date` datetime DEFAULT NULL,
  `modified_date` datetime DEFAULT NULL
) ENGINE=MyISAM DEFAULT CHARSET=utf8;
/*!40101 SET character_set_client = @saved_cs_client */;

--
-- Dumping data for table `cms_user_groups`
--

LOCK TABLES `cms_user_groups` WRITE;
/*!40000 ALTER TABLE `cms_user_groups` DISABLE KEYS */;
INSERT INTO `cms_user_groups` VALUES (1,1,'2006-07-25 21:22:33','2006-07-25 21:22:33');
/*!40000 ALTER TABLE `cms_user_groups` ENABLE KEYS */;
UNLOCK TABLES;

--
-- Table structure for table `cms_userplugins`
--

DROP TABLE IF EXISTS `cms_userplugins`;
/*!40101 SET @saved_cs_client     = @@character_set_client */;
/*!40101 SET character_set_client = utf8 */;
CREATE TABLE `cms_userplugins` (
  `userplugin_id` int(11) NOT NULL,
  `userplugin_name` varchar(255) DEFAULT NULL,
  `code` text,
  `description` text,
  `create_date` datetime DEFAULT NULL,
  `modified_date` datetime DEFAULT NULL,
  PRIMARY KEY (`userplugin_id`)
) ENGINE=MyISAM DEFAULT CHARSET=utf8;
/*!40101 SET character_set_client = @saved_cs_client */;

--
-- Dumping data for table `cms_userplugins`
--

LOCK TABLES `cms_userplugins` WRITE;
/*!40000 ALTER TABLE `cms_userplugins` DISABLE KEYS */;
INSERT INTO `cms_userplugins` VALUES (1,'user_agent','//Code to show the user\'s user agent information.\r\necho $_SERVER[\"HTTP_USER_AGENT\"];','Code to show the users user agent information','2006-07-25 21:22:33','2006-07-25 21:22:33'),(2,'custom_copyright','//set start to date your site was published\r\n$startCopyRight=\'2004\';\r\n\r\n// check if start year is this year\r\nif(date(\'Y\') == $startCopyRight){\r\n// it was, just print this year\r\n    echo $startCopyRight;\r\n}else{\r\n// it wasnt, print startyear and this year delimited with a dash\r\n    echo $startCopyRight.\'-\'. date(\'Y\');\r\n}','Code to output copyright information','2006-07-25 21:22:33','2006-07-25 21:22:33'),(4,'FEULoginAndReturn','global $gCms;\r\n\r\n$FEU = $gCms->GetModuleInstance(\'FrontEndUsers\');\r\n\r\nif (!isset($params[\'linkonly\'])) {\r\n    echo \"<p>\";\r\n}\r\nif (!$FEU->loggedIn()) {\r\n   echo \"<a href=\\\"/event-login.html?url=$_SERVER[REQUEST_URI]\\\" title=\\\"Sign in\\\">{$FEU->Lang(\'login\')}</a>\";\r\n}\r\nif (!isset($params[\'linkonly\'])) {\r\n    echo \"</p>\";\r\n}','','2013-10-24 12:23:58','2013-10-24 12:48:25'),(5,'event_back_link','$contentobj = cms_utils::get_current_content(); \r\n$alias = $contentobj->Alias();\r\n\r\necho \"<br/><a href=\\\"$alias.html\\\">back</a>\";','','2013-10-24 13:03:26','2013-10-24 13:33:16');
/*!40000 ALTER TABLE `cms_userplugins` ENABLE KEYS */;
UNLOCK TABLES;

--
-- Table structure for table `cms_userplugins_seq`
--

DROP TABLE IF EXISTS `cms_userplugins_seq`;
/*!40101 SET @saved_cs_client     = @@character_set_client */;
/*!40101 SET character_set_client = utf8 */;
CREATE TABLE `cms_userplugins_seq` (
  `id` int(11) NOT NULL
) ENGINE=MyISAM DEFAULT CHARSET=utf8;
/*!40101 SET character_set_client = @saved_cs_client */;

--
-- Dumping data for table `cms_userplugins_seq`
--

LOCK TABLES `cms_userplugins_seq` WRITE;
/*!40000 ALTER TABLE `cms_userplugins_seq` DISABLE KEYS */;
INSERT INTO `cms_userplugins_seq` VALUES (5);
/*!40000 ALTER TABLE `cms_userplugins_seq` ENABLE KEYS */;
UNLOCK TABLES;

--
-- Table structure for table `cms_userprefs`
--

DROP TABLE IF EXISTS `cms_userprefs`;
/*!40101 SET @saved_cs_client     = @@character_set_client */;
/*!40101 SET character_set_client = utf8 */;
CREATE TABLE `cms_userprefs` (
  `user_id` int(11) NOT NULL,
  `preference` varchar(50) NOT NULL,
  `value` text,
  `type` varchar(25) DEFAULT NULL,
  PRIMARY KEY (`user_id`,`preference`),
  KEY `cms_index_userprefs_by_user_id` (`user_id`)
) ENGINE=MyISAM DEFAULT CHARSET=utf8;
/*!40101 SET character_set_client = @saved_cs_client */;

--
-- Dumping data for table `cms_userprefs`
--

LOCK TABLES `cms_userprefs` WRITE;
/*!40000 ALTER TABLE `cms_userprefs` DISABLE KEYS */;
INSERT INTO `cms_userprefs` VALUES (1,'use_wysiwyg','1',NULL),(1,'default_cms_language','',NULL),(1,'date_format_string','%x %X',NULL),(1,'admintheme','OneEleven',NULL),(1,'bookmarks','1',NULL),(1,'recent','on',NULL),(1,'indent','1',NULL),(1,'ajax','0',NULL),(1,'paging','0',NULL),(1,'hide_help_links','0',NULL),(1,'wysiwyg','TinyMCE',NULL),(1,'filemanager_cwd','uploads/images',NULL),(1,'collapse','0=1.58=1.',NULL),(1,'gcb_wysiwyg','1',NULL),(1,'syntaxhighlighter','-1',NULL),(1,'enablenotifications','1',NULL),(1,'default_parent','-1',NULL),(1,'homepage','',NULL),(1,'listtemplates_pagelimit','20',NULL),(1,'liststylesheets_pagelimit','20',NULL),(1,'listgcbs_pagelimit','20',NULL),(1,'ignoredmodules','',NULL);
/*!40000 ALTER TABLE `cms_userprefs` ENABLE KEYS */;
UNLOCK TABLES;

--
-- Table structure for table `cms_users`
--

DROP TABLE IF EXISTS `cms_users`;
/*!40101 SET @saved_cs_client     = @@character_set_client */;
/*!40101 SET character_set_client = utf8 */;
CREATE TABLE `cms_users` (
  `user_id` int(11) NOT NULL,
  `username` varchar(25) DEFAULT NULL,
  `password` varchar(40) DEFAULT NULL,
  `admin_access` tinyint(4) DEFAULT NULL,
  `first_name` varchar(50) DEFAULT NULL,
  `last_name` varchar(50) DEFAULT NULL,
  `email` varchar(255) DEFAULT NULL,
  `active` tinyint(4) DEFAULT NULL,
  `create_date` datetime DEFAULT NULL,
  `modified_date` datetime DEFAULT NULL,
  PRIMARY KEY (`user_id`)
) ENGINE=MyISAM DEFAULT CHARSET=utf8;
/*!40101 SET character_set_client = @saved_cs_client */;

--
-- Dumping data for table `cms_users`
--

LOCK TABLES `cms_users` WRITE;
/*!40000 ALTER TABLE `cms_users` DISABLE KEYS */;
INSERT INTO `cms_users` VALUES (1,'admin','0cef1fb10f60529028a71f58e54ed07b',1,'Admin','Saltech','developers@saltechsystems.com',1,'2006-07-25 21:22:33','2013-10-02 17:23:44');
/*!40000 ALTER TABLE `cms_users` ENABLE KEYS */;
UNLOCK TABLES;

--
-- Table structure for table `cms_users_seq`
--

DROP TABLE IF EXISTS `cms_users_seq`;
/*!40101 SET @saved_cs_client     = @@character_set_client */;
/*!40101 SET character_set_client = utf8 */;
CREATE TABLE `cms_users_seq` (
  `id` int(11) NOT NULL
) ENGINE=MyISAM DEFAULT CHARSET=utf8;
/*!40101 SET character_set_client = @saved_cs_client */;

--
-- Dumping data for table `cms_users_seq`
--

LOCK TABLES `cms_users_seq` WRITE;
/*!40000 ALTER TABLE `cms_users_seq` DISABLE KEYS */;
INSERT INTO `cms_users_seq` VALUES (1);
/*!40000 ALTER TABLE `cms_users_seq` ENABLE KEYS */;
UNLOCK TABLES;

--
-- Table structure for table `cms_version`
--

DROP TABLE IF EXISTS `cms_version`;
/*!40101 SET @saved_cs_client     = @@character_set_client */;
/*!40101 SET character_set_client = utf8 */;
CREATE TABLE `cms_version` (
  `version` int(11) DEFAULT NULL
) ENGINE=MyISAM DEFAULT CHARSET=utf8;
/*!40101 SET character_set_client = @saved_cs_client */;

--
-- Dumping data for table `cms_version`
--

LOCK TABLES `cms_version` WRITE;
/*!40000 ALTER TABLE `cms_version` DISABLE KEYS */;
INSERT INTO `cms_version` VALUES (37);
/*!40000 ALTER TABLE `cms_version` ENABLE KEYS */;
UNLOCK TABLES;

--
-- Dumping routines for database 'cms'
--
/*!40103 SET TIME_ZONE=@OLD_TIME_ZONE */;

/*!40101 SET SQL_MODE=@OLD_SQL_MODE */;
/*!40014 SET FOREIGN_KEY_CHECKS=@OLD_FOREIGN_KEY_CHECKS */;
/*!40014 SET UNIQUE_CHECKS=@OLD_UNIQUE_CHECKS */;
/*!40101 SET CHARACTER_SET_CLIENT=@OLD_CHARACTER_SET_CLIENT */;
/*!40101 SET CHARACTER_SET_RESULTS=@OLD_CHARACTER_SET_RESULTS */;
/*!40101 SET COLLATION_CONNECTION=@OLD_COLLATION_CONNECTION */;
/*!40111 SET SQL_NOTES=@OLD_SQL_NOTES */;

-- Dump completed on 2013-10-24 15:39:20
